code,publication_date
43007,2014-05-12 00:00:00.000000000
26021,2014-05-12 00:00:00.000000000
64100,2014-05-12 00:00:00.000000000
26035,2014-05-12 00:00:00.000000000
29013,2014-05-12 00:00:00.000000000
26065,2014-05-12 00:00:00.000000000
16097,2014-05-12 00:00:00.000000000
61120,2014-05-12 00:00:00.000000000
26128,2014-05-12 00:00:00.000000000
26137,2014-05-12 00:00:00.000000000
26144,2014-05-12 00:00:00.000000000
51231,2014-05-12 00:00:00.000000000
04062,2014-05-12 00:00:00.000000000
26277,2014-05-12 00:00:00.000000000
26020,2014-05-12 00:00:00.000000000
04102,2014-05-12 00:00:00.000000000
26165,2014-05-12 00:00:00.000000000
26166,2014-05-12 00:00:00.000000000
12144,2014-05-12 00:00:00.000000000
26185,2014-05-12 00:00:00.000000000
26195,2014-05-12 00:00:00.000000000
26200,2014-05-12 00:00:00.000000000
61263,2014-05-12 00:00:00.000000000
04161,2014-05-12 00:00:00.000000000
26240,2014-05-12 00:00:00.000000000
77373,2014-05-12 00:00:00.000000000
40164,2014-05-12 00:00:00.000000000
26285,2014-05-12 00:00:00.000000000
61371,2014-05-12 00:00:00.000000000
19210,2014-05-12 00:00:00.000000000
26216,2014-05-12 00:00:00.000000000
43203,2014-05-12 00:00:00.000000000
61442,2014-05-12 00:00:00.000000000
04193,2014-05-12 00:00:00.000000000
51509,2014-05-12 00:00:00.000000000
26336,2014-05-12 00:00:00.000000000
57017,2014-09-30 00:00:00.000000000
57031,2014-09-30 00:00:00.000000000
57032,2014-09-30 00:00:00.000000000
57140,2014-09-30 00:00:00.000000000
57142,2014-09-30 00:00:00.000000000
57134,2014-09-30 00:00:00.000000000
57146,2014-09-30 00:00:00.000000000
57147,2014-09-30 00:00:00.000000000
57156,2014-09-30 00:00:00.000000000
57162,2014-09-30 00:00:00.000000000
57212,2014-09-30 00:00:00.000000000
57256,2014-09-30 00:00:00.000000000
57351,2014-09-30 00:00:00.000000000
57385,2014-09-30 00:00:00.000000000
57049,2014-09-30 00:00:00.000000000
57396,2014-09-30 00:00:00.000000000
57412,2014-09-30 00:00:00.000000000
57415,2014-09-30 00:00:00.000000000
57445,2014-09-30 00:00:00.000000000
57447,2014-09-30 00:00:00.000000000
57463,2014-09-30 00:00:00.000000000
57467,2014-09-30 00:00:00.000000000
57480,2014-09-30 00:00:00.000000000
57487,2014-09-30 00:00:00.000000000
57454,2014-09-30 00:00:00.000000000
57510,2014-09-30 00:00:00.000000000
57511,2014-09-30 00:00:00.000000000
57512,2014-09-30 00:00:00.000000000
57534,2014-09-30 00:00:00.000000000
57545,2014-09-30 00:00:00.000000000
57553,2014-09-30 00:00:00.000000000
57593,2014-09-30 00:00:00.000000000
57616,2014-09-30 00:00:00.000000000
57622,2014-09-30 00:00:00.000000000
57624,2014-09-30 00:00:00.000000000
57634,2014-09-30 00:00:00.000000000
57642,2014-09-30 00:00:00.000000000
57693,2014-09-30 00:00:00.000000000
57694,2014-09-30 00:00:00.000000000
57707,2014-09-30 00:00:00.000000000
57751,2014-09-30 00:00:00.000000000
56030,2014-11-19 00:00:00.000000000
31352,2015-04-07 00:00:00.000000000
26213,2016-05-02 00:00:00.000000000
84027,2016-08-11 00:00:00.000000000
31445,2016-09-13 00:00:00.000000000
31418,2016-10-24 00:00:00.000000000
31053,2017-01-10 00:00:00.000000000
38185,2017-01-10 00:00:00.000000000
31355,2017-02-28 00:00:00.000000000
06009,2017-06-12 00:00:00.000000000
06011,2017-06-12 00:00:00.000000000
06013,2017-06-12 00:00:00.000000000
06027,2017-06-12 00:00:00.000000000
06033,2017-06-12 00:00:00.000000000
06034,2017-06-12 00:00:00.000000000
06042,2017-06-12 00:00:00.000000000
06046,2017-06-12 00:00:00.000000000
06055,2017-06-12 00:00:00.000000000
06060,2017-06-12 00:00:00.000000000
06064,2017-06-12 00:00:00.000000000
06066,2017-06-12 00:00:00.000000000
06073,2017-06-12 00:00:00.000000000
06020,2017-06-12 00:00:00.000000000
06109,2017-06-12 00:00:00.000000000
06074,2017-06-12 00:00:00.000000000
06025,2017-06-12 00:00:00.000000000
06075,2017-06-12 00:00:00.000000000
06080,2017-06-12 00:00:00.000000000
06088,2017-06-12 00:00:00.000000000
06102,2017-06-12 00:00:00.000000000
06103,2017-06-12 00:00:00.000000000
06111,2017-06-12 00:00:00.000000000
06114,2017-06-12 00:00:00.000000000
06119,2017-06-12 00:00:00.000000000
06121,2017-06-12 00:00:00.000000000
06123,2017-06-12 00:00:00.000000000
06127,2017-06-12 00:00:00.000000000
06126,2017-06-12 00:00:00.000000000
06129,2017-06-12 00:00:00.000000000
06120,2017-06-12 00:00:00.000000000
06146,2017-06-12 00:00:00.000000000
06147,2017-06-12 00:00:00.000000000
06151,2017-06-12 00:00:00.000000000
06153,2017-06-12 00:00:00.000000000
06159,2017-06-12 00:00:00.000000000
06059,2017-06-12 00:00:00.000000000
29110,2017-06-20 00:00:00.000000000
29106,2017-06-29 00:00:00.000000000
75101,2017-07-02 00:00:00.000000000
75102,2017-07-02 00:00:00.000000000
75103,2017-07-02 00:00:00.000000000
75104,2017-07-02 00:00:00.000000000
75105,2017-07-02 00:00:00.000000000
75106,2017-07-02 00:00:00.000000000
75107,2017-07-02 00:00:00.000000000
75108,2017-07-02 00:00:00.000000000
75109,2017-07-02 00:00:00.000000000
75110,2017-07-02 00:00:00.000000000
75111,2017-07-02 00:00:00.000000000
75112,2017-07-02 00:00:00.000000000
75113,2017-07-02 00:00:00.000000000
75114,2017-07-02 00:00:00.000000000
75115,2017-07-02 00:00:00.000000000
75116,2017-07-02 00:00:00.000000000
75118,2017-07-02 00:00:00.000000000
75120,2017-07-02 00:00:00.000000000
75117,2017-07-02 00:00:00.000000000
75119,2017-07-02 00:00:00.000000000
33003,2017-11-08 00:00:00.000000000
33004,2017-11-08 00:00:00.000000000
33013,2017-11-08 00:00:00.000000000
33056,2017-11-08 00:00:00.000000000
33063,2017-11-08 00:00:00.000000000
33065,2017-11-08 00:00:00.000000000
33075,2017-11-08 00:00:00.000000000
33039,2017-11-08 00:00:00.000000000
33096,2017-11-08 00:00:00.000000000
33119,2017-11-08 00:00:00.000000000
33162,2017-11-08 00:00:00.000000000
33167,2017-11-08 00:00:00.000000000
33192,2017-11-08 00:00:00.000000000
33069,2017-11-08 00:00:00.000000000
33200,2017-11-08 00:00:00.000000000
33519,2017-11-08 00:00:00.000000000
33249,2017-11-08 00:00:00.000000000
33273,2017-11-08 00:00:00.000000000
33312,2017-11-08 00:00:00.000000000
33318,2017-11-08 00:00:00.000000000
33376,2017-11-08 00:00:00.000000000
33434,2017-11-08 00:00:00.000000000
33449,2017-11-08 00:00:00.000000000
33487,2017-11-08 00:00:00.000000000
33522,2017-11-08 00:00:00.000000000
33550,2017-11-08 00:00:00.000000000
42130,2017-12-28 00:00:00.000000000
31091,2018-01-19 00:00:00.000000000
31186,2018-01-29 00:00:00.000000000
42247,2018-03-22 00:00:00.000000000
29042,2018-04-16 00:00:00.000000000
29077,2018-04-16 00:00:00.000000000
29047,2018-04-16 00:00:00.000000000
29177,2018-04-16 00:00:00.000000000
29290,2018-04-16 00:00:00.000000000
92050,2018-04-18 00:00:00.000000000
42040,2018-05-03 00:00:00.000000000
31003,2018-05-14 00:00:00.000000000
42045,2018-05-15 00:00:00.000000000
67363,2018-05-16 00:00:00.000000000
35152,2018-05-25 00:00:00.000000000
42035,2018-06-04 00:00:00.000000000
42238,2018-06-18 00:00:00.000000000
42050,2018-07-18 00:00:00.000000000
44183,2018-08-10 00:00:00.000000000
60593,2018-08-21 00:00:00.000000000
19135,2018-08-29 00:00:00.000000000
24562,2018-10-01 00:00:00.000000000
31116,2018-10-04 00:00:00.000000000
30081,2018-10-04 00:00:00.000000000
94059,2018-10-09 00:00:00.000000000
30251,2018-10-10 00:00:00.000000000
42188,2018-11-08 00:00:00.000000000
24174,2018-11-20 00:00:00.000000000
54395,2018-11-28 00:00:00.000000000
19053,2018-11-29 00:00:00.000000000
04070,2018-12-17 00:00:00.000000000
06156,2018-12-21 00:00:00.000000000
06157,2018-12-21 00:00:00.000000000
25105,2018-12-31 00:00:00.000000000
25267,2018-12-31 00:00:00.000000000
25152,2018-12-31 00:00:00.000000000
25376,2018-12-31 00:00:00.000000000
25418,2018-12-31 00:00:00.000000000
25438,2018-12-31 00:00:00.000000000
25454,2018-12-31 00:00:00.000000000
25477,2018-12-31 00:00:00.000000000
25495,2018-12-31 00:00:00.000000000
25557,2018-12-31 00:00:00.000000000
25564,2018-12-31 00:00:00.000000000
25631,2018-12-31 00:00:00.000000000
74001,2019-01-29 00:00:00.000000000
74002,2019-01-29 00:00:00.000000000
74003,2019-01-29 00:00:00.000000000
74005,2019-01-29 00:00:00.000000000
74006,2019-01-29 00:00:00.000000000
74004,2019-01-29 00:00:00.000000000
74007,2019-01-29 00:00:00.000000000
74008,2019-01-29 00:00:00.000000000
74010,2019-01-29 00:00:00.000000000
74012,2019-01-29 00:00:00.000000000
74013,2019-01-29 00:00:00.000000000
74015,2019-01-29 00:00:00.000000000
74016,2019-01-29 00:00:00.000000000
74018,2019-01-29 00:00:00.000000000
74019,2019-01-29 00:00:00.000000000
74020,2019-01-29 00:00:00.000000000
74021,2019-01-29 00:00:00.000000000
74014,2019-01-29 00:00:00.000000000
74024,2019-01-29 00:00:00.000000000
74025,2019-01-29 00:00:00.000000000
74029,2019-01-29 00:00:00.000000000
74032,2019-01-29 00:00:00.000000000
74033,2019-01-29 00:00:00.000000000
74035,2019-01-29 00:00:00.000000000
74036,2019-01-29 00:00:00.000000000
74038,2019-01-29 00:00:00.000000000
74040,2019-01-29 00:00:00.000000000
74041,2019-01-29 00:00:00.000000000
74042,2019-01-29 00:00:00.000000000
74043,2019-01-29 00:00:00.000000000
74044,2019-01-29 00:00:00.000000000
74046,2019-01-29 00:00:00.000000000
74037,2019-01-29 00:00:00.000000000
74048,2019-01-29 00:00:00.000000000
74049,2019-01-29 00:00:00.000000000
74050,2019-01-29 00:00:00.000000000
74051,2019-01-29 00:00:00.000000000
74052,2019-01-29 00:00:00.000000000
74053,2019-01-29 00:00:00.000000000
74054,2019-01-29 00:00:00.000000000
74055,2019-01-29 00:00:00.000000000
74056,2019-01-29 00:00:00.000000000
74057,2019-01-29 00:00:00.000000000
74061,2019-01-29 00:00:00.000000000
74062,2019-01-29 00:00:00.000000000
74066,2019-01-29 00:00:00.000000000
74067,2019-01-29 00:00:00.000000000
74070,2019-01-29 00:00:00.000000000
74071,2019-01-29 00:00:00.000000000
74072,2019-01-29 00:00:00.000000000
74073,2019-01-29 00:00:00.000000000
74074,2019-01-29 00:00:00.000000000
74075,2019-01-29 00:00:00.000000000
74076,2019-01-29 00:00:00.000000000
74063,2019-01-29 00:00:00.000000000
74064,2019-01-29 00:00:00.000000000
74068,2019-01-29 00:00:00.000000000
74069,2019-01-29 00:00:00.000000000
74077,2019-01-29 00:00:00.000000000
74078,2019-01-29 00:00:00.000000000
74081,2019-01-29 00:00:00.000000000
74082,2019-01-29 00:00:00.000000000
74083,2019-01-29 00:00:00.000000000
74086,2019-01-29 00:00:00.000000000
74087,2019-01-29 00:00:00.000000000
74088,2019-01-29 00:00:00.000000000
74089,2019-01-29 00:00:00.000000000
74090,2019-01-29 00:00:00.000000000
74094,2019-01-29 00:00:00.000000000
74095,2019-01-29 00:00:00.000000000
74096,2019-01-29 00:00:00.000000000
74097,2019-01-29 00:00:00.000000000
74098,2019-01-29 00:00:00.000000000
74099,2019-01-29 00:00:00.000000000
74100,2019-01-29 00:00:00.000000000
74102,2019-01-29 00:00:00.000000000
74101,2019-01-29 00:00:00.000000000
74103,2019-01-29 00:00:00.000000000
74104,2019-01-29 00:00:00.000000000
74106,2019-01-29 00:00:00.000000000
74107,2019-01-29 00:00:00.000000000
74108,2019-01-29 00:00:00.000000000
74111,2019-01-29 00:00:00.000000000
74112,2019-01-29 00:00:00.000000000
74114,2019-01-29 00:00:00.000000000
74116,2019-01-29 00:00:00.000000000
74121,2019-01-29 00:00:00.000000000
74122,2019-01-29 00:00:00.000000000
74123,2019-01-29 00:00:00.000000000
74124,2019-01-29 00:00:00.000000000
74126,2019-01-29 00:00:00.000000000
74128,2019-01-29 00:00:00.000000000
74282,2019-01-29 00:00:00.000000000
74130,2019-01-29 00:00:00.000000000
74131,2019-01-29 00:00:00.000000000
74127,2019-01-29 00:00:00.000000000
74133,2019-01-29 00:00:00.000000000
74135,2019-01-29 00:00:00.000000000
74212,2019-01-29 00:00:00.000000000
74137,2019-01-29 00:00:00.000000000
74138,2019-01-29 00:00:00.000000000
74139,2019-01-29 00:00:00.000000000
74140,2019-01-29 00:00:00.000000000
74141,2019-01-29 00:00:00.000000000
74142,2019-01-29 00:00:00.000000000
74144,2019-01-29 00:00:00.000000000
74026,2019-01-29 00:00:00.000000000
74027,2019-01-29 00:00:00.000000000
74030,2019-01-29 00:00:00.000000000
74059,2019-01-29 00:00:00.000000000
74058,2019-01-29 00:00:00.000000000
74080,2019-01-29 00:00:00.000000000
74091,2019-01-29 00:00:00.000000000
74129,2019-01-29 00:00:00.000000000
74193,2019-01-29 00:00:00.000000000
74223,2019-01-29 00:00:00.000000000
74224,2019-01-29 00:00:00.000000000
74284,2019-01-29 00:00:00.000000000
74295,2019-01-29 00:00:00.000000000
74146,2019-01-29 00:00:00.000000000
74147,2019-01-29 00:00:00.000000000
74034,2019-01-29 00:00:00.000000000
74045,2019-01-29 00:00:00.000000000
74136,2019-01-29 00:00:00.000000000
74221,2019-01-29 00:00:00.000000000
74259,2019-01-29 00:00:00.000000000
74079,2019-01-29 00:00:00.000000000
74085,2019-01-29 00:00:00.000000000
74134,2019-01-29 00:00:00.000000000
74143,2019-01-29 00:00:00.000000000
74302,2019-01-29 00:00:00.000000000
74148,2019-01-29 00:00:00.000000000
74150,2019-01-29 00:00:00.000000000
74151,2019-01-29 00:00:00.000000000
74152,2019-01-29 00:00:00.000000000
74153,2019-01-29 00:00:00.000000000
74154,2019-01-29 00:00:00.000000000
74155,2019-01-29 00:00:00.000000000
74156,2019-01-29 00:00:00.000000000
74157,2019-01-29 00:00:00.000000000
74158,2019-01-29 00:00:00.000000000
74159,2019-01-29 00:00:00.000000000
74160,2019-01-29 00:00:00.000000000
74162,2019-01-29 00:00:00.000000000
74161,2019-01-29 00:00:00.000000000
74163,2019-01-29 00:00:00.000000000
74164,2019-01-29 00:00:00.000000000
74165,2019-01-29 00:00:00.000000000
74166,2019-01-29 00:00:00.000000000
74168,2019-01-29 00:00:00.000000000
74169,2019-01-29 00:00:00.000000000
74170,2019-01-29 00:00:00.000000000
74171,2019-01-29 00:00:00.000000000
74172,2019-01-29 00:00:00.000000000
74173,2019-01-29 00:00:00.000000000
74175,2019-01-29 00:00:00.000000000
74176,2019-01-29 00:00:00.000000000
74177,2019-01-29 00:00:00.000000000
74178,2019-01-29 00:00:00.000000000
74180,2019-01-29 00:00:00.000000000
74183,2019-01-29 00:00:00.000000000
74184,2019-01-29 00:00:00.000000000
74185,2019-01-29 00:00:00.000000000
74189,2019-01-29 00:00:00.000000000
74186,2019-01-29 00:00:00.000000000
74188,2019-01-29 00:00:00.000000000
74190,2019-01-29 00:00:00.000000000
74191,2019-01-29 00:00:00.000000000
74192,2019-01-29 00:00:00.000000000
74195,2019-01-29 00:00:00.000000000
74174,2019-01-29 00:00:00.000000000
74179,2019-01-29 00:00:00.000000000
74194,2019-01-29 00:00:00.000000000
74196,2019-01-29 00:00:00.000000000
74197,2019-01-29 00:00:00.000000000
74199,2019-01-29 00:00:00.000000000
74200,2019-01-29 00:00:00.000000000
74201,2019-01-29 00:00:00.000000000
74202,2019-01-29 00:00:00.000000000
74203,2019-01-29 00:00:00.000000000
74198,2019-01-29 00:00:00.000000000
74205,2019-01-29 00:00:00.000000000
74206,2019-01-29 00:00:00.000000000
74208,2019-01-29 00:00:00.000000000
74209,2019-01-29 00:00:00.000000000
74210,2019-01-29 00:00:00.000000000
74211,2019-01-29 00:00:00.000000000
74213,2019-01-29 00:00:00.000000000
74215,2019-01-29 00:00:00.000000000
74216,2019-01-29 00:00:00.000000000
74218,2019-01-29 00:00:00.000000000
74219,2019-01-29 00:00:00.000000000
74220,2019-01-29 00:00:00.000000000
74222,2019-01-29 00:00:00.000000000
74225,2019-01-29 00:00:00.000000000
74226,2019-01-29 00:00:00.000000000
74228,2019-01-29 00:00:00.000000000
74229,2019-01-29 00:00:00.000000000
74232,2019-01-29 00:00:00.000000000
74231,2019-01-29 00:00:00.000000000
74234,2019-01-29 00:00:00.000000000
74235,2019-01-29 00:00:00.000000000
74236,2019-01-29 00:00:00.000000000
74237,2019-01-29 00:00:00.000000000
74238,2019-01-29 00:00:00.000000000
74239,2019-01-29 00:00:00.000000000
74241,2019-01-29 00:00:00.000000000
74242,2019-01-29 00:00:00.000000000
74243,2019-01-29 00:00:00.000000000
74244,2019-01-29 00:00:00.000000000
74249,2019-01-29 00:00:00.000000000
74250,2019-01-29 00:00:00.000000000
74253,2019-01-29 00:00:00.000000000
74254,2019-01-29 00:00:00.000000000
74255,2019-01-29 00:00:00.000000000
74256,2019-01-29 00:00:00.000000000
74257,2019-01-29 00:00:00.000000000
74258,2019-01-29 00:00:00.000000000
74261,2019-01-29 00:00:00.000000000
74262,2019-01-29 00:00:00.000000000
74263,2019-01-29 00:00:00.000000000
74264,2019-01-29 00:00:00.000000000
74265,2019-01-29 00:00:00.000000000
74266,2019-01-29 00:00:00.000000000
74267,2019-01-29 00:00:00.000000000
74269,2019-01-29 00:00:00.000000000
74271,2019-01-29 00:00:00.000000000
74272,2019-01-29 00:00:00.000000000
74273,2019-01-29 00:00:00.000000000
74275,2019-01-29 00:00:00.000000000
74276,2019-01-29 00:00:00.000000000
74279,2019-01-29 00:00:00.000000000
74281,2019-01-29 00:00:00.000000000
74283,2019-01-29 00:00:00.000000000
74278,2019-01-29 00:00:00.000000000
74280,2019-01-29 00:00:00.000000000
74285,2019-01-29 00:00:00.000000000
74286,2019-01-29 00:00:00.000000000
74287,2019-01-29 00:00:00.000000000
74167,2019-01-29 00:00:00.000000000
74288,2019-01-29 00:00:00.000000000
74289,2019-01-29 00:00:00.000000000
74290,2019-01-29 00:00:00.000000000
74291,2019-01-29 00:00:00.000000000
74292,2019-01-29 00:00:00.000000000
74293,2019-01-29 00:00:00.000000000
74294,2019-01-29 00:00:00.000000000
74296,2019-01-29 00:00:00.000000000
74297,2019-01-29 00:00:00.000000000
74299,2019-01-29 00:00:00.000000000
74301,2019-01-29 00:00:00.000000000
74303,2019-01-29 00:00:00.000000000
74304,2019-01-29 00:00:00.000000000
74305,2019-01-29 00:00:00.000000000
74306,2019-01-29 00:00:00.000000000
74307,2019-01-29 00:00:00.000000000
74308,2019-01-29 00:00:00.000000000
74309,2019-01-29 00:00:00.000000000
74311,2019-01-29 00:00:00.000000000
74310,2019-01-29 00:00:00.000000000
74312,2019-01-29 00:00:00.000000000
74313,2019-01-29 00:00:00.000000000
74314,2019-01-29 00:00:00.000000000
74298,2019-01-29 00:00:00.000000000
74315,2019-01-29 00:00:00.000000000
74109,2019-01-29 00:00:00.000000000
74117,2019-01-29 00:00:00.000000000
74118,2019-01-29 00:00:00.000000000
74119,2019-01-29 00:00:00.000000000
63323,2019-02-04 00:00:00.000000000
24157,2019-02-07 00:00:00.000000000
42235,2019-02-14 00:00:00.000000000
42146,2019-02-18 00:00:00.000000000
24109,2019-02-20 00:00:00.000000000
29026,2019-03-01 00:00:00.000000000
31557,2019-03-15 00:00:00.000000000
31184,2019-03-22 00:00:00.000000000
64071,2019-03-25 00:00:00.000000000
64388,2019-03-25 00:00:00.000000000
25258,2019-04-02 00:00:00.000000000
31069,2019-04-03 00:00:00.000000000
64211,2019-04-09 00:00:00.000000000
43003,2019-04-23 00:00:00.000000000
43228,2019-04-25 00:00:00.000000000
64192,2019-04-29 00:00:00.000000000
64544,2019-04-29 00:00:00.000000000
25036,2019-04-30 00:00:00.000000000
24066,2019-05-01 00:00:00.000000000
13216,2019-05-09 00:00:00.000000000
24108,2019-05-16 00:00:00.000000000
42140,2019-05-21 00:00:00.000000000
13201,2019-06-12 00:00:00.000000000
24164,2019-06-17 00:00:00.000000000
13214,2019-06-18 00:00:00.000000000
24248,2019-06-24 00:00:00.000000000
28148,2019-06-26 00:00:00.000000000
29170,2019-06-26 00:00:00.000000000
78517,2019-06-26 00:00:00.000000000
24524,2019-07-02 00:00:00.000000000
84039,2019-07-17 00:00:00.000000000
44074,2019-07-17 00:00:00.000000000
13205,2019-07-18 00:00:00.000000000
13207,2019-07-18 00:00:00.000000000
13204,2019-07-22 00:00:00.000000000
92002,2019-07-23 00:00:00.000000000
13213,2019-07-24 00:00:00.000000000
69284,2019-07-30 00:00:00.000000000
31389,2019-07-30 00:00:00.000000000
13209,2019-07-30 00:00:00.000000000
32279,2019-07-31 00:00:00.000000000
13206,2019-07-31 00:00:00.000000000
13210,2019-07-31 00:00:00.000000000
13203,2019-08-01 00:00:00.000000000
13208,2019-08-01 00:00:00.000000000
13215,2019-08-01 00:00:00.000000000
13202,2019-08-02 00:00:00.000000000
13212,2019-08-02 00:00:00.000000000
32387,2019-08-04 00:00:00.000000000
90001,2019-08-05 00:00:00.000000000
90002,2019-08-05 00:00:00.000000000
90004,2019-08-05 00:00:00.000000000
90082,2019-08-05 00:00:00.000000000
90007,2019-08-05 00:00:00.000000000
90008,2019-08-05 00:00:00.000000000
90010,2019-08-05 00:00:00.000000000
90011,2019-08-05 00:00:00.000000000
90012,2019-08-05 00:00:00.000000000
90013,2019-08-05 00:00:00.000000000
90015,2019-08-05 00:00:00.000000000
90017,2019-08-05 00:00:00.000000000
90020,2019-08-05 00:00:00.000000000
90021,2019-08-05 00:00:00.000000000
90022,2019-08-05 00:00:00.000000000
90026,2019-08-05 00:00:00.000000000
90029,2019-08-05 00:00:00.000000000
90031,2019-08-05 00:00:00.000000000
90032,2019-08-05 00:00:00.000000000
90034,2019-08-05 00:00:00.000000000
90035,2019-08-05 00:00:00.000000000
90036,2019-08-05 00:00:00.000000000
90039,2019-08-05 00:00:00.000000000
90047,2019-08-05 00:00:00.000000000
90048,2019-08-05 00:00:00.000000000
90049,2019-08-05 00:00:00.000000000
90050,2019-08-05 00:00:00.000000000
90059,2019-08-05 00:00:00.000000000
90060,2019-08-05 00:00:00.000000000
90062,2019-08-05 00:00:00.000000000
90067,2019-08-05 00:00:00.000000000
90068,2019-08-05 00:00:00.000000000
90071,2019-08-05 00:00:00.000000000
90069,2019-08-05 00:00:00.000000000
90074,2019-08-05 00:00:00.000000000
90075,2019-08-05 00:00:00.000000000
90077,2019-08-05 00:00:00.000000000
90080,2019-08-05 00:00:00.000000000
90076,2019-08-05 00:00:00.000000000
90084,2019-08-05 00:00:00.000000000
90087,2019-08-05 00:00:00.000000000
90093,2019-08-05 00:00:00.000000000
90094,2019-08-05 00:00:00.000000000
90097,2019-08-05 00:00:00.000000000
90098,2019-08-05 00:00:00.000000000
90099,2019-08-05 00:00:00.000000000
90100,2019-08-05 00:00:00.000000000
90103,2019-08-05 00:00:00.000000000
90104,2019-08-05 00:00:00.000000000
90037,2019-08-05 00:00:00.000000000
13211,2019-08-05 00:00:00.000000000
44171,2019-08-06 00:00:00.000000000
42058,2019-08-16 00:00:00.000000000
82065,2019-08-19 00:00:00.000000000
44176,2019-08-20 00:00:00.000000000
64111,2019-08-21 00:00:00.000000000
68055,2019-08-27 00:00:00.000000000
43220,2019-08-27 00:00:00.000000000
42228,2019-08-28 00:00:00.000000000
30242,2019-09-04 00:00:00.000000000
24264,2019-09-05 00:00:00.000000000
84037,2019-09-06 00:00:00.000000000
84087,2019-09-10 00:00:00.000000000
42072,2019-09-30 00:00:00.000000000
30222,2019-10-04 00:00:00.000000000
11009,2019-10-07 00:00:00.000000000
24030,2019-10-07 00:00:00.000000000
24403,2019-10-09 00:00:00.000000000
29108,2019-10-11 00:00:00.000000000
38031,2019-10-16 00:00:00.000000000
29041,2019-10-17 00:00:00.000000000
24422,2019-10-22 00:00:00.000000000
24549,2019-10-22 00:00:00.000000000
29125,2019-10-29 00:00:00.000000000
43134,2019-11-02 00:00:00.000000000
57452,2019-11-05 00:00:00.000000000
05074,2019-11-07 00:00:00.000000000
44006,2019-11-12 00:00:00.000000000
37257,2019-11-12 00:00:00.000000000
24183,2019-11-13 00:00:00.000000000
42321,2019-11-13 00:00:00.000000000
42087,2019-11-15 00:00:00.000000000
03115,2019-11-18 00:00:00.000000000
64346,2019-11-20 00:00:00.000000000
64464,2019-11-20 00:00:00.000000000
05182,2019-11-20 00:00:00.000000000
64136,2019-11-21 00:00:00.000000000
42109,2019-11-21 00:00:00.000000000
69260,2019-11-21 00:00:00.000000000
69384,2019-11-25 00:00:00.000000000
64522,2019-11-27 00:00:00.000000000
64239,2019-11-29 00:00:00.000000000
24058,2019-12-02 00:00:00.000000000
60145,2019-12-10 00:00:00.000000000
69233,2019-12-11 00:00:00.000000000
64279,2019-12-12 00:00:00.000000000
64435,2019-12-12 00:00:00.000000000
24522,2019-12-13 00:00:00.000000000
64028,2019-12-16 00:00:00.000000000
64053,2019-12-16 00:00:00.000000000
64095,2019-12-16 00:00:00.000000000
64097,2019-12-16 00:00:00.000000000
64116,2019-12-16 00:00:00.000000000
64118,2019-12-16 00:00:00.000000000
64182,2019-12-16 00:00:00.000000000
64194,2019-12-16 00:00:00.000000000
64216,2019-12-16 00:00:00.000000000
64212,2019-12-16 00:00:00.000000000
64246,2019-12-16 00:00:00.000000000
64241,2019-12-16 00:00:00.000000000
64257,2019-12-16 00:00:00.000000000
64261,2019-12-16 00:00:00.000000000
64262,2019-12-16 00:00:00.000000000
64270,2019-12-16 00:00:00.000000000
64292,2019-12-16 00:00:00.000000000
64311,2019-12-16 00:00:00.000000000
64343,2019-12-16 00:00:00.000000000
64352,2019-12-16 00:00:00.000000000
64356,2019-12-16 00:00:00.000000000
64358,2019-12-16 00:00:00.000000000
64372,2019-12-16 00:00:00.000000000
64390,2019-12-16 00:00:00.000000000
64394,2019-12-16 00:00:00.000000000
64452,2019-12-16 00:00:00.000000000
64455,2019-12-16 00:00:00.000000000
64470,2019-12-16 00:00:00.000000000
64488,2019-12-16 00:00:00.000000000
64473,2019-12-16 00:00:00.000000000
69381,2019-12-16 00:00:00.000000000
64056,2019-12-17 00:00:00.000000000
42126,2019-12-18 00:00:00.000000000
42313,2019-12-19 00:00:00.000000000
42006,2019-12-26 00:00:00.000000000
77015,2019-12-29 00:00:00.000000000
68095,2020-01-01 00:00:00.000000000
68143,2020-01-01 00:00:00.000000000
68366,2020-01-01 00:00:00.000000000
68385,2020-01-01 00:00:00.000000000
64338,2020-01-07 00:00:00.000000000
19008,2020-01-08 00:00:00.000000000
64255,2020-01-09 00:00:00.000000000
64045,2020-01-13 00:00:00.000000000
64283,2020-01-13 00:00:00.000000000
64369,2020-01-13 00:00:00.000000000
24377,2020-01-14 00:00:00.000000000
31032,2020-01-15 00:00:00.000000000
60125,2020-01-15 00:00:00.000000000
24151,2020-01-15 00:00:00.000000000
60284,2020-01-15 00:00:00.000000000
31282,2020-01-15 00:00:00.000000000
31293,2020-01-15 00:00:00.000000000
40055,2020-01-16 00:00:00.000000000
01032,2020-01-16 00:00:00.000000000
60036,2020-01-17 00:00:00.000000000
60078,2020-01-17 00:00:00.000000000
60171,2020-01-17 00:00:00.000000000
60210,2020-01-17 00:00:00.000000000
43152,2020-01-20 00:00:00.000000000
60534,2020-01-20 00:00:00.000000000
60647,2020-01-20 00:00:00.000000000
12186,2020-01-21 00:00:00.000000000
69068,2020-01-22 00:00:00.000000000
64398,2020-01-23 00:00:00.000000000
31506,2020-01-27 00:00:00.000000000
42037,2020-01-28 00:00:00.000000000
86194,2020-01-28 00:00:00.000000000
38342,2020-01-28 00:00:00.000000000
60072,2020-01-30 00:00:00.000000000
64229,2020-01-30 00:00:00.000000000
69276,2020-01-31 00:00:00.000000000
05090,2020-01-31 00:00:00.000000000
69117,2020-02-03 00:00:00.000000000
03059,2020-02-11 00:00:00.000000000
69283,2020-02-12 00:00:00.000000000
69003,2020-02-13 00:00:00.000000000
42060,2020-02-14 00:00:00.000000000
24193,2020-02-17 00:00:00.000000000
84100,2020-02-18 00:00:00.000000000
59522,2020-02-18 00:00:00.000000000
84111,2020-02-19 00:00:00.000000000
64542,2020-02-19 00:00:00.000000000
31417,2020-02-21 00:00:00.000000000
69296,2020-02-21 00:00:00.000000000
24105,2020-02-25 00:00:00.000000000
69282,2020-03-03 00:00:00.000000000
43041,2020-03-04 00:00:00.000000000
69063,2020-03-04 00:00:00.000000000
69275,2020-03-04 00:00:00.000000000
05087,2020-03-06 00:00:00.000000000
69386,2020-03-06 00:00:00.000000000
64446,2020-03-09 00:00:00.000000000
24213,2020-03-10 00:00:00.000000000
81006,2020-03-12 00:00:00.000000000
68007,2020-03-12 00:00:00.000000000
81030,2020-03-12 00:00:00.000000000
42288,2020-03-13 00:00:00.000000000
81050,2020-03-17 00:00:00.000000000
64297,2020-03-18 00:00:00.000000000
64527,2020-03-25 00:00:00.000000000
41266,2020-03-25 00:00:00.000000000
64477,2020-03-27 00:00:00.000000000
11319,2020-04-08 00:00:00.000000000
52416,2020-04-09 00:00:00.000000000
52419,2020-04-09 00:00:00.000000000
05075,2020-04-17 00:00:00.000000000
68144,2020-04-20 00:00:00.000000000
37025,2020-04-24 00:00:00.000000000
49028,2020-04-27 00:00:00.000000000
49048,2020-04-28 00:00:00.000000000
69096,2020-04-28 00:00:00.000000000
69100,2020-04-28 00:00:00.000000000
49271,2020-04-28 00:00:00.000000000
49338,2020-04-28 00:00:00.000000000
49339,2020-04-28 00:00:00.000000000
49130,2020-04-28 00:00:00.000000000
26058,2020-04-30 00:00:00.000000000
49278,2020-05-04 00:00:00.000000000
49129,2020-05-04 00:00:00.000000000
29107,2020-05-05 00:00:00.000000000
49298,2020-05-05 00:00:00.000000000
69279,2020-05-12 00:00:00.000000000
69087,2020-05-13 00:00:00.000000000
69046,2020-05-14 00:00:00.000000000
37139,2020-05-14 00:00:00.000000000
30143,2020-05-15 00:00:00.000000000
24061,2020-05-20 00:00:00.000000000
64465,2020-05-25 00:00:00.000000000
69204,2020-05-25 00:00:00.000000000
24019,2020-05-26 00:00:00.000000000
05103,2020-05-27 00:00:00.000000000
83076,2020-05-28 00:00:00.000000000
38022,2020-05-29 00:00:00.000000000
64002,2020-06-02 00:00:00.000000000
29288,2020-06-02 00:00:00.000000000
37099,2020-06-03 00:00:00.000000000
69116,2020-06-04 00:00:00.000000000
49214,2020-06-04 00:00:00.000000000
31488,2020-06-04 00:00:00.000000000
69244,2020-06-04 00:00:00.000000000
24014,2020-06-08 00:00:00.000000000
69071,2020-06-08 00:00:00.000000000
64377,2020-06-08 00:00:00.000000000
49347,2020-06-08 00:00:00.000000000
69153,2020-06-10 00:00:00.000000000
69163,2020-06-10 00:00:00.000000000
69168,2020-06-10 00:00:00.000000000
69191,2020-06-10 00:00:00.000000000
69194,2020-06-10 00:00:00.000000000
69207,2020-06-10 00:00:00.000000000
69044,2020-06-11 00:00:00.000000000
69085,2020-06-11 00:00:00.000000000
69199,2020-06-11 00:00:00.000000000
69271,2020-06-12 00:00:00.000000000
31163,2020-06-12 00:00:00.000000000
31182,2020-06-12 00:00:00.000000000
69142,2020-06-12 00:00:00.000000000
69127,2020-06-12 00:00:00.000000000
69286,2020-06-12 00:00:00.000000000
69205,2020-06-12 00:00:00.000000000
69292,2020-06-12 00:00:00.000000000
69293,2020-06-12 00:00:00.000000000
69259,2020-06-12 00:00:00.000000000
69029,2020-06-15 00:00:00.000000000
69040,2020-06-15 00:00:00.000000000
69152,2020-06-15 00:00:00.000000000
09340,2020-06-15 00:00:00.000000000
69069,2020-06-16 00:00:00.000000000
69149,2020-06-16 00:00:00.000000000
69072,2020-06-17 00:00:00.000000000
64222,2020-06-17 00:00:00.000000000
69389,2020-06-17 00:00:00.000000000
69033,2020-06-18 00:00:00.000000000
69088,2020-06-18 00:00:00.000000000
69278,2020-06-18 00:00:00.000000000
69250,2020-06-18 00:00:00.000000000
69256,2020-06-18 00:00:00.000000000
69382,2020-06-18 00:00:00.000000000
69385,2020-06-18 00:00:00.000000000
69273,2020-06-19 00:00:00.000000000
69202,2020-06-19 00:00:00.000000000
69081,2020-06-19 00:00:00.000000000
41088,2020-06-22 00:00:00.000000000
69091,2020-06-23 00:00:00.000000000
64375,2020-06-23 00:00:00.000000000
42278,2020-06-23 00:00:00.000000000
69383,2020-06-23 00:00:00.000000000
69034,2020-06-25 00:00:00.000000000
69143,2020-06-25 00:00:00.000000000
69290,2020-06-25 00:00:00.000000000
69266,2020-06-25 00:00:00.000000000
69387,2020-06-25 00:00:00.000000000
69388,2020-06-25 00:00:00.000000000
31157,2020-06-26 00:00:00.000000000
64429,2020-06-26 00:00:00.000000000
64516,2020-06-26 00:00:00.000000000
41090,2020-06-30 00:00:00.000000000
43119,2020-07-02 00:00:00.000000000
24390,2020-07-02 00:00:00.000000000
73001,2020-07-06 00:00:00.000000000
73004,2020-07-06 00:00:00.000000000
73005,2020-07-06 00:00:00.000000000
73006,2020-07-06 00:00:00.000000000
73007,2020-07-06 00:00:00.000000000
73008,2020-07-06 00:00:00.000000000
73011,2020-07-06 00:00:00.000000000
73012,2020-07-06 00:00:00.000000000
73014,2020-07-06 00:00:00.000000000
73018,2020-07-06 00:00:00.000000000
73019,2020-07-06 00:00:00.000000000
73020,2020-07-06 00:00:00.000000000
73021,2020-07-06 00:00:00.000000000
73022,2020-07-06 00:00:00.000000000
73023,2020-07-06 00:00:00.000000000
73025,2020-07-06 00:00:00.000000000
73026,2020-07-06 00:00:00.000000000
73027,2020-07-06 00:00:00.000000000
73029,2020-07-06 00:00:00.000000000
73030,2020-07-06 00:00:00.000000000
73031,2020-07-06 00:00:00.000000000
73034,2020-07-06 00:00:00.000000000
73036,2020-07-06 00:00:00.000000000
73039,2020-07-06 00:00:00.000000000
73040,2020-07-06 00:00:00.000000000
73041,2020-07-06 00:00:00.000000000
73048,2020-07-06 00:00:00.000000000
73049,2020-07-06 00:00:00.000000000
73050,2020-07-06 00:00:00.000000000
73054,2020-07-06 00:00:00.000000000
73052,2020-07-06 00:00:00.000000000
73053,2020-07-06 00:00:00.000000000
73055,2020-07-06 00:00:00.000000000
73057,2020-07-06 00:00:00.000000000
73059,2020-07-06 00:00:00.000000000
73063,2020-07-06 00:00:00.000000000
73064,2020-07-06 00:00:00.000000000
73065,2020-07-06 00:00:00.000000000
73068,2020-07-06 00:00:00.000000000
73069,2020-07-06 00:00:00.000000000
73072,2020-07-06 00:00:00.000000000
73070,2020-07-06 00:00:00.000000000
73071,2020-07-06 00:00:00.000000000
73073,2020-07-06 00:00:00.000000000
73084,2020-07-06 00:00:00.000000000
73085,2020-07-06 00:00:00.000000000
73086,2020-07-06 00:00:00.000000000
73087,2020-07-06 00:00:00.000000000
73088,2020-07-06 00:00:00.000000000
73089,2020-07-06 00:00:00.000000000
73091,2020-07-06 00:00:00.000000000
73092,2020-07-06 00:00:00.000000000
73227,2020-07-06 00:00:00.000000000
73094,2020-07-06 00:00:00.000000000
73096,2020-07-06 00:00:00.000000000
73100,2020-07-06 00:00:00.000000000
73103,2020-07-06 00:00:00.000000000
73104,2020-07-06 00:00:00.000000000
73099,2020-07-06 00:00:00.000000000
73010,2020-07-06 00:00:00.000000000
73110,2020-07-06 00:00:00.000000000
73114,2020-07-06 00:00:00.000000000
73116,2020-07-06 00:00:00.000000000
73117,2020-07-06 00:00:00.000000000
73119,2020-07-06 00:00:00.000000000
73121,2020-07-06 00:00:00.000000000
73120,2020-07-06 00:00:00.000000000
73122,2020-07-06 00:00:00.000000000
73124,2020-07-06 00:00:00.000000000
73003,2020-07-06 00:00:00.000000000
73130,2020-07-06 00:00:00.000000000
73128,2020-07-06 00:00:00.000000000
73129,2020-07-06 00:00:00.000000000
73131,2020-07-06 00:00:00.000000000
73132,2020-07-06 00:00:00.000000000
73133,2020-07-06 00:00:00.000000000
73137,2020-07-06 00:00:00.000000000
73138,2020-07-06 00:00:00.000000000
73028,2020-07-06 00:00:00.000000000
73033,2020-07-06 00:00:00.000000000
73043,2020-07-06 00:00:00.000000000
73058,2020-07-06 00:00:00.000000000
73032,2020-07-06 00:00:00.000000000
73067,2020-07-06 00:00:00.000000000
73074,2020-07-06 00:00:00.000000000
73075,2020-07-06 00:00:00.000000000
73078,2020-07-06 00:00:00.000000000
73082,2020-07-06 00:00:00.000000000
73090,2020-07-06 00:00:00.000000000
73095,2020-07-06 00:00:00.000000000
73123,2020-07-06 00:00:00.000000000
73187,2020-07-06 00:00:00.000000000
73179,2020-07-06 00:00:00.000000000
73178,2020-07-06 00:00:00.000000000
73150,2020-07-06 00:00:00.000000000
73213,2020-07-06 00:00:00.000000000
73289,2020-07-06 00:00:00.000000000
73294,2020-07-06 00:00:00.000000000
73135,2020-07-06 00:00:00.000000000
73302,2020-07-06 00:00:00.000000000
73141,2020-07-06 00:00:00.000000000
73142,2020-07-06 00:00:00.000000000
73051,2020-07-06 00:00:00.000000000
73081,2020-07-06 00:00:00.000000000
73192,2020-07-06 00:00:00.000000000
73204,2020-07-06 00:00:00.000000000
73205,2020-07-06 00:00:00.000000000
73015,2020-07-06 00:00:00.000000000
73024,2020-07-06 00:00:00.000000000
73257,2020-07-06 00:00:00.000000000
73077,2020-07-06 00:00:00.000000000
73083,2020-07-06 00:00:00.000000000
73159,2020-07-06 00:00:00.000000000
73105,2020-07-06 00:00:00.000000000
73146,2020-07-06 00:00:00.000000000
73147,2020-07-06 00:00:00.000000000
73149,2020-07-06 00:00:00.000000000
73145,2020-07-06 00:00:00.000000000
73153,2020-07-06 00:00:00.000000000
73154,2020-07-06 00:00:00.000000000
73156,2020-07-06 00:00:00.000000000
73157,2020-07-06 00:00:00.000000000
73160,2020-07-06 00:00:00.000000000
73161,2020-07-06 00:00:00.000000000
73162,2020-07-06 00:00:00.000000000
73164,2020-07-06 00:00:00.000000000
73170,2020-07-06 00:00:00.000000000
73171,2020-07-06 00:00:00.000000000
73173,2020-07-06 00:00:00.000000000
73176,2020-07-06 00:00:00.000000000
73180,2020-07-06 00:00:00.000000000
73182,2020-07-06 00:00:00.000000000
73181,2020-07-06 00:00:00.000000000
73183,2020-07-06 00:00:00.000000000
73155,2020-07-06 00:00:00.000000000
73184,2020-07-06 00:00:00.000000000
73186,2020-07-06 00:00:00.000000000
73189,2020-07-06 00:00:00.000000000
73190,2020-07-06 00:00:00.000000000
73191,2020-07-06 00:00:00.000000000
73193,2020-07-06 00:00:00.000000000
73196,2020-07-06 00:00:00.000000000
73197,2020-07-06 00:00:00.000000000
73200,2020-07-06 00:00:00.000000000
73201,2020-07-06 00:00:00.000000000
73202,2020-07-06 00:00:00.000000000
73151,2020-07-06 00:00:00.000000000
73206,2020-07-06 00:00:00.000000000
73208,2020-07-06 00:00:00.000000000
73211,2020-07-06 00:00:00.000000000
73214,2020-07-06 00:00:00.000000000
73216,2020-07-06 00:00:00.000000000
73217,2020-07-06 00:00:00.000000000
73218,2020-07-06 00:00:00.000000000
73235,2020-07-06 00:00:00.000000000
73222,2020-07-06 00:00:00.000000000
73220,2020-07-06 00:00:00.000000000
73219,2020-07-06 00:00:00.000000000
73221,2020-07-06 00:00:00.000000000
73223,2020-07-06 00:00:00.000000000
73224,2020-07-06 00:00:00.000000000
73225,2020-07-06 00:00:00.000000000
73226,2020-07-06 00:00:00.000000000
73228,2020-07-06 00:00:00.000000000
73236,2020-07-06 00:00:00.000000000
73237,2020-07-06 00:00:00.000000000
73242,2020-07-06 00:00:00.000000000
73243,2020-07-06 00:00:00.000000000
73245,2020-07-06 00:00:00.000000000
73248,2020-07-06 00:00:00.000000000
73247,2020-07-06 00:00:00.000000000
73249,2020-07-06 00:00:00.000000000
73250,2020-07-06 00:00:00.000000000
73256,2020-07-06 00:00:00.000000000
73258,2020-07-06 00:00:00.000000000
73259,2020-07-06 00:00:00.000000000
73261,2020-07-06 00:00:00.000000000
73262,2020-07-06 00:00:00.000000000
73263,2020-07-06 00:00:00.000000000
73269,2020-07-06 00:00:00.000000000
73268,2020-07-06 00:00:00.000000000
73270,2020-07-06 00:00:00.000000000
73271,2020-07-06 00:00:00.000000000
73272,2020-07-06 00:00:00.000000000
73273,2020-07-06 00:00:00.000000000
73275,2020-07-06 00:00:00.000000000
73276,2020-07-06 00:00:00.000000000
73278,2020-07-06 00:00:00.000000000
73280,2020-07-06 00:00:00.000000000
73282,2020-07-06 00:00:00.000000000
73283,2020-07-06 00:00:00.000000000
73231,2020-07-06 00:00:00.000000000
73240,2020-07-06 00:00:00.000000000
73241,2020-07-06 00:00:00.000000000
73254,2020-07-06 00:00:00.000000000
73255,2020-07-06 00:00:00.000000000
73277,2020-07-06 00:00:00.000000000
73284,2020-07-06 00:00:00.000000000
73286,2020-07-06 00:00:00.000000000
73288,2020-07-06 00:00:00.000000000
73285,2020-07-06 00:00:00.000000000
73293,2020-07-06 00:00:00.000000000
73296,2020-07-06 00:00:00.000000000
73297,2020-07-06 00:00:00.000000000
73298,2020-07-06 00:00:00.000000000
73299,2020-07-06 00:00:00.000000000
73300,2020-07-06 00:00:00.000000000
73301,2020-07-06 00:00:00.000000000
73303,2020-07-06 00:00:00.000000000
73290,2020-07-06 00:00:00.000000000
73212,2020-07-06 00:00:00.000000000
73304,2020-07-06 00:00:00.000000000
73215,2020-07-06 00:00:00.000000000
73306,2020-07-06 00:00:00.000000000
73308,2020-07-06 00:00:00.000000000
73310,2020-07-06 00:00:00.000000000
73309,2020-07-06 00:00:00.000000000
73312,2020-07-06 00:00:00.000000000
73313,2020-07-06 00:00:00.000000000
73315,2020-07-06 00:00:00.000000000
73316,2020-07-06 00:00:00.000000000
73314,2020-07-06 00:00:00.000000000
73317,2020-07-06 00:00:00.000000000
73320,2020-07-06 00:00:00.000000000
73322,2020-07-06 00:00:00.000000000
73324,2020-07-06 00:00:00.000000000
73327,2020-07-06 00:00:00.000000000
73328,2020-07-06 00:00:00.000000000
73329,2020-07-06 00:00:00.000000000
73330,2020-07-06 00:00:00.000000000
73109,2020-07-06 00:00:00.000000000
24196,2020-07-07 00:00:00.000000000
27148,2020-07-07 00:00:00.000000000
64357,2020-07-07 00:00:00.000000000
24097,2020-07-08 00:00:00.000000000
60229,2020-07-08 00:00:00.000000000
59643,2020-07-08 00:00:00.000000000
59173,2020-07-09 00:00:00.000000000
24416,2020-07-09 00:00:00.000000000
05166,2020-07-09 00:00:00.000000000
77229,2020-07-13 00:00:00.000000000
51227,2020-07-16 00:00:00.000000000
64208,2020-07-20 00:00:00.000000000
05079,2020-07-20 00:00:00.000000000
24252,2020-07-20 00:00:00.000000000
24184,2020-07-21 00:00:00.000000000
05130,2020-07-21 00:00:00.000000000
59611,2020-07-22 00:00:00.000000000
68146,2020-07-23 00:00:00.000000000
40105,2020-07-24 00:00:00.000000000
59281,2020-07-24 00:00:00.000000000
59303,2020-07-28 00:00:00.000000000
43076,2020-07-29 00:00:00.000000000
64008,2020-07-30 00:00:00.000000000
64228,2020-07-30 00:00:00.000000000
64476,2020-07-30 00:00:00.000000000
64014,2020-07-31 00:00:00.000000000
42328,2020-07-31 00:00:00.000000000
24036,2020-08-03 00:00:00.000000000
24459,2020-08-04 00:00:00.000000000
61224,2020-08-06 00:00:00.000000000
38357,2020-08-06 00:00:00.000000000
64113,2020-08-07 00:00:00.000000000
74105,2020-08-07 00:00:00.000000000
24197,2020-08-07 00:00:00.000000000
64013,2020-08-11 00:00:00.000000000
57704,2020-08-11 00:00:00.000000000
64007,2020-08-12 00:00:00.000000000
64155,2020-08-13 00:00:00.000000000
24411,2020-08-18 00:00:00.000000000
49246,2020-08-20 00:00:00.000000000
77317,2020-08-26 00:00:00.000000000
81189,2020-08-26 00:00:00.000000000
81312,2020-08-26 00:00:00.000000000
49188,2020-08-28 00:00:00.000000000
49017,2020-08-31 00:00:00.000000000
32005,2020-09-02 00:00:00.000000000
64105,2020-09-02 00:00:00.000000000
40138,2020-09-02 00:00:00.000000000
32274,2020-09-03 00:00:00.000000000
64534,2020-09-08 00:00:00.000000000
59208,2020-09-09 00:00:00.000000000
44168,2020-09-10 00:00:00.000000000
19228,2020-09-10 00:00:00.000000000
24205,2020-09-13 00:00:00.000000000
24510,2020-09-14 00:00:00.000000000
24326,2020-09-16 00:00:00.000000000
45142,2020-09-18 00:00:00.000000000
32157,2020-09-18 00:00:00.000000000
64489,2020-09-18 00:00:00.000000000
50550,2020-09-19 00:00:00.000000000
31056,2020-09-21 00:00:00.000000000
27610,2020-09-21 00:00:00.000000000
31541,2020-09-21 00:00:00.000000000
30338,2020-09-21 00:00:00.000000000
43018,2020-09-22 00:00:00.000000000
13017,2020-09-22 00:00:00.000000000
68064,2020-09-22 00:00:00.000000000
43108,2020-09-22 00:00:00.000000000
24110,2020-09-22 00:00:00.000000000
26188,2020-09-22 00:00:00.000000000
60067,2020-09-24 00:00:00.000000000
05038,2020-09-25 00:00:00.000000000
24300,2020-09-25 00:00:00.000000000
81261,2020-09-25 00:00:00.000000000
64520,2020-09-25 00:00:00.000000000
30084,2020-09-28 00:00:00.000000000
68084,2020-09-28 00:00:00.000000000
64227,2020-09-28 00:00:00.000000000
30031,2020-09-28 00:00:00.000000000
68386,2020-09-28 00:00:00.000000000
30005,2020-09-29 00:00:00.000000000
84014,2020-09-29 00:00:00.000000000
30277,2020-09-30 00:00:00.000000000
30355,2020-09-30 00:00:00.000000000
30290,2020-09-30 00:00:00.000000000
30292,2020-09-30 00:00:00.000000000
30302,2020-09-30 00:00:00.000000000
64214,2020-10-01 00:00:00.000000000
30232,2020-10-02 00:00:00.000000000
24059,2020-10-05 00:00:00.000000000
28316,2020-10-06 00:00:00.000000000
49055,2020-10-07 00:00:00.000000000
68093,2020-10-07 00:00:00.000000000
68101,2020-10-07 00:00:00.000000000
68238,2020-10-07 00:00:00.000000000
68254,2020-10-07 00:00:00.000000000
68323,2020-10-07 00:00:00.000000000
50241,2020-10-08 00:00:00.000000000
42039,2020-10-09 00:00:00.000000000
84071,2020-10-09 00:00:00.000000000
68384,2020-10-09 00:00:00.000000000
24141,2020-10-11 00:00:00.000000000
34283,2020-10-11 00:00:00.000000000
13002,2020-10-12 00:00:00.000000000
24094,2020-10-12 00:00:00.000000000
37203,2020-10-12 00:00:00.000000000
43032,2020-10-14 00:00:00.000000000
71108,2020-10-14 00:00:00.000000000
24477,2020-10-14 00:00:00.000000000
43035,2020-10-15 00:00:00.000000000
30096,2020-10-15 00:00:00.000000000
51003,2020-10-16 00:00:00.000000000
51023,2020-10-16 00:00:00.000000000
51031,2020-10-16 00:00:00.000000000
51078,2020-10-16 00:00:00.000000000
51117,2020-10-16 00:00:00.000000000
51146,2020-10-16 00:00:00.000000000
51150,2020-10-16 00:00:00.000000000
51108,2020-10-16 00:00:00.000000000
51160,2020-10-16 00:00:00.000000000
51161,2020-10-16 00:00:00.000000000
51168,2020-10-16 00:00:00.000000000
77139,2020-10-16 00:00:00.000000000
51205,2020-10-16 00:00:00.000000000
51212,2020-10-16 00:00:00.000000000
51242,2020-10-16 00:00:00.000000000
51285,2020-10-16 00:00:00.000000000
51301,2020-10-16 00:00:00.000000000
51312,2020-10-16 00:00:00.000000000
51303,2020-10-16 00:00:00.000000000
51617,2020-10-16 00:00:00.000000000
51319,2020-10-16 00:00:00.000000000
51278,2020-10-16 00:00:00.000000000
51326,2020-10-16 00:00:00.000000000
51357,2020-10-16 00:00:00.000000000
51372,2020-10-16 00:00:00.000000000
51377,2020-10-16 00:00:00.000000000
51388,2020-10-16 00:00:00.000000000
51389,2020-10-16 00:00:00.000000000
51453,2020-10-16 00:00:00.000000000
51485,2020-10-16 00:00:00.000000000
49306,2020-10-16 00:00:00.000000000
51504,2020-10-16 00:00:00.000000000
51506,2020-10-16 00:00:00.000000000
30303,2020-10-16 00:00:00.000000000
51476,2020-10-16 00:00:00.000000000
51525,2020-10-16 00:00:00.000000000
51545,2020-10-16 00:00:00.000000000
51556,2020-10-16 00:00:00.000000000
51555,2020-10-16 00:00:00.000000000
51587,2020-10-16 00:00:00.000000000
51594,2020-10-16 00:00:00.000000000
51595,2020-10-16 00:00:00.000000000
51634,2020-10-16 00:00:00.000000000
51656,2020-10-16 00:00:00.000000000
60032,2020-10-20 00:00:00.000000000
60068,2020-10-20 00:00:00.000000000
60167,2020-10-20 00:00:00.000000000
30181,2020-10-20 00:00:00.000000000
49216,2020-10-20 00:00:00.000000000
19056,2020-10-22 00:00:00.000000000
68066,2020-10-22 00:00:00.000000000
30098,2020-10-22 00:00:00.000000000
30282,2020-10-22 00:00:00.000000000
60064,2020-10-23 00:00:00.000000000
81066,2020-10-23 00:00:00.000000000
77337,2020-10-23 00:00:00.000000000
24025,2020-10-26 00:00:00.000000000
30163,2020-10-26 00:00:00.000000000
13061,2020-10-26 00:00:00.000000000
38230,2020-10-27 00:00:00.000000000
66142,2020-10-27 00:00:00.000000000
64515,2020-10-27 00:00:00.000000000
64530,2020-10-29 00:00:00.000000000
30349,2020-10-29 00:00:00.000000000
23115,2020-10-30 00:00:00.000000000
64266,2020-11-02 00:00:00.000000000
64383,2020-11-02 00:00:00.000000000
60438,2020-11-02 00:00:00.000000000
24251,2020-11-03 00:00:00.000000000
30226,2020-11-04 00:00:00.000000000
64066,2020-11-05 00:00:00.000000000
24106,2020-11-05 00:00:00.000000000
05144,2020-11-05 00:00:00.000000000
24190,2020-11-06 00:00:00.000000000
64328,2020-11-06 00:00:00.000000000
31351,2020-11-06 00:00:00.000000000
34277,2020-11-07 00:00:00.000000000
42089,2020-11-09 00:00:00.000000000
64223,2020-11-09 00:00:00.000000000
49223,2020-11-09 00:00:00.000000000
42204,2020-11-09 00:00:00.000000000
03066,2020-11-10 00:00:00.000000000
24131,2020-11-10 00:00:00.000000000
64281,2020-11-10 00:00:00.000000000
31591,2020-11-11 00:00:00.000000000
71532,2020-11-12 00:00:00.000000000
43002,2020-11-13 00:00:00.000000000
64086,2020-11-13 00:00:00.000000000
95018,2020-11-16 00:00:00.000000000
52114,2020-11-16 00:00:00.000000000
24525,2020-11-16 00:00:00.000000000
16301,2020-11-18 00:00:00.000000000
29269,2020-11-18 00:00:00.000000000
64067,2020-11-19 00:00:00.000000000
44009,2020-11-19 00:00:00.000000000
64157,2020-11-19 00:00:00.000000000
64220,2020-11-19 00:00:00.000000000
44215,2020-11-19 00:00:00.000000000
59247,2020-11-20 00:00:00.000000000
56127,2020-11-23 00:00:00.000000000
24336,2020-11-23 00:00:00.000000000
85196,2020-11-23 00:00:00.000000000
60600,2020-11-23 00:00:00.000000000
24470,2020-11-23 00:00:00.000000000
15223,2020-11-23 00:00:00.000000000
30343,2020-11-23 00:00:00.000000000
30055,2020-11-24 00:00:00.000000000
30088,2020-11-24 00:00:00.000000000
42084,2020-11-24 00:00:00.000000000
64221,2020-11-24 00:00:00.000000000
64524,2020-11-24 00:00:00.000000000
81020,2020-11-25 00:00:00.000000000
43061,2020-11-25 00:00:00.000000000
12067,2020-11-25 00:00:00.000000000
65058,2020-11-26 00:00:00.000000000
30278,2020-11-26 00:00:00.000000000
13099,2020-11-26 00:00:00.000000000
64503,2020-11-26 00:00:00.000000000
30159,2020-11-27 00:00:00.000000000
59494,2020-11-27 00:00:00.000000000
63256,2020-11-28 00:00:00.000000000
64159,2020-12-01 00:00:00.000000000
64360,2020-12-01 00:00:00.000000000
30048,2020-12-02 00:00:00.000000000
76734,2020-12-02 00:00:00.000000000
41285,2020-12-02 00:00:00.000000000
49132,2020-12-02 00:00:00.000000000
42121,2020-12-03 00:00:00.000000000
24434,2020-12-03 00:00:00.000000000
05149,2020-12-03 00:00:00.000000000
36219,2020-12-03 00:00:00.000000000
24560,2020-12-03 00:00:00.000000000
64371,2020-12-04 00:00:00.000000000
64397,2020-12-04 00:00:00.000000000
35198,2020-12-04 00:00:00.000000000
64277,2020-12-05 00:00:00.000000000
61256,2020-12-06 00:00:00.000000000
64166,2020-12-07 00:00:00.000000000
51363,2020-12-07 00:00:00.000000000
37179,2020-12-07 00:00:00.000000000
24548,2020-12-07 00:00:00.000000000
09018,2020-12-08 00:00:00.000000000
68129,2020-12-08 00:00:00.000000000
43059,2020-12-08 00:00:00.000000000
64413,2020-12-08 00:00:00.000000000
19093,2020-12-09 00:00:00.000000000
68256,2020-12-09 00:00:00.000000000
30149,2020-12-10 00:00:00.000000000
24304,2020-12-10 00:00:00.000000000
04104,2020-12-11 00:00:00.000000000
42150,2020-12-11 00:00:00.000000000
24386,2020-12-11 00:00:00.000000000
69246,2020-12-12 00:00:00.000000000
29208,2020-12-14 00:00:00.000000000
68020,2020-12-15 00:00:00.000000000
37217,2020-12-15 00:00:00.000000000
64010,2020-12-16 00:00:00.000000000
76508,2020-12-16 00:00:00.000000000
31544,2020-12-16 00:00:00.000000000
24573,2020-12-16 00:00:00.000000000
17092,2020-12-17 00:00:00.000000000
68072,2020-12-17 00:00:00.000000000
80662,2020-12-17 00:00:00.000000000
68267,2020-12-17 00:00:00.000000000
87124,2020-12-17 00:00:00.000000000
24482,2020-12-17 00:00:00.000000000
84120,2020-12-17 00:00:00.000000000
30194,2020-12-18 00:00:00.000000000
25017,2020-12-19 00:00:00.000000000
59195,2020-12-21 00:00:00.000000000
68253,2020-12-21 00:00:00.000000000
46317,2020-12-21 00:00:00.000000000
88005,2020-12-22 00:00:00.000000000
65167,2020-12-22 00:00:00.000000000
24211,2020-12-22 00:00:00.000000000
30342,2020-12-22 00:00:00.000000000
63005,2020-12-23 00:00:00.000000000
24004,2020-12-28 00:00:00.000000000
13029,2020-12-28 00:00:00.000000000
24200,2020-12-28 00:00:00.000000000
24404,2020-12-28 00:00:00.000000000
24007,2020-12-29 00:00:00.000000000
16044,2020-12-29 00:00:00.000000000
24318,2020-12-29 00:00:00.000000000
24528,2020-12-29 00:00:00.000000000
24577,2020-12-29 00:00:00.000000000
63020,2020-12-30 00:00:00.000000000
64134,2020-12-30 00:00:00.000000000
24284,2020-12-30 00:00:00.000000000
62614,2020-12-30 00:00:00.000000000
37205,2020-12-30 00:00:00.000000000
55037,2020-12-31 00:00:00.000000000
01224,2021-01-01 00:00:00.000000000
04171,2021-01-02 00:00:00.000000000
68088,2021-01-04 00:00:00.000000000
91330,2021-01-04 00:00:00.000000000
31365,2021-01-04 00:00:00.000000000
26212,2021-01-04 00:00:00.000000000
44114,2021-01-04 00:00:00.000000000
68258,2021-01-04 00:00:00.000000000
43174,2021-01-04 00:00:00.000000000
68343,2021-01-04 00:00:00.000000000
31588,2021-01-04 00:00:00.000000000
68032,2021-01-05 00:00:00.000000000
42093,2021-01-05 00:00:00.000000000
58119,2021-01-05 00:00:00.000000000
19117,2021-01-05 00:00:00.000000000
24365,2021-01-05 00:00:00.000000000
19286,2021-01-05 00:00:00.000000000
68043,2021-01-06 00:00:00.000000000
57174,2021-01-06 00:00:00.000000000
77211,2021-01-06 00:00:00.000000000
24424,2021-01-06 00:00:00.000000000
13097,2021-01-06 00:00:00.000000000
59106,2021-01-07 00:00:00.000000000
31149,2021-01-07 00:00:00.000000000
38161,2021-01-07 00:00:00.000000000
24208,2021-01-07 00:00:00.000000000
30230,2021-01-07 00:00:00.000000000
19253,2021-01-07 00:00:00.000000000
38388,2021-01-08 00:00:00.000000000
31490,2021-01-08 00:00:00.000000000
46276,2021-01-08 00:00:00.000000000
68321,2021-01-08 00:00:00.000000000
70145,2021-01-09 00:00:00.000000000
31044,2021-01-11 00:00:00.000000000
62154,2021-01-11 00:00:00.000000000
59092,2021-01-11 00:00:00.000000000
16167,2021-01-11 00:00:00.000000000
05113,2021-01-11 00:00:00.000000000
57575,2021-01-11 00:00:00.000000000
05114,2021-01-11 00:00:00.000000000
71154,2021-01-12 00:00:00.000000000
64484,2021-01-12 00:00:00.000000000
59602,2021-01-12 00:00:00.000000000
56010,2021-01-13 00:00:00.000000000
62645,2021-01-13 00:00:00.000000000
24432,2021-01-13 00:00:00.000000000
33070,2021-01-14 00:00:00.000000000
64161,2021-01-14 00:00:00.000000000
64250,2021-01-14 00:00:00.000000000
65317,2021-01-14 00:00:00.000000000
05112,2021-01-14 00:00:00.000000000
42264,2021-01-14 00:00:00.000000000
64031,2021-01-15 00:00:00.000000000
64080,2021-01-15 00:00:00.000000000
63042,2021-01-15 00:00:00.000000000
30043,2021-01-15 00:00:00.000000000
31088,2021-01-15 00:00:00.000000000
54124,2021-01-15 00:00:00.000000000
92019,2021-01-15 00:00:00.000000000
76266,2021-01-15 00:00:00.000000000
59320,2021-01-15 00:00:00.000000000
64282,2021-01-15 00:00:00.000000000
64540,2021-01-15 00:00:00.000000000
30337,2021-01-17 00:00:00.000000000
65037,2021-01-18 00:00:00.000000000
24074,2021-01-18 00:00:00.000000000
31150,2021-01-18 00:00:00.000000000
31205,2021-01-18 00:00:00.000000000
31561,2021-01-18 00:00:00.000000000
59470,2021-01-18 00:00:00.000000000
56188,2021-01-18 00:00:00.000000000
43010,2021-01-19 00:00:00.000000000
35324,2021-01-19 00:00:00.000000000
33321,2021-01-19 00:00:00.000000000
31555,2021-01-19 00:00:00.000000000
81067,2021-01-20 00:00:00.000000000
19035,2021-01-20 00:00:00.000000000
81090,2021-01-20 00:00:00.000000000
24210,2021-01-20 00:00:00.000000000
34153,2021-01-20 00:00:00.000000000
24260,2021-01-20 00:00:00.000000000
31391,2021-01-20 00:00:00.000000000
81246,2021-01-20 00:00:00.000000000
62772,2021-01-20 00:00:00.000000000
45313,2021-01-20 00:00:00.000000000
34319,2021-01-20 00:00:00.000000000
81316,2021-01-20 00:00:00.000000000
31589,2021-01-20 00:00:00.000000000
06029,2021-01-21 00:00:00.000000000
24083,2021-01-21 00:00:00.000000000
81095,2021-01-21 00:00:00.000000000
80425,2021-01-21 00:00:00.000000000
68126,2021-01-21 00:00:00.000000000
81117,2021-01-21 00:00:00.000000000
42122,2021-01-21 00:00:00.000000000
42142,2021-01-21 00:00:00.000000000
88383,2021-01-21 00:00:00.000000000
49334,2021-01-21 00:00:00.000000000
59649,2021-01-21 00:00:00.000000000
24070,2021-01-22 00:00:00.000000000
81080,2021-01-22 00:00:00.000000000
81093,2021-01-22 00:00:00.000000000
30113,2021-01-22 00:00:00.000000000
02381,2021-01-22 00:00:00.000000000
37160,2021-01-22 00:00:00.000000000
50445,2021-01-22 00:00:00.000000000
30255,2021-01-22 00:00:00.000000000
68320,2021-01-22 00:00:00.000000000
61032,2021-01-24 00:00:00.000000000
71016,2021-01-25 00:00:00.000000000
05058,2021-01-25 00:00:00.000000000
31230,2021-01-25 00:00:00.000000000
34270,2021-01-25 00:00:00.000000000
24452,2021-01-25 00:00:00.000000000
49029,2021-01-26 00:00:00.000000000
58074,2021-01-26 00:00:00.000000000
76247,2021-01-26 00:00:00.000000000
31206,2021-01-26 00:00:00.000000000
30136,2021-01-26 00:00:00.000000000
81313,2021-01-26 00:00:00.000000000
14491,2021-01-26 00:00:00.000000000
38352,2021-01-26 00:00:00.000000000
84136,2021-01-26 00:00:00.000000000
05176,2021-01-26 00:00:00.000000000
26374,2021-01-26 00:00:00.000000000
16003,2021-01-27 00:00:00.000000000
16013,2021-01-27 00:00:00.000000000
16014,2021-01-27 00:00:00.000000000
16025,2021-01-27 00:00:00.000000000
16040,2021-01-27 00:00:00.000000000
60070,2021-01-27 00:00:00.000000000
16047,2021-01-27 00:00:00.000000000
16055,2021-01-27 00:00:00.000000000
16059,2021-01-27 00:00:00.000000000
16036,2021-01-27 00:00:00.000000000
16074,2021-01-27 00:00:00.000000000
16075,2021-01-27 00:00:00.000000000
16084,2021-01-27 00:00:00.000000000
16093,2021-01-27 00:00:00.000000000
16095,2021-01-27 00:00:00.000000000
16099,2021-01-27 00:00:00.000000000
16090,2021-01-27 00:00:00.000000000
16091,2021-01-27 00:00:00.000000000
16103,2021-01-27 00:00:00.000000000
16105,2021-01-27 00:00:00.000000000
16107,2021-01-27 00:00:00.000000000
16111,2021-01-27 00:00:00.000000000
16117,2021-01-27 00:00:00.000000000
16121,2021-01-27 00:00:00.000000000
16143,2021-01-27 00:00:00.000000000
23080,2021-01-27 00:00:00.000000000
64235,2021-01-27 00:00:00.000000000
16168,2021-01-27 00:00:00.000000000
16173,2021-01-27 00:00:00.000000000
16282,2021-01-27 00:00:00.000000000
16177,2021-01-27 00:00:00.000000000
39119,2021-01-27 00:00:00.000000000
16261,2021-01-27 00:00:00.000000000
16185,2021-01-27 00:00:00.000000000
16198,2021-01-27 00:00:00.000000000
16223,2021-01-27 00:00:00.000000000
16227,2021-01-27 00:00:00.000000000
16241,2021-01-27 00:00:00.000000000
16250,2021-01-27 00:00:00.000000000
16251,2021-01-27 00:00:00.000000000
16254,2021-01-27 00:00:00.000000000
16256,2021-01-27 00:00:00.000000000
16269,2021-01-27 00:00:00.000000000
16275,2021-01-27 00:00:00.000000000
16283,2021-01-27 00:00:00.000000000
16285,2021-01-27 00:00:00.000000000
16295,2021-01-27 00:00:00.000000000
16303,2021-01-27 00:00:00.000000000
16336,2021-01-27 00:00:00.000000000
16338,2021-01-27 00:00:00.000000000
16347,2021-01-27 00:00:00.000000000
16354,2021-01-27 00:00:00.000000000
16361,2021-01-27 00:00:00.000000000
16369,2021-01-27 00:00:00.000000000
16384,2021-01-27 00:00:00.000000000
16390,2021-01-27 00:00:00.000000000
16394,2021-01-27 00:00:00.000000000
16408,2021-01-27 00:00:00.000000000
16424,2021-01-27 00:00:00.000000000
16425,2021-01-27 00:00:00.000000000
16125,2021-01-27 00:00:00.000000000
16133,2021-01-27 00:00:00.000000000
95026,2021-01-28 00:00:00.000000000
66038,2021-01-28 00:00:00.000000000
30092,2021-01-28 00:00:00.000000000
30134,2021-01-28 00:00:00.000000000
81127,2021-01-28 00:00:00.000000000
19182,2021-01-28 00:00:00.000000000
81270,2021-01-28 00:00:00.000000000
24574,2021-01-28 00:00:00.000000000
81012,2021-01-29 00:00:00.000000000
16082,2021-01-29 00:00:00.000000000
81056,2021-01-29 00:00:00.000000000
16148,2021-01-29 00:00:00.000000000
81106,2021-01-29 00:00:00.000000000
16224,2021-01-29 00:00:00.000000000
29193,2021-01-29 00:00:00.000000000
16339,2021-01-29 00:00:00.000000000
27447,2021-01-30 00:00:00.000000000
88377,2021-01-30 00:00:00.000000000
76394,2021-02-01 00:00:00.000000000
16248,2021-02-01 00:00:00.000000000
59458,2021-02-01 00:00:00.000000000
30225,2021-02-01 00:00:00.000000000
80717,2021-02-01 00:00:00.000000000
30316,2021-02-01 00:00:00.000000000
83137,2021-02-01 00:00:00.000000000
57051,2021-02-02 00:00:00.000000000
24057,2021-02-02 00:00:00.000000000
44047,2021-02-02 00:00:00.000000000
80424,2021-02-02 00:00:00.000000000
49045,2021-02-02 00:00:00.000000000
40139,2021-02-02 00:00:00.000000000
30182,2021-02-02 00:00:00.000000000
59550,2021-02-02 00:00:00.000000000
39548,2021-02-02 00:00:00.000000000
26009,2021-02-03 00:00:00.000000000
59017,2021-02-03 00:00:00.000000000
42009,2021-02-03 00:00:00.000000000
24016,2021-02-03 00:00:00.000000000
07051,2021-02-03 00:00:00.000000000
25207,2021-02-03 00:00:00.000000000
68155,2021-02-03 00:00:00.000000000
65267,2021-02-03 00:00:00.000000000
88429,2021-02-03 00:00:00.000000000
24150,2021-02-04 00:00:00.000000000
05061,2021-02-04 00:00:00.000000000
24175,2021-02-04 00:00:00.000000000
24267,2021-02-04 00:00:00.000000000
58218,2021-02-04 00:00:00.000000000
42324,2021-02-04 00:00:00.000000000
80063,2021-02-05 00:00:00.000000000
14327,2021-02-05 00:00:00.000000000
61187,2021-02-05 00:00:00.000000000
05098,2021-02-05 00:00:00.000000000
31310,2021-02-05 00:00:00.000000000
19134,2021-02-05 00:00:00.000000000
56204,2021-02-05 00:00:00.000000000
24463,2021-02-05 00:00:00.000000000
38513,2021-02-05 00:00:00.000000000
16421,2021-02-05 00:00:00.000000000
05094,2021-02-06 00:00:00.000000000
04005,2021-02-08 00:00:00.000000000
05013,2021-02-08 00:00:00.000000000
62084,2021-02-08 00:00:00.000000000
43049,2021-02-08 00:00:00.000000000
16155,2021-02-08 00:00:00.000000000
24471,2021-02-08 00:00:00.000000000
42054,2021-02-09 00:00:00.000000000
29159,2021-02-09 00:00:00.000000000
24392,2021-02-09 00:00:00.000000000
60579,2021-02-09 00:00:00.000000000
60674,2021-02-09 00:00:00.000000000
38048,2021-02-10 00:00:00.000000000
51087,2021-02-10 00:00:00.000000000
60152,2021-02-10 00:00:00.000000000
04045,2021-02-10 00:00:00.000000000
60254,2021-02-10 00:00:00.000000000
60308,2021-02-10 00:00:00.000000000
24354,2021-02-10 00:00:00.000000000
15268,2021-02-10 00:00:00.000000000
33240,2021-02-10 00:00:00.000000000
40161,2021-02-10 00:00:00.000000000
60441,2021-02-10 00:00:00.000000000
50382,2021-02-10 00:00:00.000000000
68270,2021-02-10 00:00:00.000000000
60024,2021-02-11 00:00:00.000000000
60184,2021-02-11 00:00:00.000000000
81081,2021-02-11 00:00:00.000000000
59256,2021-02-11 00:00:00.000000000
23091,2021-02-11 00:00:00.000000000
60305,2021-02-11 00:00:00.000000000
60445,2021-02-11 00:00:00.000000000
71386,2021-02-11 00:00:00.000000000
60569,2021-02-11 00:00:00.000000000
60572,2021-02-11 00:00:00.000000000
34334,2021-02-11 00:00:00.000000000
86123,2021-02-12 00:00:00.000000000
16062,2021-02-12 00:00:00.000000000
16077,2021-02-12 00:00:00.000000000
30107,2021-02-12 00:00:00.000000000
30124,2021-02-12 00:00:00.000000000
24266,2021-02-12 00:00:00.000000000
02607,2021-02-13 00:00:00.000000000
05056,2021-02-14 00:00:00.000000000
04134,2021-02-14 00:00:00.000000000
02404,2021-02-14 00:00:00.000000000
05183,2021-02-14 00:00:00.000000000
30070,2021-02-15 00:00:00.000000000
60323,2021-02-15 00:00:00.000000000
05068,2021-02-15 00:00:00.000000000
05016,2021-02-15 00:00:00.000000000
60338,2021-02-15 00:00:00.000000000
84069,2021-02-15 00:00:00.000000000
70341,2021-02-15 00:00:00.000000000
49259,2021-02-15 00:00:00.000000000
62724,2021-02-15 00:00:00.000000000
31461,2021-02-15 00:00:00.000000000
57601,2021-02-15 00:00:00.000000000
02668,2021-02-15 00:00:00.000000000
80734,2021-02-15 00:00:00.000000000
24571,2021-02-15 00:00:00.000000000
37272,2021-02-15 00:00:00.000000000
31086,2021-02-16 00:00:00.000000000
02198,2021-02-16 00:00:00.000000000
84040,2021-02-16 00:00:00.000000000
63063,2021-02-16 00:00:00.000000000
30116,2021-02-16 00:00:00.000000000
49167,2021-02-16 00:00:00.000000000
68195,2021-02-16 00:00:00.000000000
68218,2021-02-16 00:00:00.000000000
42175,2021-02-16 00:00:00.000000000
49308,2021-02-16 00:00:00.000000000
76703,2021-02-16 00:00:00.000000000
02831,2021-02-16 00:00:00.000000000
30028,2021-02-17 00:00:00.000000000
88176,2021-02-17 00:00:00.000000000
16163,2021-02-17 00:00:00.000000000
07109,2021-02-17 00:00:00.000000000
81196,2021-02-17 00:00:00.000000000
02661,2021-02-17 00:00:00.000000000
56087,2021-02-17 00:00:00.000000000
30021,2021-02-18 00:00:00.000000000
30059,2021-02-18 00:00:00.000000000
05092,2021-02-18 00:00:00.000000000
37187,2021-02-18 00:00:00.000000000
40317,2021-02-18 00:00:00.000000000
81043,2021-02-19 00:00:00.000000000
71200,2021-02-19 00:00:00.000000000
64353,2021-02-19 00:00:00.000000000
80559,2021-02-19 00:00:00.000000000
84074,2021-02-19 00:00:00.000000000
17302,2021-02-19 00:00:00.000000000
18200,2021-02-19 00:00:00.000000000
41265,2021-02-19 00:00:00.000000000
02414,2021-02-20 00:00:00.000000000
61082,2021-02-20 00:00:00.000000000
15030,2021-02-22 00:00:00.000000000
81076,2021-02-22 00:00:00.000000000
16119,2021-02-22 00:00:00.000000000
62528,2021-02-22 00:00:00.000000000
31376,2021-02-22 00:00:00.000000000
30180,2021-02-22 00:00:00.000000000
56146,2021-02-22 00:00:00.000000000
30195,2021-02-22 00:00:00.000000000
24494,2021-02-22 00:00:00.000000000
34016,2021-02-23 00:00:00.000000000
71149,2021-02-23 00:00:00.000000000
05139,2021-02-23 00:00:00.000000000
05055,2021-02-23 00:00:00.000000000
37151,2021-02-23 00:00:00.000000000
18217,2021-02-23 00:00:00.000000000
02686,2021-02-23 00:00:00.000000000
61012,2021-02-24 00:00:00.000000000
02064,2021-02-24 00:00:00.000000000
16063,2021-02-24 00:00:00.000000000
05071,2021-02-24 00:00:00.000000000
04175,2021-02-24 00:00:00.000000000
13096,2021-02-24 00:00:00.000000000
14025,2021-02-25 00:00:00.000000000
14527,2021-02-25 00:00:00.000000000
14084,2021-02-25 00:00:00.000000000
14172,2021-02-25 00:00:00.000000000
14173,2021-02-25 00:00:00.000000000
14232,2021-02-25 00:00:00.000000000
42091,2021-02-25 00:00:00.000000000
24188,2021-02-25 00:00:00.000000000
14300,2021-02-25 00:00:00.000000000
14412,2021-02-25 00:00:00.000000000
14448,2021-02-25 00:00:00.000000000
80572,2021-02-25 00:00:00.000000000
14484,2021-02-25 00:00:00.000000000
42182,2021-02-25 00:00:00.000000000
14533,2021-02-25 00:00:00.000000000
33357,2021-02-25 00:00:00.000000000
07191,2021-02-25 00:00:00.000000000
05147,2021-02-25 00:00:00.000000000
14607,2021-02-25 00:00:00.000000000
43216,2021-02-25 00:00:00.000000000
14661,2021-02-25 00:00:00.000000000
41233,2021-02-25 00:00:00.000000000
61151,2021-02-25 00:00:00.000000000
57708,2021-02-26 00:00:00.000000000
61238,2021-02-27 00:00:00.000000000
04033,2021-02-27 00:00:00.000000000
24199,2021-03-01 00:00:00.000000000
14404,2021-03-01 00:00:00.000000000
05096,2021-03-01 00:00:00.000000000
14644,2021-03-01 00:00:00.000000000
30304,2021-03-01 00:00:00.000000000
24584,2021-03-01 00:00:00.000000000
59018,2021-03-02 00:00:00.000000000
77051,2021-03-02 00:00:00.000000000
44049,2021-03-02 00:00:00.000000000
53141,2021-03-02 00:00:00.000000000
35178,2021-03-02 00:00:00.000000000
14621,2021-03-02 00:00:00.000000000
87001,2021-03-03 00:00:00.000000000
09009,2021-03-03 00:00:00.000000000
49008,2021-03-03 00:00:00.000000000
13004,2021-03-03 00:00:00.000000000
49056,2021-03-03 00:00:00.000000000
03078,2021-03-03 00:00:00.000000000
63099,2021-03-03 00:00:00.000000000
14236,2021-03-03 00:00:00.000000000
14320,2021-03-03 00:00:00.000000000
68118,2021-03-03 00:00:00.000000000
14326,2021-03-03 00:00:00.000000000
14455,2021-03-03 00:00:00.000000000
05106,2021-03-03 00:00:00.000000000
14648,2021-03-03 00:00:00.000000000
08429,2021-03-03 00:00:00.000000000
29287,2021-03-03 00:00:00.000000000
14231,2021-03-04 00:00:00.000000000
70128,2021-03-04 00:00:00.000000000
14360,2021-03-04 00:00:00.000000000
77347,2021-03-04 00:00:00.000000000
58231,2021-03-04 00:00:00.000000000
19187,2021-03-04 00:00:00.000000000
14598,2021-03-04 00:00:00.000000000
05164,2021-03-04 00:00:00.000000000
13108,2021-03-04 00:00:00.000000000
59658,2021-03-04 00:00:00.000000000
07015,2021-03-05 00:00:00.000000000
30103,2021-03-05 00:00:00.000000000
66078,2021-03-05 00:00:00.000000000
14308,2021-03-05 00:00:00.000000000
78325,2021-03-05 00:00:00.000000000
85144,2021-03-05 00:00:00.000000000
31466,2021-03-05 00:00:00.000000000
35288,2021-03-05 00:00:00.000000000
84115,2021-03-05 00:00:00.000000000
13101,2021-03-05 00:00:00.000000000
58305,2021-03-05 00:00:00.000000000
63021,2021-03-08 00:00:00.000000000
83008,2021-03-08 00:00:00.000000000
16110,2021-03-08 00:00:00.000000000
04065,2021-03-08 00:00:00.000000000
08232,2021-03-08 00:00:00.000000000
04138,2021-03-08 00:00:00.000000000
04141,2021-03-08 00:00:00.000000000
70407,2021-03-08 00:00:00.000000000
19180,2021-03-08 00:00:00.000000000
05132,2021-03-08 00:00:00.000000000
05142,2021-03-08 00:00:00.000000000
24480,2021-03-08 00:00:00.000000000
04206,2021-03-08 00:00:00.000000000
05007,2021-03-09 00:00:00.000000000
24115,2021-03-09 00:00:00.000000000
84060,2021-03-09 00:00:00.000000000
05062,2021-03-09 00:00:00.000000000
84077,2021-03-09 00:00:00.000000000
43233,2021-03-09 00:00:00.000000000
05008,2021-03-10 00:00:00.000000000
05121,2021-03-10 00:00:00.000000000
24448,2021-03-10 00:00:00.000000000
81009,2021-03-11 00:00:00.000000000
43093,2021-03-11 00:00:00.000000000
24442,2021-03-11 00:00:00.000000000
19273,2021-03-11 00:00:00.000000000
14015,2021-03-12 00:00:00.000000000
81084,2021-03-12 00:00:00.000000000
35001,2021-03-15 00:00:00.000000000
35024,2021-03-15 00:00:00.000000000
14078,2021-03-15 00:00:00.000000000
35032,2021-03-15 00:00:00.000000000
35022,2021-03-15 00:00:00.000000000
35081,2021-03-15 00:00:00.000000000
24139,2021-03-15 00:00:00.000000000
35058,2021-03-15 00:00:00.000000000
24227,2021-03-15 00:00:00.000000000
30141,2021-03-15 00:00:00.000000000
35351,2021-03-15 00:00:00.000000000
35180,2021-03-15 00:00:00.000000000
35189,2021-03-15 00:00:00.000000000
35216,2021-03-15 00:00:00.000000000
35245,2021-03-15 00:00:00.000000000
24490,2021-03-15 00:00:00.000000000
35250,2021-03-15 00:00:00.000000000
35315,2021-03-15 00:00:00.000000000
24541,2021-03-15 00:00:00.000000000
05010,2021-03-16 00:00:00.000000000
26042,2021-03-16 00:00:00.000000000
39120,2021-03-16 00:00:00.000000000
24171,2021-03-16 00:00:00.000000000
21284,2021-03-16 00:00:00.000000000
35120,2021-03-16 00:00:00.000000000
02522,2021-03-16 00:00:00.000000000
60540,2021-03-16 00:00:00.000000000
54488,2021-03-16 00:00:00.000000000
49345,2021-03-17 00:00:00.000000000
16042,2021-03-17 00:00:00.000000000
49063,2021-03-17 00:00:00.000000000
83004,2021-03-17 00:00:00.000000000
24457,2021-03-17 00:00:00.000000000
31551,2021-03-17 00:00:00.000000000
30331,2021-03-17 00:00:00.000000000
30038,2021-03-17 08:19:57.313999872
19013,2021-03-17 08:27:44.558000128
02290,2021-03-17 09:36:41.440999936
09137,2021-03-17 09:38:45.249999872
63191,2021-03-17 10:08:19.116999936
69176,2021-03-17 10:09:59.972000000
76558,2021-03-17 10:19:54.878000128
65106,2021-03-17 10:21:30.425999872
93055,2021-03-17 10:22:35.620000000
79339,2021-03-17 10:26:46.312999936
27115,2021-03-17 10:33:06.572999936
67359,2021-03-17 10:37:22.695000064
61472,2021-03-17 11:02:30.968000000
63340,2021-03-17 11:08:44.072999936
13052,2021-03-17 11:25:19.188000000
32252,2021-03-17 11:27:05.356000000
63230,2021-03-17 12:17:54.215000064
24568,2021-03-17 12:21:00.449999872
31062,2021-03-17 13:02:05.831000064
32090,2021-03-17 13:08:19.931000064
84029,2021-03-17 13:24:58.611000064
29201,2021-03-17 13:38:59.785999872
38281,2021-03-17 13:42:55.652999936
05001,2021-03-17 14:01:25.484999936
63444,2021-03-17 14:12:44.191000064
30097,2021-03-17 14:55:48.239000064
04144,2021-03-17 14:57:28.668999936
30341,2021-03-17 15:46:34.708000000
30297,2021-03-17 16:47:07.044000000
63091,2021-03-17 16:57:09.395000064
16334,2021-03-17 17:27:46.171000064
30283,2021-03-17 17:30:35.608999936
33084,2021-03-17 19:03:10.388000000
81058,2021-03-17 19:33:01.536999936
33457,2021-03-17 22:19:24.379000064
24011,2021-03-18 00:00:00.000000000
37273,2021-03-18 00:00:00.000000000
46192,2021-03-18 00:00:00.000000000
30191,2021-03-18 00:00:00.000000000
14528,2021-03-18 00:00:00.000000000
30273,2021-03-18 00:00:00.000000000
17222,2021-03-18 06:29:22.068999936
05171,2021-03-18 06:52:11.692999936
04242,2021-03-18 07:47:19.320000000
77256,2021-03-18 07:57:48.880999936
80688,2021-03-18 08:20:16.270000128
29299,2021-03-18 08:29:32.828000000
18007,2021-03-18 10:11:10.063000064
05181,2021-03-18 10:36:12.572999936
69051,2021-03-18 10:45:21.132999936
29190,2021-03-18 11:04:56.344999936
46264,2021-03-18 12:23:53.864000000
80649,2021-03-18 13:49:21.452999936
27229,2021-03-18 13:56:02.152000000
30212,2021-03-18 14:15:26.332000000
38160,2021-03-18 14:29:57.078000128
57288,2021-03-18 14:38:45.160000000
82127,2021-03-18 15:04:19.416999936
43047,2021-03-18 15:35:08.007000064
38070,2021-03-18 15:39:09.496999936
69228,2021-03-18 16:05:48.969999872
18139,2021-03-18 17:08:16.665999872
31342,2021-03-18 17:35:03.423000064
63339,2021-03-18 17:36:45.428999936
40030,2021-03-19 00:00:00.000000000
30076,2021-03-19 00:00:00.000000000
81148,2021-03-19 00:00:00.000000000
29214,2021-03-19 00:00:00.000000000
30202,2021-03-19 00:00:00.000000000
58244,2021-03-19 05:28:07.704000000
05169,2021-03-19 09:15:46.473999872
46160,2021-03-19 09:21:03.990000128
29277,2021-03-19 10:20:33.012000000
2B290,2021-03-19 13:04:20.267000064
03220,2021-03-19 14:00:54.532999936
33342,2021-03-19 14:05:46.060000000
63352,2021-03-19 14:45:59.640000000
66083,2021-03-19 16:29:37.760999936
63367,2021-03-19 17:10:40.244999936
30247,2021-03-19 17:37:18.988999936
46114,2021-03-20 16:32:58.502000128
97611,2021-03-21 10:41:42.016000000
15010,2021-03-21 11:17:27.984000000
42038,2021-03-22 00:00:00.000000000
31143,2021-03-22 00:00:00.000000000
49110,2021-03-22 00:00:00.000000000
56071,2021-03-22 00:00:00.000000000
04220,2021-03-22 00:00:00.000000000
24243,2021-03-22 00:00:00.000000000
63263,2021-03-22 00:00:00.000000000
24468,2021-03-22 00:00:00.000000000
68375,2021-03-22 00:00:00.000000000
14257,2021-03-22 00:00:00.000000000
34215,2021-03-22 08:53:50.585999872
05063,2021-03-22 08:56:19.152000000
41100,2021-03-22 08:57:33.568000000
18155,2021-03-22 09:19:47.540999936
82112,2021-03-22 09:20:11.968000000
81249,2021-03-22 09:25:30.960999936
64191,2021-03-22 09:31:08.412000000
05046,2021-03-22 09:48:05.252000000
32360,2021-03-22 10:51:26.430000128
27011,2021-03-22 13:21:06.128000000
15248,2021-03-22 13:28:16.657999872
88413,2021-03-22 16:20:53.945999872
07045,2021-03-22 19:11:55.140999936
19005,2021-03-23 00:00:00.000000000
04073,2021-03-23 00:00:00.000000000
34099,2021-03-23 00:00:00.000000000
02315,2021-03-23 00:00:00.000000000
35064,2021-03-23 00:00:00.000000000
14371,2021-03-23 00:00:00.000000000
87091,2021-03-23 00:00:00.000000000
24261,2021-03-23 00:00:00.000000000
04195,2021-03-23 00:00:00.000000000
14667,2021-03-23 00:00:00.000000000
81286,2021-03-23 00:00:00.000000000
32435,2021-03-23 00:00:00.000000000
63157,2021-03-23 08:21:53.688999936
38002,2021-03-23 08:36:43.019000064
45252,2021-03-23 09:33:12.726000128
05073,2021-03-23 10:44:03.532000000
37180,2021-03-23 10:49:29.355000064
34092,2021-03-23 10:53:30.969999872
33130,2021-03-23 12:23:20.823000064
81142,2021-03-23 12:29:25.003000064
86066,2021-03-23 12:46:29.104000000
04013,2021-03-23 13:51:14.311000064
13078,2021-03-23 14:47:57.964000000
30166,2021-03-23 14:56:15.560000000
64148,2021-03-23 15:28:25.175000064
76471,2021-03-23 17:44:46.172999936
81098,2021-03-23 20:58:25.363000064
35039,2021-03-24 00:00:00.000000000
30178,2021-03-24 00:00:00.000000000
15123,2021-03-24 06:59:35.395000064
42053,2021-03-24 09:49:48.332000000
82189,2021-03-24 10:16:12.139000064
30340,2021-03-24 10:25:09.364999936
83066,2021-03-24 10:34:44.945999872
37271,2021-03-24 10:50:00.044999936
30122,2021-03-24 11:00:23.729999872
80142,2021-03-24 12:10:14.708999936
05064,2021-03-24 13:31:06.868000000
61210,2021-03-24 15:43:31.012000000
29172,2021-03-24 15:47:35.246000128
77452,2021-03-24 15:52:29.716999936
30025,2021-03-24 19:14:19.353999872
30131,2021-03-25 00:00:00.000000000
81136,2021-03-25 00:00:00.000000000
71588,2021-03-25 00:00:00.000000000
30148,2021-03-25 05:45:53.444000000
30013,2021-03-25 09:50:09.227000064
18280,2021-03-25 13:24:59.630000128
84145,2021-03-25 13:50:47.895000064
29076,2021-03-25 14:13:49.344999936
66157,2021-03-25 16:59:25.324000000
57220,2021-03-25 20:27:06.336999936
06065,2021-03-25 20:44:47.702000128
14252,2021-03-26 00:00:00.000000000
26229,2021-03-26 00:00:00.000000000
29116,2021-03-26 00:00:00.000000000
19109,2021-03-26 00:00:00.000000000
39389,2021-03-26 00:00:00.000000000
26259,2021-03-26 00:00:00.000000000
37219,2021-03-26 00:00:00.000000000
14579,2021-03-26 00:00:00.000000000
35353,2021-03-26 00:00:00.000000000
56094,2021-03-26 08:24:45.171000064
62457,2021-03-26 08:39:13.567000064
89073,2021-03-26 10:32:53.056000000
33089,2021-03-26 10:34:43.660999936
50120,2021-03-26 11:03:13.177999872
31485,2021-03-26 11:19:07.368999936
82077,2021-03-26 13:47:25.651000064
39101,2021-03-26 16:46:40.392000000
39531,2021-03-26 16:55:23.040999936
24262,2021-03-27 00:00:00.000000000
63145,2021-03-27 09:24:48.124999936
32057,2021-03-27 16:02:21.844000000
31273,2021-03-28 13:28:17.324999936
30083,2021-03-29 00:00:00.000000000
76268,2021-03-29 00:00:00.000000000
14389,2021-03-29 00:00:00.000000000
14391,2021-03-29 00:00:00.000000000
39429,2021-03-29 00:00:00.000000000
76609,2021-03-29 00:00:00.000000000
76741,2021-03-29 00:00:00.000000000
39210,2021-03-29 00:00:00.000000000
30052,2021-03-29 06:47:57.080999936
30160,2021-03-29 07:57:53.751000064
35328,2021-03-29 10:22:50.624000000
39142,2021-03-29 11:06:20.500000000
82138,2021-03-29 12:28:16.544999936
32408,2021-03-29 12:28:55.550000128
26154,2021-03-29 15:50:46.886000128
16161,2021-03-30 00:00:00.000000000
29134,2021-03-30 00:00:00.000000000
24563,2021-03-30 00:00:00.000000000
59482,2021-03-30 06:59:57.059000064
82123,2021-03-30 08:42:38.291000064
97403,2021-03-30 11:38:59.952000000
27169,2021-03-30 14:23:03.644000000
55243,2021-03-30 16:43:28.276000000
74060,2021-03-30 20:24:29.006000128
64024,2021-03-31 00:00:00.000000000
84072,2021-03-31 00:00:00.000000000
77314,2021-03-31 00:00:00.000000000
24339,2021-03-31 00:00:00.000000000
76658,2021-03-31 00:00:00.000000000
16401,2021-03-31 00:00:00.000000000
72218,2021-03-31 07:47:02.471000064
89420,2021-03-31 08:00:32.342000128
27284,2021-03-31 09:40:57.692999936
13116,2021-03-31 10:25:22.436999936
13087,2021-03-31 12:47:31.172000000
45173,2021-03-31 14:27:31.716999936
30327,2021-03-31 15:42:36.496999936
67001,2021-04-01 00:00:00.000000000
67043,2021-04-01 00:00:00.000000000
67049,2021-04-01 00:00:00.000000000
67065,2021-04-01 00:00:00.000000000
14136,2021-04-01 00:00:00.000000000
24082,2021-04-01 00:00:00.000000000
67118,2021-04-01 00:00:00.000000000
67119,2021-04-01 00:00:00.000000000
67124,2021-04-01 00:00:00.000000000
67131,2021-04-01 00:00:00.000000000
67137,2021-04-01 00:00:00.000000000
67152,2021-04-01 00:00:00.000000000
67182,2021-04-01 00:00:00.000000000
67212,2021-04-01 00:00:00.000000000
67204,2021-04-01 00:00:00.000000000
67218,2021-04-01 00:00:00.000000000
67247,2021-04-01 00:00:00.000000000
67519,2021-04-01 00:00:00.000000000
67256,2021-04-01 00:00:00.000000000
67267,2021-04-01 00:00:00.000000000
67268,2021-04-01 00:00:00.000000000
76404,2021-04-01 00:00:00.000000000
67296,2021-04-01 00:00:00.000000000
67309,2021-04-01 00:00:00.000000000
45226,2021-04-01 00:00:00.000000000
67326,2021-04-01 00:00:00.000000000
35206,2021-04-01 00:00:00.000000000
67343,2021-04-01 00:00:00.000000000
67350,2021-04-01 00:00:00.000000000
67365,2021-04-01 00:00:00.000000000
76489,2021-04-01 00:00:00.000000000
67378,2021-04-01 00:00:00.000000000
67389,2021-04-01 00:00:00.000000000
24415,2021-04-01 00:00:00.000000000
76616,2021-04-01 00:00:00.000000000
67447,2021-04-01 00:00:00.000000000
67471,2021-04-01 00:00:00.000000000
64526,2021-04-01 00:00:00.000000000
67482,2021-04-01 00:00:00.000000000
24552,2021-04-01 00:00:00.000000000
04228,2021-04-01 00:00:00.000000000
67506,2021-04-01 00:00:00.000000000
34336,2021-04-01 00:00:00.000000000
67551,2021-04-01 00:00:00.000000000
35069,2021-04-01 10:08:39.214000128
07337,2021-04-01 11:46:57.875000064
38223,2021-04-01 12:12:52.326000128
27385,2021-04-01 14:23:02.948000000
86245,2021-04-01 17:37:06.364000000
77240,2021-04-01 20:20:52.092999936
05022,2021-04-02 00:00:00.000000000
35051,2021-04-02 00:00:00.000000000
76596,2021-04-02 00:00:00.000000000
17439,2021-04-02 08:28:21.712000000
81302,2021-04-02 09:14:30.243000064
61194,2021-04-02 09:58:47.140999936
61298,2021-04-02 12:59:08.215000064
2B277,2021-04-03 06:31:13.673999872
35099,2021-04-03 06:42:10.599000064
05178,2021-04-03 09:26:52.732000000
35362,2021-04-03 09:50:23.640999936
07105,2021-04-05 00:00:00.000000000
61484,2021-04-05 00:00:00.000000000
26018,2021-04-06 00:00:00.000000000
89037,2021-04-06 00:00:00.000000000
14146,2021-04-06 00:00:00.000000000
16260,2021-04-06 00:00:00.000000000
68271,2021-04-06 00:00:00.000000000
24362,2021-04-06 00:00:00.000000000
16405,2021-04-06 00:00:00.000000000
24160,2021-04-06 00:00:00.000000000
26279,2021-04-06 08:31:56.694000128
32313,2021-04-06 08:58:01.539000064
05014,2021-04-06 12:50:14.313999872
61114,2021-04-06 13:31:30.942000128
80288,2021-04-06 13:46:40.038000128
22206,2021-04-06 19:31:01.294000128
76014,2021-04-07 00:00:00.000000000
64145,2021-04-07 00:00:00.000000000
76270,2021-04-07 00:00:00.000000000
76305,2021-04-07 00:00:00.000000000
76357,2021-04-07 00:00:00.000000000
76522,2021-04-07 00:00:00.000000000
14419,2021-04-07 00:00:00.000000000
76714,2021-04-07 00:00:00.000000000
89303,2021-04-07 00:00:00.000000000
31532,2021-04-07 07:08:04.385999872
27477,2021-04-07 14:00:58.099000064
89104,2021-04-07 14:23:11.416999936
89068,2021-04-07 14:59:16.468999936
80290,2021-04-07 15:01:44.532999936
89316,2021-04-07 15:15:35.844999936
05040,2021-04-08 00:00:00.000000000
14335,2021-04-08 00:00:00.000000000
61219,2021-04-08 00:00:00.000000000
56258,2021-04-08 00:00:00.000000000
81231,2021-04-08 00:00:00.000000000
29246,2021-04-08 00:00:00.000000000
89432,2021-04-08 00:00:00.000000000
23143,2021-04-08 06:17:07.240999936
89380,2021-04-08 09:09:26.691000064
04197,2021-04-08 09:54:04.436000000
56218,2021-04-08 12:25:49.099000064
37281,2021-04-08 12:54:33.553999872
29113,2021-04-08 21:22:40.736999936
06004,2021-04-09 00:00:00.000000000
39058,2021-04-09 00:00:00.000000000
42065,2021-04-09 00:00:00.000000000
28187,2021-04-09 00:00:00.000000000
60324,2021-04-09 00:00:00.000000000
68166,2021-04-09 00:00:00.000000000
37152,2021-04-09 00:00:00.000000000
24544,2021-04-09 00:00:00.000000000
31451,2021-04-09 07:40:45.032000000
70085,2021-04-09 08:13:03.744000000
50138,2021-04-09 08:42:24.639000064
05036,2021-04-09 12:38:04.532000000
69105,2021-04-09 12:57:12.644999936
39408,2021-04-09 13:10:32.012999936
39508,2021-04-09 13:11:39.017999872
39177,2021-04-09 13:13:39.008000000
39307,2021-04-09 13:14:33.985999872
39330,2021-04-09 13:14:42.377999872
39426,2021-04-09 13:14:45.604000000
39582,2021-04-09 13:15:23.027000064
39494,2021-04-09 13:15:38.758000128
56202,2021-04-09 13:46:02.726000128
45064,2021-04-09 14:06:33.038000128
39387,2021-04-09 14:47:58.419000064
35207,2021-04-09 14:50:31.118000128
76586,2021-04-10 00:00:00.000000000
05009,2021-04-11 00:00:00.000000000
63343,2021-04-11 09:26:16.484000000
15061,2021-04-12 00:00:00.000000000
38287,2021-04-12 00:00:00.000000000
01313,2021-04-12 00:00:00.000000000
31452,2021-04-12 00:00:00.000000000
69218,2021-04-12 00:00:00.000000000
89486,2021-04-12 00:00:00.000000000
27263,2021-04-12 07:15:04.940000000
89404,2021-04-12 08:47:31.252999936
89100,2021-04-12 09:07:44.137999872
35119,2021-04-12 09:41:57.022000128
56245,2021-04-12 10:12:52.627000064
39220,2021-04-12 12:29:25.873999872
93033,2021-04-12 12:33:08.787000064
32201,2021-04-12 12:37:27.172000000
21382,2021-04-12 12:57:50.007000064
89180,2021-04-12 13:02:05.308000000
50273,2021-04-12 14:09:30.601999872
56062,2021-04-13 00:00:00.000000000
10259,2021-04-13 00:00:00.000000000
19123,2021-04-13 00:00:00.000000000
68224,2021-04-13 00:00:00.000000000
30260,2021-04-13 00:00:00.000000000
38498,2021-04-13 00:00:00.000000000
05101,2021-04-13 00:00:00.000000000
16412,2021-04-13 00:00:00.000000000
89255,2021-04-13 07:13:39.703000064
89284,2021-04-13 08:24:42.710000128
80027,2021-04-13 09:21:22.334000128
80678,2021-04-13 10:05:29.420999936
51267,2021-04-13 10:32:35.560999936
26086,2021-04-13 12:37:26.360999936
58003,2021-04-13 12:52:13.561999872
35096,2021-04-13 13:19:02.071000064
89254,2021-04-13 13:39:05.654000128
76382,2021-04-13 14:49:09.323000064
29038,2021-04-13 15:53:36.496000000
81026,2021-04-13 16:46:01.571000064
89039,2021-04-14 00:00:00.000000000
24410,2021-04-14 00:00:00.000000000
72266,2021-04-14 06:33:44.855000064
27049,2021-04-14 08:30:20.527000064
29234,2021-04-14 12:16:09.468999936
34328,2021-04-14 13:59:33.939000064
02220,2021-04-14 16:15:24.828999936
80676,2021-04-14 16:23:19.216000000
42030,2021-04-15 00:00:00.000000000
29027,2021-04-15 00:00:00.000000000
85077,2021-04-15 00:00:00.000000000
85116,2021-04-15 00:00:00.000000000
29102,2021-04-15 00:00:00.000000000
29122,2021-04-15 00:00:00.000000000
05021,2021-04-15 00:00:00.000000000
29175,2021-04-15 00:00:00.000000000
24334,2021-04-15 00:00:00.000000000
29291,2021-04-15 00:00:00.000000000
14732,2021-04-15 00:00:00.000000000
42215,2021-04-15 10:16:59.316999936
61153,2021-04-15 12:10:27.592000000
45329,2021-04-15 14:55:59.011000064
81236,2021-04-15 15:03:20.584999936
04123,2021-04-15 15:12:38.272999936
15190,2021-04-15 16:18:56.201999872
76450,2021-04-15 16:39:14.401999872
17229,2021-04-15 22:59:55.548000000
32060,2021-04-16 00:00:00.000000000
14091,2021-04-16 00:00:00.000000000
44024,2021-04-16 00:00:00.000000000
89120,2021-04-16 00:00:00.000000000
89189,2021-04-16 00:00:00.000000000
89212,2021-04-16 00:00:00.000000000
13057,2021-04-16 00:00:00.000000000
81216,2021-04-16 00:00:00.000000000
68278,2021-04-16 00:00:00.000000000
68300,2021-04-16 00:00:00.000000000
09245,2021-04-16 06:55:23.622000128
65278,2021-04-16 08:27:03.872999936
89352,2021-04-16 09:36:49.713999872
27062,2021-04-16 09:53:58.976999936
45133,2021-04-16 12:19:24.736000000
61160,2021-04-16 14:00:33.742000128
89410,2021-04-16 19:05:13.100999936
14329,2021-04-17 00:00:00.000000000
88275,2021-04-17 00:00:00.000000000
65035,2021-04-17 15:51:48.406000128
50336,2021-04-17 19:33:32.116000000
38243,2021-04-18 08:32:06.508000000
32019,2021-04-19 00:00:00.000000000
77209,2021-04-19 00:00:00.000000000
35144,2021-04-19 00:00:00.000000000
24383,2021-04-19 00:00:00.000000000
33399,2021-04-19 00:00:00.000000000
85277,2021-04-19 00:00:00.000000000
42268,2021-04-19 00:00:00.000000000
39025,2021-04-19 07:05:35.487000064
95028,2021-04-19 08:30:44.164999936
89176,2021-04-19 09:02:17.198000128
69231,2021-04-19 09:48:35.976999936
56186,2021-04-19 13:54:48.542000128
89379,2021-04-19 14:21:10.708999936
51230,2021-04-19 14:45:54.060000000
16001,2021-04-20 00:00:00.000000000
16007,2021-04-20 00:00:00.000000000
16009,2021-04-20 00:00:00.000000000
16016,2021-04-20 00:00:00.000000000
30014,2021-04-20 00:00:00.000000000
16035,2021-04-20 00:00:00.000000000
16038,2021-04-20 00:00:00.000000000
16064,2021-04-20 00:00:00.000000000
16065,2021-04-20 00:00:00.000000000
16070,2021-04-20 00:00:00.000000000
16071,2021-04-20 00:00:00.000000000
16076,2021-04-20 00:00:00.000000000
16085,2021-04-20 00:00:00.000000000
16086,2021-04-20 00:00:00.000000000
16087,2021-04-20 00:00:00.000000000
35076,2021-04-20 00:00:00.000000000
16096,2021-04-20 00:00:00.000000000
16100,2021-04-20 00:00:00.000000000
16106,2021-04-20 00:00:00.000000000
16131,2021-04-20 00:00:00.000000000
16134,2021-04-20 00:00:00.000000000
16164,2021-04-20 00:00:00.000000000
05054,2021-04-20 00:00:00.000000000
16054,2021-04-20 00:00:00.000000000
16157,2021-04-20 00:00:00.000000000
16188,2021-04-20 00:00:00.000000000
16403,2021-04-20 00:00:00.000000000
16181,2021-04-20 00:00:00.000000000
16182,2021-04-20 00:00:00.000000000
16195,2021-04-20 00:00:00.000000000
16183,2021-04-20 00:00:00.000000000
16205,2021-04-20 00:00:00.000000000
16212,2021-04-20 00:00:00.000000000
16213,2021-04-20 00:00:00.000000000
18142,2021-04-20 00:00:00.000000000
16225,2021-04-20 00:00:00.000000000
16231,2021-04-20 00:00:00.000000000
16239,2021-04-20 00:00:00.000000000
16245,2021-04-20 00:00:00.000000000
16249,2021-04-20 00:00:00.000000000
16255,2021-04-20 00:00:00.000000000
16264,2021-04-20 00:00:00.000000000
16270,2021-04-20 00:00:00.000000000
42169,2021-04-20 00:00:00.000000000
24356,2021-04-20 00:00:00.000000000
16289,2021-04-20 00:00:00.000000000
44151,2021-04-20 00:00:00.000000000
16306,2021-04-20 00:00:00.000000000
16308,2021-04-20 00:00:00.000000000
16310,2021-04-20 00:00:00.000000000
16329,2021-04-20 00:00:00.000000000
14620,2021-04-20 00:00:00.000000000
16337,2021-04-20 00:00:00.000000000
16345,2021-04-20 00:00:00.000000000
16363,2021-04-20 00:00:00.000000000
16364,2021-04-20 00:00:00.000000000
16375,2021-04-20 00:00:00.000000000
16192,2021-04-20 00:00:00.000000000
16389,2021-04-20 00:00:00.000000000
16398,2021-04-20 00:00:00.000000000
16404,2021-04-20 00:00:00.000000000
16416,2021-04-20 00:00:00.000000000
16128,2021-04-20 00:00:00.000000000
16132,2021-04-20 00:00:00.000000000
18166,2021-04-20 07:27:15.488999936
45196,2021-04-20 07:35:17.244000000
28270,2021-04-20 08:55:44.201999872
77091,2021-04-20 09:39:20.487000064
29037,2021-04-20 11:47:42.878000128
02697,2021-04-20 12:34:26.468000000
26319,2021-04-20 18:45:03.672000000
27014,2021-04-21 00:00:00.000000000
24009,2021-04-21 00:00:00.000000000
68015,2021-04-21 00:00:00.000000000
68022,2021-04-21 00:00:00.000000000
15028,2021-04-21 00:00:00.000000000
29036,2021-04-21 00:00:00.000000000
24153,2021-04-21 00:00:00.000000000
42137,2021-04-21 00:00:00.000000000
05153,2021-04-21 00:00:00.000000000
24565,2021-04-21 00:00:00.000000000
71564,2021-04-21 00:00:00.000000000
13023,2021-04-21 06:45:24.148000000
18037,2021-04-21 08:42:03.063000064
30310,2021-04-21 09:25:24.536000000
63321,2021-04-21 12:45:37.604999936
86160,2021-04-21 12:55:48.091000064
64420,2021-04-21 15:01:29.398000128
81075,2021-04-21 19:00:58.035000064
68056,2021-04-22 00:00:00.000000000
35080,2021-04-22 00:00:00.000000000
80221,2021-04-22 00:00:00.000000000
34093,2021-04-22 00:00:00.000000000
34117,2021-04-22 00:00:00.000000000
14547,2021-04-22 00:00:00.000000000
19279,2021-04-22 00:00:00.000000000
15024,2021-04-22 08:35:43.124999936
50172,2021-04-22 10:26:10.260999936
78550,2021-04-22 12:39:26.432999936
03062,2021-04-22 15:46:21.137999872
19047,2021-04-23 00:00:00.000000000
24129,2021-04-23 00:00:00.000000000
16145,2021-04-23 00:00:00.000000000
35065,2021-04-23 00:00:00.000000000
63211,2021-04-23 00:00:00.000000000
64453,2021-04-23 00:00:00.000000000
36156,2021-04-23 00:00:00.000000000
68289,2021-04-23 00:00:00.000000000
30233,2021-04-23 00:00:00.000000000
19229,2021-04-23 00:00:00.000000000
24569,2021-04-23 00:00:00.000000000
49041,2021-04-23 06:31:42.924999936
89359,2021-04-23 08:13:44.121999872
89308,2021-04-23 11:35:44.879000064
80637,2021-04-23 15:54:36.776000000
09055,2021-04-23 17:29:05.299000064
32394,2021-04-24 06:25:44.089999872
45323,2021-04-24 13:12:45.868000000
36184,2021-04-25 00:00:00.000000000
54358,2021-04-25 07:44:09.424999936
39472,2021-04-25 08:24:46.640000000
37054,2021-04-26 00:00:00.000000000
89122,2021-04-26 00:00:00.000000000
19066,2021-04-26 00:00:00.000000000
68154,2021-04-26 00:00:00.000000000
42117,2021-04-26 00:00:00.000000000
49209,2021-04-26 00:00:00.000000000
37214,2021-04-26 00:00:00.000000000
42240,2021-04-26 00:00:00.000000000
24521,2021-04-26 00:00:00.000000000
42298,2021-04-26 00:00:00.000000000
84130,2021-04-26 00:00:00.000000000
24576,2021-04-26 00:00:00.000000000
68376,2021-04-26 00:00:00.000000000
89214,2021-04-26 05:58:54.550000128
89111,2021-04-26 07:11:00.272000000
29005,2021-04-26 08:25:26.412999936
29141,2021-04-26 08:47:43.295000064
64225,2021-04-26 09:37:00.927000064
83092,2021-04-26 11:28:32.764000000
80723,2021-04-26 11:56:14.020999936
26312,2021-04-26 12:09:04.785999872
18004,2021-04-26 12:13:16.040000000
80801,2021-04-26 12:49:32.908000000
89310,2021-04-26 13:15:41.360999936
89453,2021-04-26 14:04:37.409999872
24032,2021-04-27 00:00:00.000000000
76117,2021-04-27 00:00:00.000000000
80260,2021-04-27 00:00:00.000000000
14286,2021-04-27 00:00:00.000000000
14541,2021-04-27 00:00:00.000000000
14358,2021-04-27 00:00:00.000000000
24286,2021-04-27 00:00:00.000000000
24375,2021-04-27 00:00:00.000000000
63345,2021-04-27 00:00:00.000000000
35279,2021-04-27 00:00:00.000000000
76615,2021-04-27 00:00:00.000000000
24531,2021-04-27 00:00:00.000000000
77470,2021-04-27 00:00:00.000000000
24555,2021-04-27 00:00:00.000000000
89451,2021-04-27 00:00:00.000000000
47263,2021-04-27 08:44:35.359000064
65172,2021-04-27 12:25:02.281999872
38049,2021-04-27 12:45:43.644000000
27427,2021-04-27 13:44:39.511000064
89066,2021-04-27 14:27:17.078000128
61462,2021-04-27 14:46:59.760999936
89065,2021-04-27 14:54:06.252000000
45051,2021-04-27 16:41:02.553999872
81001,2021-04-28 00:00:00.000000000
15005,2021-04-28 00:00:00.000000000
59196,2021-04-28 00:00:00.000000000
24308,2021-04-28 00:00:00.000000000
89290,2021-04-28 00:00:00.000000000
70447,2021-04-28 00:00:00.000000000
05154,2021-04-28 00:00:00.000000000
82161,2021-04-28 00:00:00.000000000
86281,2021-04-28 07:55:55.755000064
91573,2021-04-28 08:37:26.444999936
82037,2021-04-28 11:39:21.204000000
61049,2021-04-28 15:05:32.608000000
64038,2021-04-29 00:00:00.000000000
60025,2021-04-29 00:00:00.000000000
60040,2021-04-29 00:00:00.000000000
24040,2021-04-29 00:00:00.000000000
24053,2021-04-29 00:00:00.000000000
21138,2021-04-29 00:00:00.000000000
60151,2021-04-29 00:00:00.000000000
60156,2021-04-29 00:00:00.000000000
60188,2021-04-29 00:00:00.000000000
60223,2021-04-29 00:00:00.000000000
60318,2021-04-29 00:00:00.000000000
60325,2021-04-29 00:00:00.000000000
60337,2021-04-29 00:00:00.000000000
24246,2021-04-29 00:00:00.000000000
60382,2021-04-29 00:00:00.000000000
35275,2021-04-29 00:00:00.000000000
29267,2021-04-29 00:00:00.000000000
19202,2021-04-29 00:00:00.000000000
25547,2021-04-29 00:00:00.000000000
60665,2021-04-29 00:00:00.000000000
02278,2021-04-29 00:00:00.000000000
39487,2021-04-29 09:03:47.222000128
05019,2021-04-29 09:14:08.998000128
70319,2021-04-29 12:10:29.353999872
82145,2021-04-29 13:46:05.976000000
89194,2021-04-29 14:16:37.692000000
58019,2021-04-30 00:00:00.000000000
44026,2021-04-30 00:00:00.000000000
35055,2021-04-30 00:00:00.000000000
35066,2021-04-30 00:00:00.000000000
35079,2021-04-30 00:00:00.000000000
24165,2021-04-30 00:00:00.000000000
35059,2021-04-30 00:00:00.000000000
24220,2021-04-30 00:00:00.000000000
44103,2021-04-30 00:00:00.000000000
05093,2021-04-30 00:00:00.000000000
35363,2021-04-30 00:00:00.000000000
05146,2021-04-30 00:00:00.000000000
30320,2021-04-30 00:00:00.000000000
35334,2021-04-30 00:00:00.000000000
58140,2021-04-30 07:10:51.012000000
29120,2021-04-30 07:13:54.911000064
51649,2021-04-30 07:18:37.008999936
89181,2021-04-30 07:31:21.334000128
50572,2021-04-30 07:31:29.478000128
14118,2021-04-30 07:48:27.871000064
67315,2021-04-30 08:25:40.519000064
05163,2021-04-30 08:38:11.116999936
56031,2021-04-30 08:52:13.734000128
51477,2021-04-30 13:46:49.622000128
58029,2021-04-30 14:01:48.604000000
37142,2021-04-30 15:54:08.883000064
31229,2021-04-30 18:51:09.740000000
57745,2021-05-01 12:13:13.288000000
39017,2021-05-01 12:55:52.001999872
71264,2021-05-01 21:10:24.923000064
38321,2021-05-02 22:32:24.219000064
56005,2021-05-03 00:00:00.000000000
19031,2021-05-03 00:00:00.000000000
19072,2021-05-03 00:00:00.000000000
32267,2021-05-03 00:00:00.000000000
35196,2021-05-03 00:00:00.000000000
81195,2021-05-03 00:00:00.000000000
24337,2021-05-03 00:00:00.000000000
44143,2021-05-03 00:00:00.000000000
85190,2021-05-03 00:00:00.000000000
24462,2021-05-03 00:00:00.000000000
21611,2021-05-03 00:00:00.000000000
35352,2021-05-03 00:00:00.000000000
04245,2021-05-03 00:00:00.000000000
54214,2021-05-03 06:45:07.736999936
31527,2021-05-03 07:32:28.414000128
54392,2021-05-03 07:52:44.225999872
83057,2021-05-03 13:00:24.587000064
76016,2021-05-03 15:04:14.464999936
71199,2021-05-03 18:51:16.779000064
63069,2021-05-04 00:00:00.000000000
54309,2021-05-04 00:00:00.000000000
05082,2021-05-04 00:00:00.000000000
81171,2021-05-04 00:00:00.000000000
60447,2021-05-04 00:00:00.000000000
77356,2021-05-04 00:00:00.000000000
63308,2021-05-04 00:00:00.000000000
43181,2021-05-04 00:00:00.000000000
85295,2021-05-04 00:00:00.000000000
07129,2021-05-04 07:56:08.184000000
61373,2021-05-04 08:15:12.403000064
50066,2021-05-04 08:29:15.136999936
53213,2021-05-04 09:01:47.032000000
83084,2021-05-04 11:33:05.947000064
49007,2021-05-05 00:00:00.000000000
14087,2021-05-05 00:00:00.000000000
49050,2021-05-05 00:00:00.000000000
83069,2021-05-05 00:00:00.000000000
81223,2021-05-05 00:00:00.000000000
60369,2021-05-05 00:00:00.000000000
33293,2021-05-05 00:00:00.000000000
44130,2021-05-05 00:00:00.000000000
63272,2021-05-05 00:00:00.000000000
63307,2021-05-05 00:00:00.000000000
35266,2021-05-05 00:00:00.000000000
32354,2021-05-05 08:47:46.265999872
43056,2021-05-05 13:03:06.240999936
2B097,2021-05-05 13:08:28.572999936
89016,2021-05-06 00:00:00.000000000
35047,2021-05-06 00:00:00.000000000
63164,2021-05-06 00:00:00.000000000
21309,2021-05-06 00:00:00.000000000
14430,2021-05-06 00:00:00.000000000
05131,2021-05-06 00:00:00.000000000
60578,2021-05-06 00:00:00.000000000
04036,2021-05-06 08:11:37.092000000
65450,2021-05-06 08:12:24.630000128
71206,2021-05-06 08:13:00.764000000
63170,2021-05-06 09:13:16.214000128
89414,2021-05-06 09:13:21.096000000
61466,2021-05-06 09:59:01.615000064
04063,2021-05-06 13:24:40.596000000
45180,2021-05-06 14:17:46.704000000
76339,2021-05-06 14:27:09.324000000
18174,2021-05-06 15:13:13.576000000
80238,2021-05-06 15:45:39.744999936
03003,2021-05-06 17:55:27.947000064
24002,2021-05-07 00:00:00.000000000
29022,2021-05-07 00:00:00.000000000
39104,2021-05-07 00:00:00.000000000
35088,2021-05-07 00:00:00.000000000
29045,2021-05-07 00:00:00.000000000
63141,2021-05-07 00:00:00.000000000
29064,2021-05-07 00:00:00.000000000
29080,2021-05-07 00:00:00.000000000
29095,2021-05-07 00:00:00.000000000
35131,2021-05-07 00:00:00.000000000
44030,2021-05-07 00:00:00.000000000
29144,2021-05-07 00:00:00.000000000
35139,2021-05-07 00:00:00.000000000
35240,2021-05-07 00:00:00.000000000
29140,2021-05-07 00:00:00.000000000
24236,2021-05-07 00:00:00.000000000
35204,2021-05-07 00:00:00.000000000
14478,2021-05-07 00:00:00.000000000
05099,2021-05-07 00:00:00.000000000
81204,2021-05-07 00:00:00.000000000
29181,2021-05-07 00:00:00.000000000
35238,2021-05-07 00:00:00.000000000
35281,2021-05-07 00:00:00.000000000
29255,2021-05-07 00:00:00.000000000
38431,2021-05-07 00:00:00.000000000
24498,2021-05-07 00:00:00.000000000
19242,2021-05-07 00:00:00.000000000
76657,2021-05-07 00:00:00.000000000
29295,2021-05-07 00:00:00.000000000
14728,2021-05-07 00:00:00.000000000
16122,2021-05-07 00:00:00.000000000
71246,2021-05-07 10:11:03.158000128
30198,2021-05-07 12:24:17.455000064
35068,2021-05-07 13:17:34.590000128
21238,2021-05-07 13:27:14.775000064
83033,2021-05-07 14:18:17.065999872
21594,2021-05-07 14:48:09.524999936
70368,2021-05-08 10:07:54.593999872
50347,2021-05-09 10:32:51.542000128
50291,2021-05-09 18:03:01.920999936
42002,2021-05-10 00:00:00.000000000
24077,2021-05-10 00:00:00.000000000
24119,2021-05-10 00:00:00.000000000
05035,2021-05-10 00:00:00.000000000
24146,2021-05-10 00:00:00.000000000
04077,2021-05-10 00:00:00.000000000
32153,2021-05-10 00:00:00.000000000
14336,2021-05-10 00:00:00.000000000
14285,2021-05-10 00:00:00.000000000
39350,2021-05-10 00:00:00.000000000
60424,2021-05-10 00:00:00.000000000
49377,2021-05-10 00:00:00.000000000
44166,2021-05-10 00:00:00.000000000
30289,2021-05-10 00:00:00.000000000
19264,2021-05-10 00:00:00.000000000
63436,2021-05-10 00:00:00.000000000
32454,2021-05-10 00:00:00.000000000
04234,2021-05-10 00:00:00.000000000
63006,2021-05-10 07:03:22.627000064
45227,2021-05-10 08:59:57.275000064
57318,2021-05-10 09:10:28.456000000
22322,2021-05-10 09:35:03.705999872
10349,2021-05-10 13:31:25.468999936
61500,2021-05-10 13:34:52.619000064
71086,2021-05-10 17:00:27.648000000
89229,2021-05-10 21:05:11.790000128
24018,2021-05-11 00:00:00.000000000
37208,2021-05-11 00:00:00.000000000
13107,2021-05-11 00:00:00.000000000
12295,2021-05-11 00:00:00.000000000
29195,2021-05-11 14:30:05.639000064
32265,2021-05-11 14:46:36.192999936
25025,2021-05-11 14:56:07.184000000
09275,2021-05-11 21:39:15.201999872
14660,2021-05-12 00:00:00.000000000
51639,2021-05-12 04:24:46.568000000
22009,2021-05-12 15:11:33.200000000
38325,2021-05-12 15:30:42.943000064
38478,2021-05-12 16:18:09.921999872
45073,2021-05-13 09:06:19.136999936
45124,2021-05-13 14:28:07.921999872
24120,2021-05-14 00:00:00.000000000
90042,2021-05-14 00:00:00.000000000
32130,2021-05-14 07:28:27.408000000
13106,2021-05-14 08:18:24.031000064
80327,2021-05-14 14:18:44.167000064
32067,2021-05-14 15:29:38.408000000
32426,2021-05-14 16:32:19.427000064
32260,2021-05-14 19:11:56.633999872
61216,2021-05-15 15:19:38.635000064
60023,2021-05-17 00:00:00.000000000
24043,2021-05-17 00:00:00.000000000
44018,2021-05-17 00:00:00.000000000
80243,2021-05-17 00:00:00.000000000
29056,2021-05-17 00:00:00.000000000
80174,2021-05-17 00:00:00.000000000
24253,2021-05-17 00:00:00.000000000
44175,2021-05-17 00:00:00.000000000
24520,2021-05-17 00:00:00.000000000
24540,2021-05-17 00:00:00.000000000
24547,2021-05-17 00:00:00.000000000
30012,2021-05-17 06:03:15.944999936
89014,2021-05-17 08:26:52.844000000
77434,2021-05-17 09:03:59.062000128
80086,2021-05-17 09:39:58.523000064
27428,2021-05-17 09:44:01.142000128
89227,2021-05-17 12:58:58.212999936
45102,2021-05-17 13:52:47.615000064
80170,2021-05-17 14:01:20.264000000
39209,2021-05-17 15:00:17.480999936
80541,2021-05-17 15:03:18.940999936
80623,2021-05-17 15:49:53.251000064
80638,2021-05-17 17:00:24.908000000
04149,2021-05-17 17:35:58.086000128
63449,2021-05-17 17:52:20.256999936
49020,2021-05-18 00:00:00.000000000
80121,2021-05-18 00:00:00.000000000
24069,2021-05-18 00:00:00.000000000
32095,2021-05-18 00:00:00.000000000
04088,2021-05-18 00:00:00.000000000
44063,2021-05-18 00:00:00.000000000
37195,2021-05-18 00:00:00.000000000
04167,2021-05-18 00:00:00.000000000
24554,2021-05-18 00:00:00.000000000
07127,2021-05-18 00:00:00.000000000
24223,2021-05-18 00:00:00.000000000
49241,2021-05-18 00:00:00.000000000
49200,2021-05-18 00:00:00.000000000
04128,2021-05-18 00:00:00.000000000
93048,2021-05-18 00:00:00.000000000
63254,2021-05-18 00:00:00.000000000
24421,2021-05-18 00:00:00.000000000
43237,2021-05-18 00:00:00.000000000
63142,2021-05-18 00:00:00.000000000
56011,2021-05-18 07:06:08.611000064
45157,2021-05-18 07:51:53.548999936
80789,2021-05-18 08:34:22.455000064
21657,2021-05-18 08:43:25.435000064
89392,2021-05-18 08:43:25.643000064
39198,2021-05-18 08:44:07.156000000
71111,2021-05-18 08:44:22.679000064
21084,2021-05-18 08:45:28.416999936
21412,2021-05-18 08:46:45.496000000
71494,2021-05-18 08:48:35.944000000
89298,2021-05-18 08:49:07.372999936
21563,2021-05-18 08:50:41.156999936
89441,2021-05-18 08:57:19.155000064
89154,2021-05-18 09:13:43.713999872
46092,2021-05-18 10:47:54.299000064
69061,2021-05-18 12:47:25.067000064
11182,2021-05-18 13:54:46.392999936
50393,2021-05-18 14:09:20.892000000
32015,2021-05-18 17:01:59.905999872
81019,2021-05-19 00:00:00.000000000
14026,2021-05-19 00:00:00.000000000
77025,2021-05-19 00:00:00.000000000
49053,2021-05-19 00:00:00.000000000
15040,2021-05-19 00:00:00.000000000
34130,2021-05-19 00:00:00.000000000
44135,2021-05-19 00:00:00.000000000
30356,2021-05-19 00:00:00.000000000
69171,2021-05-19 00:00:00.000000000
26349,2021-05-19 00:00:00.000000000
57620,2021-05-19 06:26:29.623000064
19245,2021-05-19 07:46:29.033999872
23070,2021-05-19 09:08:23.870000128
21242,2021-05-19 09:09:08.385999872
80708,2021-05-19 13:44:04.467000064
07319,2021-05-19 13:56:05.849999872
80315,2021-05-19 14:20:24.919000064
87202,2021-05-19 14:36:58.600999936
80545,2021-05-19 17:47:06.951000064
24029,2021-05-20 00:00:00.000000000
80354,2021-05-20 00:00:00.000000000
73140,2021-05-20 00:00:00.000000000
29137,2021-05-20 00:00:00.000000000
42134,2021-05-20 00:00:00.000000000
76477,2021-05-20 00:00:00.000000000
30204,2021-05-20 00:00:00.000000000
42180,2021-05-20 00:00:00.000000000
81215,2021-05-20 00:00:00.000000000
60531,2021-05-20 00:00:00.000000000
76534,2021-05-20 00:00:00.000000000
24380,2021-05-20 00:00:00.000000000
24484,2021-05-20 00:00:00.000000000
07302,2021-05-20 00:00:00.000000000
81283,2021-05-20 00:00:00.000000000
39573,2021-05-20 00:00:00.000000000
59516,2021-05-20 08:09:28.144000000
21286,2021-05-20 08:14:07.116999936
80391,2021-05-20 09:48:44.158000128
80204,2021-05-20 12:38:16.319000064
80583,2021-05-20 12:54:49.684000000
30117,2021-05-20 13:16:53.167000064
37155,2021-05-20 13:27:15.463000064
35355,2021-05-20 13:30:55.751000064
07238,2021-05-20 14:15:46.160999936
22001,2021-05-20 14:34:33.832000000
24010,2021-05-21 00:00:00.000000000
27075,2021-05-21 00:00:00.000000000
24117,2021-05-21 00:00:00.000000000
89267,2021-05-21 07:40:26.448000000
61029,2021-05-21 08:17:43.444999936
09121,2021-05-21 08:38:01.286000128
30183,2021-05-21 13:25:28.291000064
80611,2021-05-21 13:45:41.270000128
61321,2021-05-21 15:27:44.862000128
80263,2021-05-24 11:19:31.128000000
37018,2021-05-25 00:00:00.000000000
24026,2021-05-25 00:00:00.000000000
24122,2021-05-25 00:00:00.000000000
27354,2021-05-25 00:00:00.000000000
24156,2021-05-25 00:00:00.000000000
14349,2021-05-25 00:00:00.000000000
24237,2021-05-25 00:00:00.000000000
24372,2021-05-25 00:00:00.000000000
81243,2021-05-25 00:00:00.000000000
42205,2021-05-25 00:00:00.000000000
24388,2021-05-25 00:00:00.000000000
24436,2021-05-25 00:00:00.000000000
42197,2021-05-25 00:00:00.000000000
24557,2021-05-25 00:00:00.000000000
30336,2021-05-25 00:00:00.000000000
80643,2021-05-25 07:30:08.908000000
45348,2021-05-25 09:27:26.022000128
82184,2021-05-25 10:16:50.327000064
80199,2021-05-25 12:34:40.316000000
29176,2021-05-25 13:37:06.168000000
37050,2021-05-26 00:00:00.000000000
37109,2021-05-26 00:00:00.000000000
37122,2021-05-26 00:00:00.000000000
24133,2021-05-26 00:00:00.000000000
43126,2021-05-26 00:00:00.000000000
24292,2021-05-26 00:00:00.000000000
85197,2021-05-26 00:00:00.000000000
70383,2021-05-26 00:00:00.000000000
37172,2021-05-26 00:00:00.000000000
14559,2021-05-26 00:00:00.000000000
37233,2021-05-26 00:00:00.000000000
37243,2021-05-26 00:00:00.000000000
24559,2021-05-26 00:00:00.000000000
89010,2021-05-26 08:18:11.632999936
82176,2021-05-26 09:28:14.031000064
80233,2021-05-26 09:35:06.007000064
24087,2021-05-27 00:00:00.000000000
77218,2021-05-27 00:00:00.000000000
24222,2021-05-27 00:00:00.000000000
04097,2021-05-27 00:00:00.000000000
29294,2021-05-27 00:00:00.000000000
56121,2021-05-27 00:00:00.000000000
24272,2021-05-27 00:00:00.000000000
24305,2021-05-27 00:00:00.000000000
81225,2021-05-27 00:00:00.000000000
24423,2021-05-27 00:00:00.000000000
24535,2021-05-27 00:00:00.000000000
81291,2021-05-27 00:00:00.000000000
37261,2021-05-27 00:00:00.000000000
04181,2021-05-27 07:16:15.190000128
17032,2021-05-27 07:58:57.710000128
51483,2021-05-27 09:40:04.832999936
88367,2021-05-27 12:00:27.876999936
04040,2021-05-27 13:57:52.182000128
82193,2021-05-27 14:28:49.508999936
64132,2021-05-28 00:00:00.000000000
24062,2021-05-28 00:00:00.000000000
70204,2021-05-28 00:00:00.000000000
29048,2021-05-28 00:00:00.000000000
71319,2021-05-28 00:00:00.000000000
46209,2021-05-28 00:00:00.000000000
24536,2021-05-28 00:00:00.000000000
14723,2021-05-28 00:00:00.000000000
42074,2021-05-28 06:05:34.929999872
15116,2021-05-28 06:54:26.846000128
91136,2021-05-28 07:55:27.128999936
32345,2021-05-28 08:38:47.748000000
04244,2021-05-28 11:33:27.344000000
07050,2021-05-28 13:08:13.564000000
24116,2021-05-30 00:00:00.000000000
80632,2021-05-30 13:41:54.619000064
63279,2021-05-30 16:01:28.478000128
12001,2021-05-31 00:00:00.000000000
64102,2021-05-31 00:00:00.000000000
12026,2021-05-31 00:00:00.000000000
12031,2021-05-31 00:00:00.000000000
12043,2021-05-31 00:00:00.000000000
12045,2021-05-31 00:00:00.000000000
12048,2021-05-31 00:00:00.000000000
12060,2021-05-31 00:00:00.000000000
12065,2021-05-31 00:00:00.000000000
12066,2021-05-31 00:00:00.000000000
12068,2021-05-31 00:00:00.000000000
12079,2021-05-31 00:00:00.000000000
12307,2021-05-31 00:00:00.000000000
12090,2021-05-31 00:00:00.000000000
12095,2021-05-31 00:00:00.000000000
80302,2021-05-31 00:00:00.000000000
12103,2021-05-31 00:00:00.000000000
44069,2021-05-31 00:00:00.000000000
12053,2021-05-31 00:00:00.000000000
12131,2021-05-31 00:00:00.000000000
12124,2021-05-31 00:00:00.000000000
12064,2021-05-31 00:00:00.000000000
12172,2021-05-31 00:00:00.000000000
12137,2021-05-31 00:00:00.000000000
44097,2021-05-31 00:00:00.000000000
12170,2021-05-31 00:00:00.000000000
12171,2021-05-31 00:00:00.000000000
12175,2021-05-31 00:00:00.000000000
12184,2021-05-31 00:00:00.000000000
12187,2021-05-31 00:00:00.000000000
24443,2021-05-31 00:00:00.000000000
12255,2021-05-31 00:00:00.000000000
12268,2021-05-31 00:00:00.000000000
54529,2021-05-31 00:00:00.000000000
12289,2021-05-31 00:00:00.000000000
04085,2021-05-31 06:54:06.324999936
87158,2021-05-31 11:47:02.352999936
95014,2021-05-31 12:53:53.633999872
89348,2021-05-31 13:01:13.768999936
38474,2021-05-31 13:24:49.638000128
82018,2021-05-31 14:26:20.951000064
32413,2021-05-31 16:06:28.174000128
44027,2021-06-01 00:00:00.000000000
63070,2021-06-01 00:00:00.000000000
24100,2021-06-01 00:00:00.000000000
44056,2021-06-01 00:00:00.000000000
81099,2021-06-01 00:00:00.000000000
44066,2021-06-01 00:00:00.000000000
42107,2021-06-01 00:00:00.000000000
44205,2021-06-01 00:00:00.000000000
24255,2021-06-01 00:00:00.000000000
70371,2021-06-01 00:00:00.000000000
30188,2021-06-01 00:00:00.000000000
44111,2021-06-01 00:00:00.000000000
44122,2021-06-01 00:00:00.000000000
24414,2021-06-01 00:00:00.000000000
44179,2021-06-01 00:00:00.000000000
19239,2021-06-01 00:00:00.000000000
76552,2021-06-01 00:00:00.000000000
24312,2021-06-01 00:00:00.000000000
44201,2021-06-01 00:00:00.000000000
51564,2021-06-01 00:00:00.000000000
07317,2021-06-01 07:16:17.892000000
82190,2021-06-01 10:31:57.508999936
80481,2021-06-01 12:54:26.425999872
30299,2021-06-01 13:47:53.980000000
82192,2021-06-01 14:41:57.472000000
63014,2021-06-02 00:00:00.000000000
63032,2021-06-02 00:00:00.000000000
24081,2021-06-02 00:00:00.000000000
89137,2021-06-02 00:00:00.000000000
44072,2021-06-02 00:00:00.000000000
60479,2021-06-02 00:00:00.000000000
60491,2021-06-02 00:00:00.000000000
05148,2021-06-02 00:00:00.000000000
24527,2021-06-02 00:00:00.000000000
60667,2021-06-02 00:00:00.000000000
14743,2021-06-02 00:00:00.000000000
45016,2021-06-02 06:39:44.019000064
37015,2021-06-02 08:56:52.825999872
02727,2021-06-02 09:46:41.984999936
87203,2021-06-02 12:24:17.503000064
32287,2021-06-02 14:02:21.347000064
21033,2021-06-03 00:00:00.000000000
24034,2021-06-03 00:00:00.000000000
12088,2021-06-03 00:00:00.000000000
81087,2021-06-03 00:00:00.000000000
56058,2021-06-03 00:00:00.000000000
14716,2021-06-03 00:00:00.000000000
27085,2021-06-03 06:31:17.800999936
80345,2021-06-03 08:03:50.553999872
07099,2021-06-03 08:31:33.631000064
42127,2021-06-03 10:51:52.494000128
80563,2021-06-03 12:34:32.843000064
80187,2021-06-03 13:30:21.057999872
2B182,2021-06-03 13:32:36.580000000
39160,2021-06-03 14:35:54.180999936
80624,2021-06-03 16:51:03.316000000
44010,2021-06-04 00:00:00.000000000
29011,2021-06-04 00:00:00.000000000
29018,2021-06-04 00:00:00.000000000
29019,2021-06-04 00:00:00.000000000
14138,2021-06-04 00:00:00.000000000
81064,2021-06-04 00:00:00.000000000
63124,2021-06-04 00:00:00.000000000
80279,2021-06-04 00:00:00.000000000
88184,2021-06-04 00:00:00.000000000
83065,2021-06-04 00:00:00.000000000
29061,2021-06-04 00:00:00.000000000
29069,2021-06-04 00:00:00.000000000
29075,2021-06-04 00:00:00.000000000
29078,2021-06-04 00:00:00.000000000
44055,2021-06-04 00:00:00.000000000
29235,2021-06-04 00:00:00.000000000
29156,2021-06-04 00:00:00.000000000
44125,2021-06-04 00:00:00.000000000
29180,2021-06-04 00:00:00.000000000
29189,2021-06-04 00:00:00.000000000
29212,2021-06-04 00:00:00.000000000
29245,2021-06-04 00:00:00.000000000
29248,2021-06-04 00:00:00.000000000
44194,2021-06-04 00:00:00.000000000
44204,2021-06-04 00:00:00.000000000
29286,2021-06-04 00:00:00.000000000
14256,2021-06-04 00:00:00.000000000
80234,2021-06-04 07:20:50.875000064
80472,2021-06-04 09:38:42.176000000
65023,2021-06-04 12:42:08.311000064
32147,2021-06-04 12:50:56.472000000
70321,2021-06-04 14:15:50.931000064
45280,2021-06-04 17:06:20.075000064
56155,2021-06-05 00:00:00.000000000
45096,2021-06-05 08:12:34.607000064
64072,2021-06-07 00:00:00.000000000
24137,2021-06-07 00:00:00.000000000
85025,2021-06-07 00:00:00.000000000
44035,2021-06-07 00:00:00.000000000
44101,2021-06-07 00:00:00.000000000
44080,2021-06-07 00:00:00.000000000
26160,2021-06-07 00:00:00.000000000
38100,2021-06-07 00:00:00.000000000
60402,2021-06-07 00:00:00.000000000
44120,2021-06-07 00:00:00.000000000
26162,2021-06-07 00:00:00.000000000
81160,2021-06-07 00:00:00.000000000
44094,2021-06-07 00:00:00.000000000
44150,2021-06-07 00:00:00.000000000
44162,2021-06-07 00:00:00.000000000
05145,2021-06-07 00:00:00.000000000
77507,2021-06-07 00:00:00.000000000
08409,2021-06-07 08:44:46.734000128
82132,2021-06-07 08:49:50.312999936
71535,2021-06-07 09:00:21.752000000
2B210,2021-06-07 09:14:36.856000000
33248,2021-06-07 09:42:16.343000064
89395,2021-06-07 12:50:04.521999872
82098,2021-06-07 14:40:02.249999872
45218,2021-06-07 15:20:02.483000064
63439,2021-06-07 16:29:29.609999872
56004,2021-06-08 00:00:00.000000000
19036,2021-06-08 00:00:00.000000000
45068,2021-06-08 00:00:00.000000000
14184,2021-06-08 00:00:00.000000000
14281,2021-06-08 00:00:00.000000000
68130,2021-06-08 00:00:00.000000000
56092,2021-06-08 00:00:00.000000000
26206,2021-06-08 00:00:00.000000000
22258,2021-06-08 00:00:00.000000000
14534,2021-06-08 00:00:00.000000000
14674,2021-06-08 00:00:00.000000000
80533,2021-06-08 07:07:45.312000000
67022,2021-06-08 07:17:48.707000064
80400,2021-06-08 08:37:03.767000064
18231,2021-06-08 12:55:37.884000000
89279,2021-06-08 13:54:25.564000000
58294,2021-06-08 14:20:32.608000000
63075,2021-06-09 00:00:00.000000000
24214,2021-06-09 00:00:00.000000000
89003,2021-06-09 00:00:00.000000000
14431,2021-06-09 00:00:00.000000000
81248,2021-06-09 00:00:00.000000000
29249,2021-06-09 00:00:00.000000000
37144,2021-06-09 09:00:39.471000064
45045,2021-06-09 13:12:34.288999936
84089,2021-06-09 14:05:43.207000064
45215,2021-06-09 14:50:45.647000064
63019,2021-06-10 00:00:00.000000000
44013,2021-06-10 00:00:00.000000000
24158,2021-06-10 00:00:00.000000000
85108,2021-06-10 00:00:00.000000000
04037,2021-06-10 00:00:00.000000000
36095,2021-06-10 00:00:00.000000000
36130,2021-06-10 00:00:00.000000000
44109,2021-06-10 00:00:00.000000000
44184,2021-06-10 00:00:00.000000000
44172,2021-06-10 00:00:00.000000000
60641,2021-06-10 00:00:00.000000000
40320,2021-06-10 00:00:00.000000000
01291,2021-06-10 09:03:33.881999872
61008,2021-06-10 09:45:54.591000064
89188,2021-06-10 13:13:29.392999936
70526,2021-06-10 14:52:45.272000000
42012,2021-06-11 00:00:00.000000000
42021,2021-06-11 00:00:00.000000000
42020,2021-06-11 00:00:00.000000000
42022,2021-06-11 00:00:00.000000000
49035,2021-06-11 00:00:00.000000000
42019,2021-06-11 00:00:00.000000000
42034,2021-06-11 00:00:00.000000000
42042,2021-06-11 00:00:00.000000000
42046,2021-06-11 00:00:00.000000000
63113,2021-06-11 00:00:00.000000000
42075,2021-06-11 00:00:00.000000000
85076,2021-06-11 00:00:00.000000000
04075,2021-06-11 00:00:00.000000000
25286,2021-06-11 00:00:00.000000000
42105,2021-06-11 00:00:00.000000000
42108,2021-06-11 00:00:00.000000000
14124,2021-06-11 00:00:00.000000000
42312,2021-06-11 00:00:00.000000000
44211,2021-06-11 00:00:00.000000000
85139,2021-06-11 00:00:00.000000000
42119,2021-06-11 00:00:00.000000000
42136,2021-06-11 00:00:00.000000000
42147,2021-06-11 00:00:00.000000000
42151,2021-06-11 00:00:00.000000000
78389,2021-06-11 00:00:00.000000000
42159,2021-06-11 00:00:00.000000000
42164,2021-06-11 00:00:00.000000000
42179,2021-06-11 00:00:00.000000000
42195,2021-06-11 00:00:00.000000000
42217,2021-06-11 00:00:00.000000000
42227,2021-06-11 00:00:00.000000000
16323,2021-06-11 00:00:00.000000000
43194,2021-06-11 00:00:00.000000000
42252,2021-06-11 00:00:00.000000000
42256,2021-06-11 00:00:00.000000000
42269,2021-06-11 00:00:00.000000000
42285,2021-06-11 00:00:00.000000000
42290,2021-06-11 00:00:00.000000000
42219,2021-06-11 00:00:00.000000000
42221,2021-06-11 00:00:00.000000000
81276,2021-06-11 00:00:00.000000000
42301,2021-06-11 00:00:00.000000000
42304,2021-06-11 00:00:00.000000000
42315,2021-06-11 00:00:00.000000000
42318,2021-06-11 00:00:00.000000000
42245,2021-06-11 00:00:00.000000000
80486,2021-06-11 09:03:01.123000064
22002,2021-06-12 00:00:00.000000000
22055,2021-06-12 00:00:00.000000000
16048,2021-06-12 00:00:00.000000000
22015,2021-06-12 00:00:00.000000000
22044,2021-06-12 00:00:00.000000000
22054,2021-06-12 00:00:00.000000000
19075,2021-06-12 00:00:00.000000000
22081,2021-06-12 00:00:00.000000000
22076,2021-06-12 00:00:00.000000000
22077,2021-06-12 00:00:00.000000000
22079,2021-06-12 00:00:00.000000000
22084,2021-06-12 00:00:00.000000000
22012,2021-06-12 00:00:00.000000000
22073,2021-06-12 00:00:00.000000000
22140,2021-06-12 00:00:00.000000000
22144,2021-06-12 00:00:00.000000000
22093,2021-06-12 00:00:00.000000000
22098,2021-06-12 00:00:00.000000000
22099,2021-06-12 00:00:00.000000000
22106,2021-06-12 00:00:00.000000000
22114,2021-06-12 00:00:00.000000000
22117,2021-06-12 00:00:00.000000000
22059,2021-06-12 00:00:00.000000000
22126,2021-06-12 00:00:00.000000000
22386,2021-06-12 00:00:00.000000000
22153,2021-06-12 00:00:00.000000000
22160,2021-06-12 00:00:00.000000000
22165,2021-06-12 00:00:00.000000000
22170,2021-06-12 00:00:00.000000000
22171,2021-06-12 00:00:00.000000000
22193,2021-06-12 00:00:00.000000000
22215,2021-06-12 00:00:00.000000000
22232,2021-06-12 00:00:00.000000000
22242,2021-06-12 00:00:00.000000000
22176,2021-06-12 00:00:00.000000000
22175,2021-06-12 00:00:00.000000000
22184,2021-06-12 00:00:00.000000000
22186,2021-06-12 00:00:00.000000000
22185,2021-06-12 00:00:00.000000000
22187,2021-06-12 00:00:00.000000000
22203,2021-06-12 00:00:00.000000000
22246,2021-06-12 00:00:00.000000000
22251,2021-06-12 00:00:00.000000000
22261,2021-06-12 00:00:00.000000000
22262,2021-06-12 00:00:00.000000000
22267,2021-06-12 00:00:00.000000000
22273,2021-06-12 00:00:00.000000000
22276,2021-06-12 00:00:00.000000000
22277,2021-06-12 00:00:00.000000000
22278,2021-06-12 00:00:00.000000000
22281,2021-06-12 00:00:00.000000000
22286,2021-06-12 00:00:00.000000000
22287,2021-06-12 00:00:00.000000000
22291,2021-06-12 00:00:00.000000000
22296,2021-06-12 00:00:00.000000000
22307,2021-06-12 00:00:00.000000000
22325,2021-06-12 00:00:00.000000000
22326,2021-06-12 00:00:00.000000000
22332,2021-06-12 00:00:00.000000000
22337,2021-06-12 00:00:00.000000000
14684,2021-06-12 00:00:00.000000000
22341,2021-06-12 00:00:00.000000000
22345,2021-06-12 00:00:00.000000000
22346,2021-06-12 00:00:00.000000000
22348,2021-06-12 00:00:00.000000000
22360,2021-06-12 00:00:00.000000000
22369,2021-06-12 00:00:00.000000000
22372,2021-06-12 00:00:00.000000000
22377,2021-06-12 00:00:00.000000000
22389,2021-06-12 00:00:00.000000000
22053,2021-06-12 00:00:00.000000000
68380,2021-06-12 07:27:33.632999936
44020,2021-06-14 00:00:00.000000000
31109,2021-06-14 00:00:00.000000000
30091,2021-06-14 00:00:00.000000000
71147,2021-06-14 00:00:00.000000000
44052,2021-06-14 00:00:00.000000000
44198,2021-06-14 00:00:00.000000000
48095,2021-06-14 00:00:00.000000000
81173,2021-06-14 00:00:00.000000000
44132,2021-06-14 00:00:00.000000000
24437,2021-06-14 00:00:00.000000000
14646,2021-06-14 00:00:00.000000000
22324,2021-06-14 00:00:00.000000000
44190,2021-06-14 00:00:00.000000000
21584,2021-06-14 00:00:00.000000000
44210,2021-06-14 00:00:00.000000000
14726,2021-06-14 00:00:00.000000000
24567,2021-06-14 00:00:00.000000000
73326,2021-06-14 00:00:00.000000000
51495,2021-06-14 09:41:06.767000064
76101,2021-06-14 12:29:19.812000000
10067,2021-06-14 12:36:47.822000128
64253,2021-06-14 13:59:50.407000064
29202,2021-06-14 16:42:37.008999936
69060,2021-06-15 00:00:00.000000000
83061,2021-06-15 00:00:00.000000000
80621,2021-06-15 00:00:00.000000000
05018,2021-06-15 00:00:00.000000000
63193,2021-06-15 00:00:00.000000000
64335,2021-06-15 00:00:00.000000000
14405,2021-06-15 00:00:00.000000000
85146,2021-06-15 00:00:00.000000000
63284,2021-06-15 00:00:00.000000000
14650,2021-06-15 00:00:00.000000000
29268,2021-06-15 00:00:00.000000000
31546,2021-06-15 00:00:00.000000000
14677,2021-06-15 00:00:00.000000000
49353,2021-06-15 00:00:00.000000000
04120,2021-06-15 00:00:00.000000000
70083,2021-06-15 09:06:05.344000000
42168,2021-06-15 13:19:15.271000064
42294,2021-06-15 14:18:49.636999936
85003,2021-06-16 00:00:00.000000000
85004,2021-06-16 00:00:00.000000000
85008,2021-06-16 00:00:00.000000000
85010,2021-06-16 00:00:00.000000000
85011,2021-06-16 00:00:00.000000000
85013,2021-06-16 00:00:00.000000000
85015,2021-06-16 00:00:00.000000000
85016,2021-06-16 00:00:00.000000000
85018,2021-06-16 00:00:00.000000000
85019,2021-06-16 00:00:00.000000000
85020,2021-06-16 00:00:00.000000000
85023,2021-06-16 00:00:00.000000000
85024,2021-06-16 00:00:00.000000000
85034,2021-06-16 00:00:00.000000000
85243,2021-06-16 00:00:00.000000000
85035,2021-06-16 00:00:00.000000000
85042,2021-06-16 00:00:00.000000000
85047,2021-06-16 00:00:00.000000000
85051,2021-06-16 00:00:00.000000000
85302,2021-06-16 00:00:00.000000000
85058,2021-06-16 00:00:00.000000000
85064,2021-06-16 00:00:00.000000000
85065,2021-06-16 00:00:00.000000000
85066,2021-06-16 00:00:00.000000000
85067,2021-06-16 00:00:00.000000000
85061,2021-06-16 00:00:00.000000000
85071,2021-06-16 00:00:00.000000000
60159,2021-06-16 00:00:00.000000000
85073,2021-06-16 00:00:00.000000000
85070,2021-06-16 00:00:00.000000000
85078,2021-06-16 00:00:00.000000000
85081,2021-06-16 00:00:00.000000000
85086,2021-06-16 00:00:00.000000000
85087,2021-06-16 00:00:00.000000000
85093,2021-06-16 00:00:00.000000000
85095,2021-06-16 00:00:00.000000000
85100,2021-06-16 00:00:00.000000000
85102,2021-06-16 00:00:00.000000000
85103,2021-06-16 00:00:00.000000000
85104,2021-06-16 00:00:00.000000000
85114,2021-06-16 00:00:00.000000000
85001,2021-06-16 00:00:00.000000000
85002,2021-06-16 00:00:00.000000000
85113,2021-06-16 00:00:00.000000000
85012,2021-06-16 00:00:00.000000000
85021,2021-06-16 00:00:00.000000000
85026,2021-06-16 00:00:00.000000000
85036,2021-06-16 00:00:00.000000000
85039,2021-06-16 00:00:00.000000000
85040,2021-06-16 00:00:00.000000000
85045,2021-06-16 00:00:00.000000000
85046,2021-06-16 00:00:00.000000000
85054,2021-06-16 00:00:00.000000000
85055,2021-06-16 00:00:00.000000000
85056,2021-06-16 00:00:00.000000000
85059,2021-06-16 00:00:00.000000000
85072,2021-06-16 00:00:00.000000000
85097,2021-06-16 00:00:00.000000000
85098,2021-06-16 00:00:00.000000000
85106,2021-06-16 00:00:00.000000000
85115,2021-06-16 00:00:00.000000000
85140,2021-06-16 00:00:00.000000000
85142,2021-06-16 00:00:00.000000000
85186,2021-06-16 00:00:00.000000000
85191,2021-06-16 00:00:00.000000000
85188,2021-06-16 00:00:00.000000000
49332,2021-06-16 00:00:00.000000000
85286,2021-06-16 00:00:00.000000000
85294,2021-06-16 00:00:00.000000000
85117,2021-06-16 00:00:00.000000000
85118,2021-06-16 00:00:00.000000000
85120,2021-06-16 00:00:00.000000000
85022,2021-06-16 00:00:00.000000000
85031,2021-06-16 00:00:00.000000000
85050,2021-06-16 00:00:00.000000000
85088,2021-06-16 00:00:00.000000000
85099,2021-06-16 00:00:00.000000000
85101,2021-06-16 00:00:00.000000000
85172,2021-06-16 00:00:00.000000000
85178,2021-06-16 00:00:00.000000000
85285,2021-06-16 00:00:00.000000000
85152,2021-06-16 00:00:00.000000000
85038,2021-06-16 00:00:00.000000000
85082,2021-06-16 00:00:00.000000000
85109,2021-06-16 00:00:00.000000000
85119,2021-06-16 00:00:00.000000000
85129,2021-06-16 00:00:00.000000000
85131,2021-06-16 00:00:00.000000000
85194,2021-06-16 00:00:00.000000000
85123,2021-06-16 00:00:00.000000000
85127,2021-06-16 00:00:00.000000000
85128,2021-06-16 00:00:00.000000000
85130,2021-06-16 00:00:00.000000000
85133,2021-06-16 00:00:00.000000000
85134,2021-06-16 00:00:00.000000000
37147,2021-06-16 00:00:00.000000000
85138,2021-06-16 00:00:00.000000000
85145,2021-06-16 00:00:00.000000000
85147,2021-06-16 00:00:00.000000000
85151,2021-06-16 00:00:00.000000000
85153,2021-06-16 00:00:00.000000000
85155,2021-06-16 00:00:00.000000000
85156,2021-06-16 00:00:00.000000000
85159,2021-06-16 00:00:00.000000000
85160,2021-06-16 00:00:00.000000000
85161,2021-06-16 00:00:00.000000000
85163,2021-06-16 00:00:00.000000000
85164,2021-06-16 00:00:00.000000000
85169,2021-06-16 00:00:00.000000000
85179,2021-06-16 00:00:00.000000000
85182,2021-06-16 00:00:00.000000000
85171,2021-06-16 00:00:00.000000000
85213,2021-06-16 00:00:00.000000000
85192,2021-06-16 00:00:00.000000000
85193,2021-06-16 00:00:00.000000000
85187,2021-06-16 00:00:00.000000000
85198,2021-06-16 00:00:00.000000000
85199,2021-06-16 00:00:00.000000000
85200,2021-06-16 00:00:00.000000000
85201,2021-06-16 00:00:00.000000000
85206,2021-06-16 00:00:00.000000000
85207,2021-06-16 00:00:00.000000000
85208,2021-06-16 00:00:00.000000000
85218,2021-06-16 00:00:00.000000000
85220,2021-06-16 00:00:00.000000000
85221,2021-06-16 00:00:00.000000000
85222,2021-06-16 00:00:00.000000000
85226,2021-06-16 00:00:00.000000000
85231,2021-06-16 00:00:00.000000000
85232,2021-06-16 00:00:00.000000000
85233,2021-06-16 00:00:00.000000000
85234,2021-06-16 00:00:00.000000000
85235,2021-06-16 00:00:00.000000000
85236,2021-06-16 00:00:00.000000000
85238,2021-06-16 00:00:00.000000000
85239,2021-06-16 00:00:00.000000000
85240,2021-06-16 00:00:00.000000000
85242,2021-06-16 00:00:00.000000000
85246,2021-06-16 00:00:00.000000000
85247,2021-06-16 00:00:00.000000000
85250,2021-06-16 00:00:00.000000000
85255,2021-06-16 00:00:00.000000000
85260,2021-06-16 00:00:00.000000000
85259,2021-06-16 00:00:00.000000000
85262,2021-06-16 00:00:00.000000000
85265,2021-06-16 00:00:00.000000000
85266,2021-06-16 00:00:00.000000000
85268,2021-06-16 00:00:00.000000000
85271,2021-06-16 00:00:00.000000000
85276,2021-06-16 00:00:00.000000000
85278,2021-06-16 00:00:00.000000000
85209,2021-06-16 00:00:00.000000000
85210,2021-06-16 00:00:00.000000000
85202,2021-06-16 00:00:00.000000000
85211,2021-06-16 00:00:00.000000000
85216,2021-06-16 00:00:00.000000000
85223,2021-06-16 00:00:00.000000000
85267,2021-06-16 00:00:00.000000000
85280,2021-06-16 00:00:00.000000000
85282,2021-06-16 00:00:00.000000000
85284,2021-06-16 00:00:00.000000000
85090,2021-06-16 00:00:00.000000000
85287,2021-06-16 00:00:00.000000000
85288,2021-06-16 00:00:00.000000000
85290,2021-06-16 00:00:00.000000000
85291,2021-06-16 00:00:00.000000000
85293,2021-06-16 00:00:00.000000000
85296,2021-06-16 00:00:00.000000000
85297,2021-06-16 00:00:00.000000000
85298,2021-06-16 00:00:00.000000000
85300,2021-06-16 00:00:00.000000000
85301,2021-06-16 00:00:00.000000000
85307,2021-06-16 00:00:00.000000000
32139,2021-06-16 08:44:53.908999936
26099,2021-06-16 09:17:19.131000064
81051,2021-06-17 00:00:00.000000000
49135,2021-06-17 00:00:00.000000000
36177,2021-06-17 00:00:00.000000000
49267,2021-06-17 00:00:00.000000000
83035,2021-06-17 09:53:30.894000128
83095,2021-06-17 11:23:32.705999872
05048,2021-06-17 12:02:39.899000064
04218,2021-06-17 13:20:25.912000000
49023,2021-06-18 00:00:00.000000000
85029,2021-06-18 00:00:00.000000000
01075,2021-06-18 00:00:00.000000000
49092,2021-06-18 00:00:00.000000000
38110,2021-06-18 00:00:00.000000000
89411,2021-06-18 00:00:00.000000000
49244,2021-06-18 00:00:00.000000000
49218,2021-06-18 00:00:00.000000000
30184,2021-06-18 00:00:00.000000000
49069,2021-06-18 00:00:00.000000000
85204,2021-06-18 00:00:00.000000000
04182,2021-06-18 00:00:00.000000000
49301,2021-06-18 00:00:00.000000000
17468,2021-06-18 00:00:00.000000000
13018,2021-06-18 09:19:56.644999936
39415,2021-06-18 09:43:58.243000064
13066,2021-06-18 11:14:59.247000064
65331,2021-06-18 12:34:02.060000000
33175,2021-06-18 14:34:21.156999936
29265,2021-06-19 12:19:25.448000000
07175,2021-06-19 13:29:50.284999936
64245,2021-06-21 00:00:00.000000000
35167,2021-06-21 00:00:00.000000000
82066,2021-06-21 07:44:21.040000000
41278,2021-06-21 13:44:24.184000000
38412,2021-06-21 14:06:15.380000000
70268,2021-06-21 21:33:28.545999872
85028,2021-06-22 00:00:00.000000000
45097,2021-06-22 00:00:00.000000000
16136,2021-06-22 00:00:00.000000000
29054,2021-06-22 00:00:00.000000000
38249,2021-06-22 00:00:00.000000000
85162,2021-06-22 00:00:00.000000000
16317,2021-06-22 00:00:00.000000000
37262,2021-06-22 00:00:00.000000000
85303,2021-06-22 00:00:00.000000000
85306,2021-06-22 00:00:00.000000000
42194,2021-06-22 14:22:28.848999936
58177,2021-06-22 14:49:39.043000064
47131,2021-06-22 15:41:45.152000000
80002,2021-06-23 00:00:00.000000000
21098,2021-06-23 00:00:00.000000000
80312,2021-06-23 00:00:00.000000000
50215,2021-06-23 00:00:00.000000000
49178,2021-06-23 00:00:00.000000000
01241,2021-06-23 00:00:00.000000000
04158,2021-06-23 00:00:00.000000000
42207,2021-06-23 00:00:00.000000000
37113,2021-06-23 06:44:14.886000128
35006,2021-06-23 14:35:53.302000128
42233,2021-06-23 16:04:28.399000064
42003,2021-06-24 00:00:00.000000000
05031,2021-06-24 00:00:00.000000000
49192,2021-06-24 00:00:00.000000000
76447,2021-06-24 00:00:00.000000000
87110,2021-06-24 00:00:00.000000000
84096,2021-06-24 00:00:00.000000000
30220,2021-06-24 00:00:00.000000000
66191,2021-06-24 00:00:00.000000000
64558,2021-06-24 00:00:00.000000000
76238,2021-06-24 00:00:00.000000000
07117,2021-06-24 05:28:20.079000064
63200,2021-06-24 11:21:29.619000064
39413,2021-06-24 23:17:36.652999936
05012,2021-06-25 00:00:00.000000000
14298,2021-06-25 00:00:00.000000000
81254,2021-06-25 00:00:00.000000000
85264,2021-06-25 00:00:00.000000000
21379,2021-06-25 07:13:14.464000000
82026,2021-06-25 09:49:48.305999872
22209,2021-06-25 12:04:14.752999936
35009,2021-06-25 13:22:07.719000064
76079,2021-06-28 00:00:00.000000000
10299,2021-06-28 00:00:00.000000000
21521,2021-06-28 00:00:00.000000000
14630,2021-06-28 00:00:00.000000000
70446,2021-06-28 08:02:43.007000064
82010,2021-06-28 08:17:47.904000000
80229,2021-06-28 11:34:02.065999872
35089,2021-06-28 13:20:54.871000064
26192,2021-06-28 13:56:06.856000000
76017,2021-06-29 00:00:00.000000000
76064,2021-06-29 00:00:00.000000000
26094,2021-06-29 00:00:00.000000000
26133,2021-06-29 00:00:00.000000000
76303,2021-06-29 00:00:00.000000000
76307,2021-06-29 00:00:00.000000000
76361,2021-06-29 00:00:00.000000000
70349,2021-06-29 00:00:00.000000000
84073,2021-06-29 00:00:00.000000000
26247,2021-06-29 00:00:00.000000000
57550,2021-06-29 00:00:00.000000000
26295,2021-06-29 00:00:00.000000000
42231,2021-06-29 00:00:00.000000000
76595,2021-06-29 00:00:00.000000000
26314,2021-06-29 00:00:00.000000000
76716,2021-06-29 00:00:00.000000000
76254,2021-06-29 00:00:00.000000000
42317,2021-06-29 09:13:02.023000064
29280,2021-06-29 11:49:54.532000000
58281,2021-06-29 12:16:15.636000000
37148,2021-06-29 12:44:53.420999936
25093,2021-06-29 14:45:19.865999872
27200,2021-06-29 15:13:07.776000000
81015,2021-06-30 00:00:00.000000000
64065,2021-06-30 00:00:00.000000000
73042,2021-06-30 00:00:00.000000000
73047,2021-06-30 00:00:00.000000000
05025,2021-06-30 00:00:00.000000000
73101,2021-06-30 00:00:00.000000000
70271,2021-06-30 00:00:00.000000000
73076,2021-06-30 00:00:00.000000000
73311,2021-06-30 00:00:00.000000000
73098,2021-06-30 00:00:00.000000000
73168,2021-06-30 00:00:00.000000000
73175,2021-06-30 00:00:00.000000000
73177,2021-06-30 00:00:00.000000000
24323,2021-06-30 00:00:00.000000000
73230,2021-06-30 00:00:00.000000000
73246,2021-06-30 00:00:00.000000000
16370,2021-06-30 00:00:00.000000000
26118,2021-06-30 00:00:00.000000000
04041,2021-06-30 05:54:35.664999936
39247,2021-06-30 07:33:31.020999936
45035,2021-06-30 14:40:02.096000000
42008,2021-07-01 00:00:00.000000000
61020,2021-07-01 00:00:00.000000000
24051,2021-07-01 00:00:00.000000000
76314,2021-07-01 00:00:00.000000000
76169,2021-07-01 00:00:00.000000000
76551,2021-07-01 00:00:00.000000000
76660,2021-07-01 00:00:00.000000000
76239,2021-07-01 00:00:00.000000000
76250,2021-07-01 00:00:00.000000000
71413,2021-07-01 13:00:12.252999936
27208,2021-07-01 13:15:17.615000064
64147,2021-07-02 00:00:00.000000000
26080,2021-07-02 00:00:00.000000000
30207,2021-07-02 00:00:00.000000000
73207,2021-07-02 00:00:00.000000000
14529,2021-07-02 00:00:00.000000000
14602,2021-07-02 00:00:00.000000000
81014,2021-07-02 07:36:46.982000128
58215,2021-07-02 12:14:35.300000000
45150,2021-07-02 13:59:20.732000000
54112,2021-07-02 14:22:45.419000064
58094,2021-07-03 00:00:00.000000000
89245,2021-07-04 10:02:33.403000064
83049,2021-07-05 00:00:00.000000000
64445,2021-07-05 00:00:00.000000000
76501,2021-07-05 00:00:00.000000000
24408,2021-07-05 00:00:00.000000000
19211,2021-07-05 00:00:00.000000000
49326,2021-07-05 00:00:00.000000000
14005,2021-07-05 00:00:00.000000000
91639,2021-07-05 00:00:00.000000000
30205,2021-07-05 07:49:41.428999936
35217,2021-07-05 08:18:49.544999936
87140,2021-07-05 09:18:45.887000064
70026,2021-07-05 13:49:57.019000064
64139,2021-07-05 14:48:01.212999936
16058,2021-07-05 16:28:57.671000064
82144,2021-07-05 16:55:18.628999936
30115,2021-07-06 00:00:00.000000000
76296,2021-07-06 00:00:00.000000000
76341,2021-07-06 00:00:00.000000000
85132,2021-07-06 00:00:00.000000000
85189,2021-07-06 00:00:00.000000000
30209,2021-07-06 00:00:00.000000000
46242,2021-07-06 00:00:00.000000000
85229,2021-07-06 00:00:00.000000000
05151,2021-07-06 00:00:00.000000000
24464,2021-07-06 00:00:00.000000000
83129,2021-07-06 00:00:00.000000000
72366,2021-07-06 07:09:27.358000128
42161,2021-07-06 07:11:34.271000064
64376,2021-07-06 07:47:22.804999936
26345,2021-07-06 09:13:31.908000000
62040,2021-07-06 13:09:58.464999936
71477,2021-07-06 14:13:27.448999936
64059,2021-07-06 14:17:58.569999872
04004,2021-07-07 00:00:00.000000000
68121,2021-07-07 00:00:00.000000000
04166,2021-07-07 00:00:00.000000000
38186,2021-07-07 06:19:48.180000000
26357,2021-07-07 07:42:56.896999936
21325,2021-07-07 12:27:46.572000000
27248,2021-07-07 13:17:13.193999872
63438,2021-07-07 20:03:40.423000064
26006,2021-07-08 00:00:00.000000000
70200,2021-07-08 00:00:00.000000000
39217,2021-07-08 00:00:00.000000000
26170,2021-07-08 00:00:00.000000000
49195,2021-07-08 00:00:00.000000000
91469,2021-07-08 00:00:00.000000000
24341,2021-07-08 00:00:00.000000000
24474,2021-07-08 00:00:00.000000000
28137,2021-07-08 00:00:00.000000000
91570,2021-07-08 08:54:00.628000000
76492,2021-07-08 09:41:49.711000064
42257,2021-07-08 14:02:30.500999936
81046,2021-07-09 00:00:00.000000000
14175,2021-07-09 00:00:00.000000000
88382,2021-07-09 00:00:00.000000000
03214,2021-07-09 00:00:00.000000000
69177,2021-07-09 00:00:00.000000000
45347,2021-07-09 00:00:00.000000000
35239,2021-07-09 07:16:13.379000064
2B361,2021-07-09 13:31:03.891000064
26088,2021-07-09 13:45:54.142000128
29119,2021-07-09 14:25:38.464999936
27002,2021-07-12 00:00:00.000000000
31134,2021-07-12 00:00:00.000000000
43043,2021-07-12 00:00:00.000000000
24180,2021-07-12 00:00:00.000000000
24191,2021-07-12 00:00:00.000000000
84099,2021-07-12 00:00:00.000000000
05157,2021-07-12 00:00:00.000000000
67495,2021-07-12 00:00:00.000000000
15004,2021-07-12 08:36:59.798000128
67507,2021-07-12 09:44:36.657999872
42069,2021-07-12 12:11:23.460000000
59131,2021-07-13 00:00:00.000000000
49120,2021-07-13 00:00:00.000000000
05117,2021-07-13 00:00:00.000000000
61242,2021-07-13 07:57:31.856000000
12220,2021-07-13 13:48:48.571000064
26236,2021-07-13 13:53:46.102000128
46170,2021-07-13 14:42:27.479000064
48013,2021-07-15 00:00:00.000000000
05049,2021-07-15 00:00:00.000000000
14272,2021-07-15 00:00:00.000000000
49211,2021-07-15 00:00:00.000000000
16232,2021-07-15 00:00:00.000000000
01302,2021-07-15 00:00:00.000000000
14613,2021-07-15 00:00:00.000000000
21494,2021-07-15 12:39:14.967000064
57311,2021-07-15 14:34:06.240000000
80409,2021-07-15 17:29:08.086000128
29270,2021-07-16 00:00:00.000000000
16331,2021-07-18 00:00:00.000000000
37024,2021-07-19 00:00:00.000000000
18118,2021-07-19 00:00:00.000000000
05108,2021-07-19 00:00:00.000000000
49294,2021-07-19 00:00:00.000000000
80773,2021-07-19 08:23:05.343000064
21599,2021-07-19 15:13:25.780999936
02128,2021-07-20 00:00:00.000000000
12046,2021-07-20 00:00:00.000000000
04086,2021-07-20 00:00:00.000000000
71233,2021-07-20 00:00:00.000000000
29104,2021-07-20 00:00:00.000000000
61056,2021-07-20 00:00:00.000000000
72217,2021-07-20 00:00:00.000000000
05140,2021-07-20 00:00:00.000000000
49323,2021-07-20 00:00:00.000000000
71573,2021-07-20 00:00:00.000000000
26002,2021-07-21 00:00:00.000000000
33529,2021-07-21 00:00:00.000000000
73188,2021-07-21 00:00:00.000000000
85184,2021-07-21 00:00:00.000000000
85227,2021-07-21 00:00:00.000000000
59414,2021-07-21 12:53:30.744000000
64122,2021-07-22 00:00:00.000000000
84041,2021-07-22 00:00:00.000000000
80300,2021-07-22 00:00:00.000000000
39245,2021-07-22 00:00:00.000000000
16180,2021-07-22 00:00:00.000000000
43164,2021-07-22 00:00:00.000000000
64547,2021-07-22 00:00:00.000000000
42337,2021-07-22 08:13:03.240999936
70021,2021-07-22 08:15:20.232000000
21525,2021-07-22 08:37:46.246000128
25522,2021-07-22 09:35:51.536999936
80418,2021-07-22 13:11:55.872000000
49057,2021-07-23 00:00:00.000000000
19078,2021-07-23 00:00:00.000000000
14269,2021-07-23 00:00:00.000000000
05180,2021-07-23 00:00:00.000000000
70474,2021-07-23 00:00:00.000000000
11371,2021-07-23 00:00:00.000000000
49352,2021-07-23 00:00:00.000000000
59609,2021-07-23 00:00:00.000000000
63293,2021-07-23 08:01:05.073999872
03253,2021-07-23 08:24:03.235000064
34274,2021-07-23 11:54:39.721999872
64265,2021-07-24 00:00:00.000000000
2A061,2021-07-25 13:38:57.351000064
80033,2021-07-26 00:00:00.000000000
77068,2021-07-26 00:00:00.000000000
44033,2021-07-26 00:00:00.000000000
77286,2021-07-26 00:00:00.000000000
14480,2021-07-26 00:00:00.000000000
49329,2021-07-26 00:00:00.000000000
14475,2021-07-26 00:00:00.000000000
80430,2021-07-26 13:30:23.864999936
24038,2021-07-27 00:00:00.000000000
07145,2021-07-27 00:00:00.000000000
72378,2021-07-27 00:00:00.000000000
80781,2021-07-27 07:53:36.200000000
2A092,2021-07-27 08:36:30.840999936
47217,2021-07-27 12:07:02.128999936
07306,2021-07-27 13:05:58.495000064
82134,2021-07-27 13:10:52.899000064
2A024,2021-07-27 14:39:32.184000000
59146,2021-07-28 00:00:00.000000000
30106,2021-07-28 00:00:00.000000000
24325,2021-07-28 00:00:00.000000000
06115,2021-07-28 05:56:11.691000064
38115,2021-07-28 15:43:38.641999872
24397,2021-07-29 00:00:00.000000000
2A308,2021-07-29 05:10:45.449999872
44071,2021-07-30 00:00:00.000000000
35241,2021-07-30 00:00:00.000000000
12189,2021-07-30 00:00:00.000000000
04174,2021-07-30 00:00:00.000000000
80349,2021-07-30 08:28:48.967000064
80258,2021-07-30 09:32:24.912000000
2A114,2021-07-30 14:28:45.601999872
64011,2021-07-31 00:00:00.000000000
59623,2021-07-31 00:00:00.000000000
2A278,2021-07-31 19:52:02.849999872
82083,2021-07-31 21:25:31.668000000
82126,2021-08-01 08:07:40.040999936
05060,2021-08-02 00:00:00.000000000
67280,2021-08-02 00:00:00.000000000
05100,2021-08-02 00:00:00.000000000
05167,2021-08-02 09:20:00.484000000
07144,2021-08-02 12:57:47.500000000
37022,2021-08-02 15:21:12.339000064
14135,2021-08-02 15:51:34.523000064
76167,2021-08-03 00:00:00.000000000
76481,2021-08-03 00:00:00.000000000
04164,2021-08-03 00:00:00.000000000
30254,2021-08-03 00:00:00.000000000
31239,2021-08-03 07:45:45.268999936
40167,2021-08-03 09:57:11.256000000
84119,2021-08-03 12:14:22.168999936
33380,2021-08-03 12:44:43.760000000
2A288,2021-08-03 14:15:06.833999872
45001,2021-08-03 14:55:53.567000064
41057,2021-08-03 15:16:25.007000064
77019,2021-08-04 00:00:00.000000000
12032,2021-08-04 00:00:00.000000000
49307,2021-08-04 00:00:00.000000000
24486,2021-08-04 00:00:00.000000000
71032,2021-08-04 08:15:53.630000128
18143,2021-08-04 09:16:01.855000064
23212,2021-08-04 14:04:08.449999872
71411,2021-08-04 14:39:29.223000064
66122,2021-08-04 15:39:43.660000000
33320,2021-08-04 15:54:50.855000064
24413,2021-08-05 00:00:00.000000000
44195,2021-08-05 00:00:00.000000000
91226,2021-08-05 00:00:00.000000000
56165,2021-08-05 06:49:43.942000128
81100,2021-08-05 07:29:49.614000128
11081,2021-08-05 08:03:06.619000064
72018,2021-08-05 13:45:27.855000064
33173,2021-08-05 16:07:38.491000064
97423,2021-08-06 00:00:00.000000000
16240,2021-08-06 00:00:00.000000000
42189,2021-08-06 00:00:00.000000000
31296,2021-08-06 08:14:49.745999872
21136,2021-08-06 17:12:24.649999872
67177,2021-08-07 07:25:35.633999872
21327,2021-08-08 10:01:57.492000000
65051,2021-08-09 00:00:00.000000000
03051,2021-08-09 00:00:00.000000000
76409,2021-08-09 00:00:00.000000000
71498,2021-08-09 00:00:00.000000000
2A300,2021-08-09 05:29:49.648999936
33381,2021-08-09 12:46:45.510000128
2B084,2021-08-09 13:29:08.584000000
64480,2021-08-09 14:46:54.612999936
76196,2021-08-10 00:00:00.000000000
05045,2021-08-10 00:00:00.000000000
31472,2021-08-10 00:00:00.000000000
16357,2021-08-10 00:00:00.000000000
64529,2021-08-10 12:49:39.369999872
38126,2021-08-10 16:00:12.297999872
49012,2021-08-11 00:00:00.000000000
57233,2021-08-11 00:00:00.000000000
85096,2021-08-11 00:00:00.000000000
85289,2021-08-11 00:00:00.000000000
85251,2021-08-11 00:00:00.000000000
42011,2021-08-11 06:19:06.233999872
12106,2021-08-11 11:31:42.984999936
37216,2021-08-11 15:15:48.123000064
24259,2021-08-12 00:00:00.000000000
26172,2021-08-12 00:00:00.000000000
19191,2021-08-12 00:00:00.000000000
44141,2021-08-13 00:00:00.000000000
16226,2021-08-13 00:00:00.000000000
33526,2021-08-13 00:00:00.000000000
32062,2021-08-13 06:54:20.476000000
2B168,2021-08-13 07:26:59.707000064
89085,2021-08-13 09:02:42.948999936
70260,2021-08-13 09:52:01.928000000
33088,2021-08-15 00:00:00.000000000
04051,2021-08-16 00:00:00.000000000
03138,2021-08-16 00:00:00.000000000
43172,2021-08-16 00:00:00.000000000
01010,2021-08-16 13:14:51.759000064
2A215,2021-08-16 13:42:47.640000000
91425,2021-08-16 13:43:57.180000000
91458,2021-08-16 13:45:11.089999872
91587,2021-08-16 13:53:53.140999936
91275,2021-08-16 13:57:00.116999936
30035,2021-08-16 13:59:53.817999872
83114,2021-08-16 16:51:34.815000064
52405,2021-08-17 00:00:00.000000000
33335,2021-08-17 00:00:00.000000000
76693,2021-08-17 00:00:00.000000000
44088,2021-08-17 00:00:00.000000000
31360,2021-08-17 00:00:00.000000000
29206,2021-08-17 00:00:00.000000000
29302,2021-08-17 00:00:00.000000000
35197,2021-08-17 07:07:55.641999872
84048,2021-08-17 09:31:26.196000000
44115,2021-08-17 12:50:56.326000128
66166,2021-08-17 13:11:18.048999936
2A269,2021-08-17 19:25:24.504000000
70181,2021-08-18 00:00:00.000000000
27082,2021-08-18 00:00:00.000000000
35194,2021-08-18 00:00:00.000000000
44209,2021-08-18 00:00:00.000000000
33332,2021-08-18 06:09:05.068000000
2B231,2021-08-18 08:07:17.743000064
87167,2021-08-18 08:07:50.044999936
2B235,2021-08-18 08:12:30.384000000
13014,2021-08-18 08:58:45.648999936
14626,2021-08-18 12:20:31.708999936
16359,2021-08-18 15:16:24.695000064
76275,2021-08-19 00:00:00.000000000
63371,2021-08-19 09:55:43.873999872
71238,2021-08-20 00:00:00.000000000
76351,2021-08-20 00:00:00.000000000
76563,2021-08-20 00:00:00.000000000
76647,2021-08-20 00:00:00.000000000
16138,2021-08-20 14:09:32.347000064
31054,2021-08-21 09:16:32.760000000
56175,2021-08-21 09:58:31.043000064
2A098,2021-08-22 07:11:12.152000000
50256,2021-08-23 00:00:00.000000000
49336,2021-08-23 00:00:00.000000000
36243,2021-08-23 00:00:00.000000000
06161,2021-08-23 00:00:00.000000000
11375,2021-08-23 06:34:06.955000064
37065,2021-08-23 08:27:02.216999936
41250,2021-08-23 09:02:29.230000128
41268,2021-08-23 15:05:04.022000128
38099,2021-08-23 15:13:34.772999936
33185,2021-08-24 00:00:00.000000000
76384,2021-08-24 00:00:00.000000000
44118,2021-08-24 00:00:00.000000000
49341,2021-08-24 00:00:00.000000000
21230,2021-08-24 06:42:59.268000000
10429,2021-08-24 12:43:48.647000064
03080,2021-08-24 14:40:37.256999936
41003,2021-08-25 00:00:00.000000000
17064,2021-08-25 00:00:00.000000000
32082,2021-08-25 00:00:00.000000000
05032,2021-08-25 00:00:00.000000000
26102,2021-08-25 00:00:00.000000000
56063,2021-08-25 00:00:00.000000000
56207,2021-08-25 00:00:00.000000000
44165,2021-08-25 00:00:00.000000000
35292,2021-08-25 00:00:00.000000000
30348,2021-08-25 08:49:15.425999872
63028,2021-08-26 00:00:00.000000000
44043,2021-08-26 00:00:00.000000000
18075,2021-08-26 00:00:00.000000000
53147,2021-08-26 00:00:00.000000000
70381,2021-08-26 00:00:00.000000000
43231,2021-08-26 00:00:00.000000000
12296,2021-08-26 00:00:00.000000000
09103,2021-08-26 08:46:48.313999872
89278,2021-08-26 09:02:58.512000000
82025,2021-08-27 00:00:00.000000000
65127,2021-08-27 00:00:00.000000000
44039,2021-08-27 00:00:00.000000000
44136,2021-08-27 00:00:00.000000000
44021,2021-08-27 00:00:00.000000000
66170,2021-08-27 07:35:10.040999936
63209,2021-08-27 08:47:17.895000064
32027,2021-08-27 12:43:11.264999936
80378,2021-08-27 14:18:00.792000000
32432,2021-08-27 16:05:26.116000000
85009,2021-08-30 00:00:00.000000000
68038,2021-08-30 00:00:00.000000000
21081,2021-08-30 00:00:00.000000000
49038,2021-08-30 00:00:00.000000000
48099,2021-08-30 00:00:00.000000000
85033,2021-08-30 00:00:00.000000000
44156,2021-08-30 00:00:00.000000000
85080,2021-08-30 00:00:00.000000000
85094,2021-08-30 00:00:00.000000000
85111,2021-08-30 00:00:00.000000000
85177,2021-08-30 00:00:00.000000000
85126,2021-08-30 00:00:00.000000000
85157,2021-08-30 00:00:00.000000000
55374,2021-08-30 00:00:00.000000000
85245,2021-08-30 00:00:00.000000000
85274,2021-08-30 00:00:00.000000000
92025,2021-08-30 10:04:21.318000128
42049,2021-08-30 14:28:05.531000064
38103,2021-08-31 00:00:00.000000000
51254,2021-08-31 00:00:00.000000000
70203,2021-08-31 00:00:00.000000000
57377,2021-08-31 00:00:00.000000000
54371,2021-08-31 00:00:00.000000000
24295,2021-08-31 00:00:00.000000000
51433,2021-08-31 00:00:00.000000000
24417,2021-08-31 00:00:00.000000000
38434,2021-08-31 00:00:00.000000000
63396,2021-08-31 00:00:00.000000000
88452,2021-08-31 00:00:00.000000000
57747,2021-08-31 00:00:00.000000000
72143,2021-08-31 08:19:59.528999936
15192,2021-08-31 08:55:05.056000000
76225,2021-08-31 09:52:56.403000064
89383,2021-08-31 09:54:40.084999936
32197,2021-08-31 12:21:21.441999872
31329,2021-08-31 12:50:02.976999936
15072,2021-09-01 00:00:00.000000000
15152,2021-09-01 00:00:00.000000000
71327,2021-09-01 04:39:58.156000000
42332,2021-09-01 06:57:43.523000064
29298,2021-09-01 09:54:09.031000064
32283,2021-09-01 12:46:55.716999936
62452,2021-09-01 15:45:00.600999936
43106,2021-09-02 00:00:00.000000000
81112,2021-09-02 00:00:00.000000000
16365,2021-09-02 00:00:00.000000000
04241,2021-09-02 00:00:00.000000000
32457,2021-09-02 06:53:31.310000128
05135,2021-09-02 07:47:40.585999872
41104,2021-09-02 08:13:37.544000000
13041,2021-09-02 12:37:25.960000000
26350,2021-09-02 13:59:21.268999936
61024,2021-09-02 14:49:53.361999872
83135,2021-09-02 17:35:21.416000000
73017,2021-09-03 00:00:00.000000000
43023,2021-09-03 00:00:00.000000000
71545,2021-09-03 00:00:00.000000000
41017,2021-09-03 10:56:06.999000064
19178,2021-09-04 00:00:00.000000000
34004,2021-09-06 00:00:00.000000000
59288,2021-09-06 00:00:00.000000000
43136,2021-09-06 00:00:00.000000000
50553,2021-09-06 00:00:00.000000000
70552,2021-09-06 00:00:00.000000000
70569,2021-09-06 00:00:00.000000000
89215,2021-09-06 12:22:56.315000064
45129,2021-09-06 12:31:37.294000128
30216,2021-09-06 14:52:26.784999936
38027,2021-09-06 15:18:25.595000064
91045,2021-09-07 00:00:00.000000000
55087,2021-09-07 00:00:00.000000000
44037,2021-09-07 00:00:00.000000000
44067,2021-09-07 00:00:00.000000000
33263,2021-09-07 00:00:00.000000000
21404,2021-09-07 00:00:00.000000000
03301,2021-09-07 00:00:00.000000000
59009,2021-09-07 00:00:00.000000000
37223,2021-09-07 06:48:53.311000064
34103,2021-09-07 07:20:04.289999872
31292,2021-09-07 08:10:23.948999936
26101,2021-09-07 09:13:39.587000064
95409,2021-09-07 12:45:56.496999936
54373,2021-09-07 13:44:28.096999936
35155,2021-09-07 13:50:53.521999872
08190,2021-09-07 14:47:32.344000000
41215,2021-09-07 15:00:49.635000064
51548,2021-09-07 15:31:23.328999936
61062,2021-09-08 00:00:00.000000000
85135,2021-09-08 00:00:00.000000000
61316,2021-09-08 00:00:00.000000000
2A139,2021-09-08 06:10:55.035000064
83150,2021-09-08 08:21:49.656000000
34338,2021-09-08 09:28:27.600000000
70080,2021-09-08 09:46:20.880000000
80267,2021-09-08 10:06:51.153999872
71075,2021-09-08 15:55:28.494000128
12059,2021-09-09 00:00:00.000000000
53127,2021-09-09 00:00:00.000000000
87085,2021-09-09 00:00:00.000000000
82124,2021-09-09 00:00:00.000000000
49248,2021-09-09 00:00:00.000000000
27605,2021-09-09 00:00:00.000000000
05160,2021-09-09 00:00:00.000000000
82182,2021-09-09 00:00:00.000000000
32211,2021-09-09 07:25:46.588000000
43019,2021-09-09 07:50:55.764000000
51196,2021-09-09 09:46:25.299000064
68058,2021-09-09 12:57:31.924999936
84150,2021-09-09 13:46:28.935000064
71212,2021-09-09 13:51:20.796000000
49100,2021-09-10 00:00:00.000000000
44126,2021-09-10 00:00:00.000000000
43129,2021-09-10 00:00:00.000000000
44106,2021-09-10 00:00:00.000000000
85175,2021-09-10 00:00:00.000000000
44087,2021-09-10 00:00:00.000000000
81217,2021-09-10 00:00:00.000000000
82159,2021-09-10 00:00:00.000000000
44182,2021-09-10 00:00:00.000000000
40319,2021-09-10 00:00:00.000000000
70574,2021-09-10 00:00:00.000000000
70235,2021-09-10 08:23:14.993999872
70001,2021-09-10 08:41:15.958000128
46078,2021-09-10 12:53:49.856000000
59170,2021-09-10 12:58:11.099000064
56182,2021-09-11 00:00:00.000000000
56102,2021-09-13 00:00:00.000000000
13063,2021-09-13 00:00:00.000000000
61289,2021-09-13 00:00:00.000000000
87154,2021-09-13 00:00:00.000000000
64495,2021-09-13 00:00:00.000000000
21570,2021-09-13 00:00:00.000000000
49086,2021-09-13 00:00:00.000000000
11416,2021-09-13 00:00:00.000000000
03015,2021-09-13 07:49:44.513999872
29057,2021-09-13 08:08:41.840999936
21031,2021-09-13 08:35:16.451000064
21561,2021-09-13 10:24:27.940000000
31558,2021-09-13 12:49:47.616999936
21647,2021-09-13 12:57:12.792999936
29166,2021-09-13 15:03:59.240000000
69255,2021-09-13 15:22:10.376000000
21013,2021-09-13 15:35:48.531000064
34224,2021-09-13 18:01:06.406000128
04019,2021-09-14 00:00:00.000000000
70143,2021-09-14 00:00:00.000000000
21311,2021-09-14 00:00:00.000000000
51307,2021-09-14 00:00:00.000000000
44070,2021-09-14 00:00:00.000000000
15089,2021-09-14 00:00:00.000000000
78484,2021-09-14 00:00:00.000000000
64539,2021-09-14 00:00:00.000000000
21243,2021-09-14 00:00:00.000000000
21660,2021-09-14 05:33:46.500000000
95574,2021-09-14 07:06:53.700000000
82169,2021-09-14 09:21:41.515000064
32216,2021-09-14 10:11:18.128999936
21194,2021-09-14 12:42:44.942000128
80145,2021-09-14 13:24:13.440000000
55013,2021-09-14 13:31:52.519000064
59334,2021-09-14 14:47:53.567000064
82049,2021-09-14 15:12:58.072000000
36052,2021-09-14 15:33:28.967000064
26041,2021-09-15 00:00:00.000000000
65138,2021-09-15 00:00:00.000000000
39229,2021-09-15 00:00:00.000000000
55357,2021-09-15 00:00:00.000000000
30326,2021-09-15 00:00:00.000000000
82131,2021-09-15 06:22:07.593999872
58270,2021-09-15 07:03:13.524999936
41173,2021-09-15 14:45:53.168000000
70109,2021-09-15 15:47:24.831000064
19049,2021-09-16 00:00:00.000000000
55537,2021-09-16 00:00:00.000000000
77192,2021-09-16 00:00:00.000000000
85158,2021-09-16 00:00:00.000000000
85237,2021-09-16 00:00:00.000000000
85214,2021-09-16 00:00:00.000000000
51501,2021-09-16 00:00:00.000000000
36208,2021-09-16 00:00:00.000000000
65399,2021-09-16 00:00:00.000000000
85292,2021-09-16 00:00:00.000000000
44220,2021-09-16 00:00:00.000000000
21275,2021-09-16 07:04:41.432999936
21392,2021-09-16 08:06:11.040999936
78522,2021-09-16 08:30:35.623000064
71439,2021-09-16 08:43:17.392000000
81029,2021-09-17 00:00:00.000000000
53076,2021-09-17 00:00:00.000000000
53087,2021-09-17 00:00:00.000000000
53046,2021-09-17 00:00:00.000000000
53184,2021-09-17 00:00:00.000000000
53206,2021-09-17 00:00:00.000000000
53233,2021-09-17 00:00:00.000000000
44178,2021-09-17 00:00:00.000000000
38464,2021-09-17 00:00:00.000000000
64543,2021-09-17 00:00:00.000000000
44217,2021-09-17 00:00:00.000000000
38026,2021-09-17 07:05:57.848000000
30201,2021-09-17 07:26:00.601999872
33239,2021-09-17 08:42:22.822000128
80329,2021-09-17 09:42:32.161999872
55149,2021-09-17 12:45:11.067000064
70261,2021-09-17 12:50:44.927000064
66010,2021-09-17 14:42:07.444999936
21440,2021-09-17 15:03:21.955000064
31415,2021-09-17 15:58:16.916999936
53009,2021-09-20 00:00:00.000000000
53019,2021-09-20 00:00:00.000000000
24071,2021-09-20 00:00:00.000000000
49061,2021-09-20 00:00:00.000000000
12075,2021-09-20 00:00:00.000000000
44012,2021-09-20 00:00:00.000000000
64313,2021-09-20 00:00:00.000000000
46186,2021-09-20 00:00:00.000000000
49217,2021-09-20 00:00:00.000000000
44164,2021-09-20 00:00:00.000000000
43217,2021-09-20 00:00:00.000000000
44186,2021-09-20 00:00:00.000000000
41247,2021-09-20 00:00:00.000000000
21128,2021-09-20 06:13:12.644999936
59117,2021-09-20 07:17:10.441999872
71307,2021-09-20 07:19:43.763000064
51099,2021-09-20 09:36:40.839000064
27467,2021-09-20 09:39:43.150000128
80732,2021-09-20 11:49:08.995000064
52093,2021-09-20 11:57:54.672000000
71454,2021-09-20 13:22:29.136000000
25092,2021-09-20 14:18:08.212999936
38314,2021-09-20 14:42:32.206000128
41204,2021-09-20 15:10:32.707000064
77251,2021-09-20 15:18:24.591000064
21026,2021-09-21 00:00:00.000000000
21261,2021-09-21 00:00:00.000000000
49373,2021-09-21 00:00:00.000000000
85154,2021-09-21 00:00:00.000000000
82142,2021-09-21 00:00:00.000000000
73210,2021-09-21 00:00:00.000000000
44158,2021-09-21 00:00:00.000000000
29259,2021-09-21 07:44:43.620999936
04157,2021-09-21 08:13:05.300000000
88185,2021-09-21 10:08:34.924000000
61386,2021-09-21 10:16:13.924999936
2B036,2021-09-21 12:14:23.503000064
63407,2021-09-21 12:32:29.227000064
82141,2021-09-21 12:48:41.648000000
69010,2021-09-21 13:14:06.040999936
07314,2021-09-21 13:28:09.724999936
01330,2021-09-21 14:09:38.875000064
41087,2021-09-21 14:31:06.823000064
14040,2021-09-22 00:00:00.000000000
24063,2021-09-22 00:00:00.000000000
14062,2021-09-22 00:00:00.000000000
14132,2021-09-22 00:00:00.000000000
14134,2021-09-22 00:00:00.000000000
14141,2021-09-22 00:00:00.000000000
14159,2021-09-22 00:00:00.000000000
14182,2021-09-22 00:00:00.000000000
77467,2021-09-22 00:00:00.000000000
14080,2021-09-22 00:00:00.000000000
14427,2021-09-22 00:00:00.000000000
14473,2021-09-22 00:00:00.000000000
14492,2021-09-22 00:00:00.000000000
14524,2021-09-22 00:00:00.000000000
16276,2021-09-22 00:00:00.000000000
14550,2021-09-22 00:00:00.000000000
14582,2021-09-22 00:00:00.000000000
14627,2021-09-22 00:00:00.000000000
14635,2021-09-22 00:00:00.000000000
14639,2021-09-22 00:00:00.000000000
14590,2021-09-22 00:00:00.000000000
14734,2021-09-22 00:00:00.000000000
82180,2021-09-22 06:41:48.188000000
39018,2021-09-22 07:37:16.038000128
54329,2021-09-22 07:38:38.971000064
2B175,2021-09-22 08:14:39.305999872
61170,2021-09-22 08:19:58.108000000
07219,2021-09-22 09:06:34.137999872
78346,2021-09-22 09:39:56.148000000
30085,2021-09-22 12:14:54.607000064
02102,2021-09-22 19:12:45.622000128
22006,2021-09-23 00:00:00.000000000
62217,2021-09-23 00:00:00.000000000
44005,2021-09-23 00:00:00.000000000
44038,2021-09-23 00:00:00.000000000
49089,2021-09-23 00:00:00.000000000
16046,2021-09-23 00:00:00.000000000
49125,2021-09-23 00:00:00.000000000
46098,2021-09-23 00:00:00.000000000
13045,2021-09-23 00:00:00.000000000
44041,2021-09-23 00:00:00.000000000
81121,2021-09-23 00:00:00.000000000
49176,2021-09-23 00:00:00.000000000
05086,2021-09-23 00:00:00.000000000
80543,2021-09-23 00:00:00.000000000
44131,2021-09-23 00:00:00.000000000
44133,2021-09-23 00:00:00.000000000
44145,2021-09-23 00:00:00.000000000
14574,2021-09-23 00:00:00.000000000
43232,2021-09-23 00:00:00.000000000
21666,2021-09-23 00:00:00.000000000
2B193,2021-09-23 07:23:57.193999872
82052,2021-09-23 07:59:44.177999872
59509,2021-09-23 13:27:33.388000000
38179,2021-09-23 13:51:43.820000000
84026,2021-09-23 14:48:06.910000128
59486,2021-09-23 14:52:57.868000000
80010,2021-09-23 19:07:41.096999936
21131,2021-09-24 00:00:00.000000000
58099,2021-09-24 00:00:00.000000000
49310,2021-09-24 00:00:00.000000000
2A129,2021-09-24 07:25:46.996999936
69166,2021-09-24 07:39:21.640000000
34188,2021-09-24 09:09:41.288999936
46250,2021-09-24 09:26:20.724999936
21587,2021-09-24 09:32:36.604999936
81140,2021-09-24 12:08:31.207000064
59654,2021-09-24 13:15:48.182000128
59329,2021-09-24 13:28:52.251000064
45231,2021-09-25 00:00:00.000000000
2A011,2021-09-26 06:53:56.864999936
63216,2021-09-26 16:35:08.860999936
05003,2021-09-27 00:00:00.000000000
49018,2021-09-27 00:00:00.000000000
49054,2021-09-27 00:00:00.000000000
14347,2021-09-27 00:00:00.000000000
51147,2021-09-27 00:00:00.000000000
76369,2021-09-27 00:00:00.000000000
85105,2021-09-27 00:00:00.000000000
41114,2021-09-27 00:00:00.000000000
14379,2021-09-27 00:00:00.000000000
09172,2021-09-27 00:00:00.000000000
21378,2021-09-27 00:00:00.000000000
85149,2021-09-27 00:00:00.000000000
51229,2021-09-27 00:00:00.000000000
33176,2021-09-27 06:16:01.214000128
41008,2021-09-27 08:15:58.780999936
04079,2021-09-27 08:26:43.177999872
71106,2021-09-27 08:41:49.632999936
55520,2021-09-27 08:46:35.035000064
2B134,2021-09-27 11:51:42.888999936
37038,2021-09-27 14:04:00.664000000
03295,2021-09-27 14:19:57.297999872
39080,2021-09-27 15:44:25.518000128
45111,2021-09-27 16:18:02.652000000
28006,2021-09-28 00:00:00.000000000
43030,2021-09-28 00:00:00.000000000
49068,2021-09-28 00:00:00.000000000
58061,2021-09-28 00:00:00.000000000
45088,2021-09-28 00:00:00.000000000
80360,2021-09-28 00:00:00.000000000
30127,2021-09-28 00:00:00.000000000
19161,2021-09-28 00:00:00.000000000
05107,2021-09-28 00:00:00.000000000
38365,2021-09-28 00:00:00.000000000
44159,2021-09-28 00:00:00.000000000
30334,2021-09-28 00:00:00.000000000
21652,2021-09-28 00:00:00.000000000
42220,2021-09-28 06:58:56.424000000
04200,2021-09-28 06:59:09.142000128
38247,2021-09-28 07:21:55.943000064
80213,2021-09-28 08:12:06.008999936
90072,2021-09-28 08:53:17.196999936
31443,2021-09-28 09:12:28.964000000
21405,2021-09-28 11:53:22.916000000
54370,2021-09-28 12:17:49.419000064
43186,2021-09-28 12:38:32.555000064
95369,2021-09-28 13:30:54.480999936
32391,2021-09-28 13:56:36.892000000
62657,2021-09-28 14:16:35.460999936
24394,2021-09-28 15:22:27.329999872
50402,2021-09-28 15:58:44.392999936
41160,2021-09-28 17:21:18.096999936
50311,2021-09-28 18:25:48.992000000
30100,2021-09-29 00:00:00.000000000
29043,2021-09-29 00:00:00.000000000
29086,2021-09-29 00:00:00.000000000
29237,2021-09-29 00:00:00.000000000
12118,2021-09-29 00:00:00.000000000
29103,2021-09-29 00:00:00.000000000
82128,2021-09-29 00:00:00.000000000
04188,2021-09-29 07:58:02.852999936
2B143,2021-09-29 07:58:06.566000128
95229,2021-09-29 08:20:06.616999936
22004,2021-09-29 08:30:42.948000000
63360,2021-09-29 08:46:02.848999936
80119,2021-09-29 10:48:05.009999872
38399,2021-09-29 13:21:57.764999936
30034,2021-09-29 13:29:29.951000064
35050,2021-09-29 13:49:27.288999936
81005,2021-09-30 00:00:00.000000000
69074,2021-09-30 00:00:00.000000000
44127,2021-09-30 00:00:00.000000000
61276,2021-09-30 00:00:00.000000000
44110,2021-09-30 00:00:00.000000000
43215,2021-09-30 00:00:00.000000000
49370,2021-09-30 00:00:00.000000000
44216,2021-09-30 00:00:00.000000000
84144,2021-09-30 00:00:00.000000000
19289,2021-09-30 00:00:00.000000000
81131,2021-09-30 06:53:51.673999872
81288,2021-09-30 07:40:34.364999936
52398,2021-09-30 08:31:50.008000000
41071,2021-09-30 08:52:47.148999936
2B366,2021-09-30 09:10:31.504999936
39434,2021-09-30 09:47:36.616000000
09329,2021-09-30 12:30:33.374000128
27209,2021-09-30 12:34:25.583000064
07083,2021-09-30 13:24:17.897999872
42253,2021-09-30 14:11:59.812999936
21184,2021-10-01 00:00:00.000000000
49367,2021-10-01 00:00:00.000000000
72160,2021-10-01 00:00:00.000000000
53030,2021-10-01 00:00:00.000000000
92047,2021-10-01 00:00:00.000000000
53212,2021-10-01 00:00:00.000000000
44188,2021-10-01 00:00:00.000000000
92077,2021-10-01 00:00:00.000000000
05085,2021-10-01 10:20:54.452999936
2B304,2021-10-01 13:20:09.457999872
71581,2021-10-01 13:24:57.152999936
26079,2021-10-01 13:46:03.700999936
82011,2021-10-01 13:58:43.699000064
45184,2021-10-02 08:51:54.164000000
38442,2021-10-03 07:52:47.940999936
14101,2021-10-04 00:00:00.000000000
22030,2021-10-04 00:00:00.000000000
14169,2021-10-04 00:00:00.000000000
43051,2021-10-04 00:00:00.000000000
14593,2021-10-04 00:00:00.000000000
38520,2021-10-04 00:00:00.000000000
66139,2021-10-04 07:33:16.444000000
46045,2021-10-04 08:18:17.932000000
30179,2021-10-04 09:20:50.686000128
2B223,2021-10-04 11:43:58.188999936
59178,2021-10-04 13:03:03.489999872
76711,2021-10-04 13:38:35.527000064
21147,2021-10-04 13:58:09.316000000
46002,2021-10-04 15:27:46.135000064
66151,2021-10-04 17:25:37.188000000
21152,2021-10-05 00:00:00.000000000
46085,2021-10-05 00:00:00.000000000
19068,2021-10-05 00:00:00.000000000
85110,2021-10-05 00:00:00.000000000
45146,2021-10-05 00:00:00.000000000
85137,2021-10-05 00:00:00.000000000
85174,2021-10-05 00:00:00.000000000
85181,2021-10-05 00:00:00.000000000
85215,2021-10-05 00:00:00.000000000
46310,2021-10-05 00:00:00.000000000
85281,2021-10-05 00:00:00.000000000
68354,2021-10-05 00:00:00.000000000
04187,2021-10-05 08:13:59.979000064
34106,2021-10-05 11:10:29.294000128
15020,2021-10-05 11:43:46.643000064
41007,2021-10-05 12:47:39.260000000
2A103,2021-10-05 13:53:40.772000000
46205,2021-10-05 14:20:41.681999872
50340,2021-10-05 16:34:56.012000000
22013,2021-10-05 19:40:08.223000064
04124,2021-10-06 00:00:00.000000000
46033,2021-10-06 00:00:00.000000000
46321,2021-10-06 07:17:04.766000128
82012,2021-10-06 07:35:39.936000000
21207,2021-10-06 08:01:41.254000128
21498,2021-10-06 08:19:02.927000064
80095,2021-10-06 08:58:39.168000000
32149,2021-10-06 14:45:12.348999936
27035,2021-10-07 00:00:00.000000000
11090,2021-10-07 00:00:00.000000000
71088,2021-10-07 00:00:00.000000000
21511,2021-10-07 00:00:00.000000000
19234,2021-10-07 00:00:00.000000000
23113,2021-10-07 06:50:08.758000128
38521,2021-10-07 09:13:10.032000000
21375,2021-10-07 09:27:57.163000064
46115,2021-10-07 12:44:47.160000000
21341,2021-10-07 13:32:58.115000064
30313,2021-10-07 13:57:07.088999936
21600,2021-10-07 14:10:37.617999872
60291,2021-10-07 14:13:47.726000128
01015,2021-10-08 00:00:00.000000000
14167,2021-10-08 00:00:00.000000000
38133,2021-10-08 00:00:00.000000000
16141,2021-10-08 00:00:00.000000000
51197,2021-10-08 00:00:00.000000000
64355,2021-10-08 00:00:00.000000000
24429,2021-10-08 00:00:00.000000000
26368,2021-10-08 00:00:00.000000000
21573,2021-10-08 06:00:03.240999936
2B156,2021-10-08 07:56:54.417999872
56097,2021-10-08 08:00:37.417999872
17038,2021-10-08 09:12:09.326000128
21639,2021-10-08 14:25:53.827000064
21161,2021-10-08 14:26:35.078000128
21117,2021-10-08 14:27:24.166000128
80444,2021-10-08 14:56:31.360999936
21162,2021-10-08 17:37:23.376999936
04027,2021-10-09 00:00:00.000000000
21717,2021-10-10 00:00:00.000000000
82001,2021-10-11 00:00:00.000000000
70054,2021-10-11 00:00:00.000000000
21055,2021-10-11 00:00:00.000000000
24096,2021-10-11 00:00:00.000000000
63140,2021-10-11 00:00:00.000000000
10178,2021-10-11 00:00:00.000000000
45174,2021-10-11 00:00:00.000000000
27432,2021-10-11 00:00:00.000000000
42163,2021-10-11 00:00:00.000000000
50419,2021-10-11 00:00:00.000000000
82171,2021-10-11 00:00:00.000000000
10440,2021-10-11 09:01:59.251000064
02491,2021-10-11 09:20:38.015000064
21062,2021-10-11 09:27:48.812999936
60166,2021-10-11 12:06:39.374000128
76391,2021-10-11 12:27:13.736999936
21391,2021-10-11 12:54:01.801999872
09166,2021-10-11 14:15:04.264999936
34058,2021-10-11 14:45:30.092999936
33194,2021-10-11 18:40:32.664000000
26036,2021-10-12 00:00:00.000000000
70097,2021-10-12 00:00:00.000000000
14756,2021-10-12 00:00:00.000000000
26255,2021-10-12 00:00:00.000000000
49224,2021-10-12 00:00:00.000000000
22162,2021-10-12 00:00:00.000000000
34212,2021-10-12 00:00:00.000000000
26291,2021-10-12 00:00:00.000000000
26359,2021-10-12 00:00:00.000000000
26361,2021-10-12 00:00:00.000000000
49368,2021-10-12 00:00:00.000000000
71178,2021-10-12 06:13:49.736000000
42198,2021-10-12 08:18:13.467000064
26152,2021-10-12 08:20:08.496000000
26308,2021-10-12 08:23:11.137999872
80040,2021-10-12 08:45:15.976000000
04186,2021-10-12 08:49:11.012999936
21445,2021-10-12 08:51:41.068999936
21061,2021-10-12 08:52:27.463000064
21567,2021-10-12 09:24:04.073999872
05024,2021-10-12 09:49:52.755000064
21549,2021-10-12 12:38:19.812999936
63334,2021-10-12 12:39:50.060999936
56167,2021-10-12 12:56:53.856000000
21374,2021-10-12 12:57:09.145999872
87025,2021-10-12 13:00:28.238000128
21674,2021-10-12 13:45:36.715000064
21579,2021-10-12 14:29:23.279000064
05091,2021-10-12 14:38:32.015000064
45242,2021-10-12 15:44:34.148000000
33542,2021-10-12 16:29:42.932000000
59025,2021-10-13 00:00:00.000000000
59052,2021-10-13 00:00:00.000000000
14057,2021-10-13 00:00:00.000000000
59088,2021-10-13 00:00:00.000000000
33170,2021-10-13 00:00:00.000000000
59257,2021-10-13 00:00:00.000000000
85167,2021-10-13 00:00:00.000000000
59371,2021-10-13 00:00:00.000000000
85176,2021-10-13 00:00:00.000000000
59477,2021-10-13 00:00:00.000000000
59487,2021-10-13 00:00:00.000000000
24420,2021-10-13 00:00:00.000000000
03244,2021-10-13 00:00:00.000000000
85256,2021-10-13 00:00:00.000000000
21529,2021-10-13 06:16:54.848999936
2B199,2021-10-13 09:54:10.360999936
21060,2021-10-13 09:54:11.670000128
05047,2021-10-13 09:57:20.599000064
19255,2021-10-13 11:46:52.420999936
45340,2021-10-13 15:44:19.928000000
71525,2021-10-13 19:51:54.431000064
59005,2021-10-14 00:00:00.000000000
59133,2021-10-14 00:00:00.000000000
15064,2021-10-14 00:00:00.000000000
53152,2021-10-14 00:00:00.000000000
50369,2021-10-14 08:46:43.630000128
19028,2021-10-14 08:57:38.792999936
70456,2021-10-14 09:01:25.987000064
38353,2021-10-14 10:40:39.900000000
25384,2021-10-14 11:47:26.926000128
04211,2021-10-14 12:34:10.929999872
25597,2021-10-14 12:35:11.319000064
45268,2021-10-14 12:44:55.528000000
42116,2021-10-14 12:49:09.048999936
24291,2021-10-14 13:08:19.608999936
25571,2021-10-14 13:45:45.535000064
25489,2021-10-14 14:21:02.668999936
70067,2021-10-14 14:55:45.532000000
57354,2021-10-14 17:51:44.604999936
64439,2021-10-14 19:28:37.972000000
61070,2021-10-15 00:00:00.000000000
25242,2021-10-15 00:00:00.000000000
25425,2021-10-15 00:00:00.000000000
14622,2021-10-15 00:00:00.000000000
25334,2021-10-15 07:20:31.544000000
82020,2021-10-15 07:55:09.056000000
80186,2021-10-15 08:59:59.868000000
76569,2021-10-15 09:13:43.252000000
83104,2021-10-15 10:51:05.974000128
38313,2021-10-15 11:42:34.049999872
39279,2021-10-15 13:28:27.334000128
21381,2021-10-15 14:39:15.336000000
77107,2021-10-15 14:51:32.311000064
30067,2021-10-16 00:00:00.000000000
21008,2021-10-16 09:11:35.801999872
56044,2021-10-16 09:19:29.559000064
15070,2021-10-16 18:55:17.295000064
39331,2021-10-16 20:12:00.875000064
11325,2021-10-17 00:00:00.000000000
25166,2021-10-17 15:41:26.116000000
61013,2021-10-18 00:00:00.000000000
33129,2021-10-18 00:00:00.000000000
07069,2021-10-18 00:00:00.000000000
07096,2021-10-18 00:00:00.000000000
81115,2021-10-18 00:00:00.000000000
25361,2021-10-18 00:00:00.000000000
68205,2021-10-18 00:00:00.000000000
61390,2021-10-18 00:00:00.000000000
19237,2021-10-18 07:56:48.270000128
70326,2021-10-18 09:18:07.124000000
80375,2021-10-18 12:08:46.679000064
86094,2021-10-18 12:39:17.352000000
80321,2021-10-18 13:00:13.174000128
70581,2021-10-18 13:11:57.271000064
80706,2021-10-18 13:13:38.815000064
80029,2021-10-18 13:44:37.038000128
29024,2021-10-18 14:47:33.847000064
82107,2021-10-18 16:12:13.769999872
03158,2021-10-18 16:59:46.812000000
80426,2021-10-18 18:41:12.912000000
07042,2021-10-19 00:00:00.000000000
49163,2021-10-19 00:00:00.000000000
57350,2021-10-19 00:00:00.000000000
17190,2021-10-19 00:00:00.000000000
70186,2021-10-19 00:00:00.000000000
14694,2021-10-19 00:00:00.000000000
51663,2021-10-19 00:00:00.000000000
66129,2021-10-19 00:00:00.000000000
29232,2021-10-19 00:00:00.000000000
12206,2021-10-19 00:00:00.000000000
14664,2021-10-19 00:00:00.000000000
07330,2021-10-19 00:00:00.000000000
80232,2021-10-19 06:43:06.647000064
70299,2021-10-19 09:07:28.612999936
21197,2021-10-19 09:11:06.448999936
22072,2021-10-19 09:15:37.115000064
21582,2021-10-19 10:10:37.204000000
63003,2021-10-19 10:12:29.796999936
80663,2021-10-19 12:59:15.200999936
21134,2021-10-19 15:23:44.100000000
06084,2021-10-19 15:27:06.256999936
19205,2021-10-19 16:33:01.096999936
44015,2021-10-20 00:00:00.000000000
25176,2021-10-20 00:00:00.000000000
27400,2021-10-20 00:00:00.000000000
23060,2021-10-20 07:15:07.500000000
25022,2021-10-20 09:36:36.164000000
22158,2021-10-20 15:10:06.441999872
32054,2021-10-20 21:09:59.800000000
21476,2021-10-20 21:31:54.550000128
72021,2021-10-21 00:00:00.000000000
03086,2021-10-21 00:00:00.000000000
21324,2021-10-21 00:00:00.000000000
44221,2021-10-21 00:00:00.000000000
43128,2021-10-21 00:00:00.000000000
81185,2021-10-21 00:00:00.000000000
42166,2021-10-21 00:00:00.000000000
41176,2021-10-21 00:00:00.000000000
59599,2021-10-21 00:00:00.000000000
70162,2021-10-21 07:56:18.993999872
32461,2021-10-21 08:24:22.825999872
69184,2021-10-21 08:38:51.894000128
33276,2021-10-21 08:57:55.240000000
17311,2021-10-21 09:14:06.968999936
56221,2021-10-21 09:29:08.136999936
82140,2021-10-21 11:40:51.552999936
46064,2021-10-21 12:23:59.588999936
80367,2021-10-21 13:40:18.158000128
68325,2021-10-21 13:40:59.776999936
21007,2021-10-21 14:41:22.198000128
72191,2021-10-21 15:00:43.084999936
21023,2021-10-21 15:19:47.558000128
46165,2021-10-21 18:12:52.502000128
21029,2021-10-22 00:00:00.000000000
54060,2021-10-22 00:00:00.000000000
72070,2021-10-22 00:00:00.000000000
64285,2021-10-22 00:00:00.000000000
71256,2021-10-22 00:00:00.000000000
50341,2021-10-22 00:00:00.000000000
14557,2021-10-22 00:00:00.000000000
30245,2021-10-22 00:00:00.000000000
49344,2021-10-22 00:00:00.000000000
39585,2021-10-22 00:00:00.000000000
63320,2021-10-22 07:43:27.208000000
21625,2021-10-22 08:04:00.446000128
07274,2021-10-22 08:07:46.739000064
16343,2021-10-22 08:39:49.068000000
41024,2021-10-22 09:00:50.979000064
71554,2021-10-22 13:33:09.204000000
71008,2021-10-22 14:54:58.600000000
01190,2021-10-22 15:00:48.760999936
71297,2021-10-22 20:32:22.688000000
04130,2021-10-23 00:00:00.000000000
04156,2021-10-23 00:00:00.000000000
35350,2021-10-23 10:11:23.836000000
70395,2021-10-24 16:29:12.001999872
51080,2021-10-25 00:00:00.000000000
25110,2021-10-25 00:00:00.000000000
55247,2021-10-25 00:00:00.000000000
97233,2021-10-25 00:00:00.000000000
14708,2021-10-25 00:00:00.000000000
70537,2021-10-25 07:59:53.332999936
33158,2021-10-25 08:18:21.484999936
61360,2021-10-25 09:32:44.176999936
51349,2021-10-25 09:58:03.284999936
07254,2021-10-25 10:17:22.969999872
70265,2021-10-25 10:39:17.665999872
07203,2021-10-25 12:24:38.480000000
12251,2021-10-25 14:44:01.108000000
38114,2021-10-25 15:30:39.171000064
70190,2021-10-25 17:58:14.793999872
70184,2021-10-26 00:00:00.000000000
61195,2021-10-26 00:00:00.000000000
81143,2021-10-26 00:00:00.000000000
55395,2021-10-26 00:00:00.000000000
31469,2021-10-26 00:00:00.000000000
42239,2021-10-26 00:00:00.000000000
47280,2021-10-26 00:00:00.000000000
21108,2021-10-26 09:28:51.984999936
80562,2021-10-26 10:39:10.959000064
30318,2021-10-26 11:46:55.763000064
32214,2021-10-26 12:01:48.652000000
76467,2021-10-26 12:40:53.142000128
21273,2021-10-26 12:42:35.270000128
71040,2021-10-26 12:45:02.104999936
61292,2021-10-26 13:49:16.473999872
97601,2021-10-26 15:13:40.926000128
33299,2021-10-26 15:59:40.676999936
82005,2021-10-26 16:14:24.100000000
72002,2021-10-27 00:00:00.000000000
33100,2021-10-27 00:00:00.000000000
33149,2021-10-27 00:00:00.000000000
21280,2021-10-27 00:00:00.000000000
81162,2021-10-27 00:00:00.000000000
26182,2021-10-27 00:00:00.000000000
27560,2021-10-27 00:00:00.000000000
25596,2021-10-27 00:00:00.000000000
33174,2021-10-27 07:50:19.217999872
21520,2021-10-27 08:15:11.351000064
59028,2021-10-27 09:09:45.068999936
38446,2021-10-27 12:36:54.267000064
21633,2021-10-27 13:44:59.487000064
73097,2021-10-28 00:00:00.000000000
70369,2021-10-28 00:00:00.000000000
49222,2021-10-28 00:00:00.000000000
44134,2021-10-28 00:00:00.000000000
07173,2021-10-28 00:00:00.000000000
53203,2021-10-28 00:00:00.000000000
32379,2021-10-28 00:00:00.000000000
89402,2021-10-28 00:00:00.000000000
70529,2021-10-28 00:00:00.000000000
70018,2021-10-28 06:44:34.377999872
19272,2021-10-28 07:06:26.353999872
04016,2021-10-28 08:12:12.624999936
89342,2021-10-28 08:37:31.424999936
51464,2021-10-28 12:23:16.679000064
34236,2021-10-28 12:23:45.787000064
33021,2021-10-28 12:30:40.832999936
32381,2021-10-28 13:35:24.984000000
76638,2021-10-28 14:56:55.075000064
71460,2021-10-28 15:59:20.284999936
14036,2021-10-29 00:00:00.000000000
81279,2021-10-29 00:00:00.000000000
14456,2021-10-29 00:00:00.000000000
53193,2021-10-29 00:00:00.000000000
55285,2021-10-29 05:42:02.343000064
04113,2021-10-29 06:22:15.960000000
46140,2021-10-29 07:18:20.318000128
07247,2021-10-29 07:37:51.422000128
65012,2021-10-29 07:43:17.268999936
61103,2021-10-29 08:20:27.327000064
19140,2021-10-29 08:38:01.056999936
59276,2021-10-29 10:13:40.688999936
33106,2021-10-29 12:29:25.239000064
63348,2021-10-29 12:51:33.268999936
42068,2021-10-29 13:14:26.975000064
46284,2021-10-29 13:56:02.616000000
76058,2021-10-30 09:33:24.176000000
38397,2021-10-30 13:55:46.475000064
37279,2021-10-31 16:52:48.668000000
21399,2021-11-01 00:00:00.000000000
04148,2021-11-01 00:00:00.000000000
45306,2021-11-01 17:55:11.795000064
81017,2021-11-02 00:00:00.000000000
38109,2021-11-02 00:00:00.000000000
55353,2021-11-02 00:00:00.000000000
14465,2021-11-02 00:00:00.000000000
51002,2021-11-02 00:00:00.000000000
73307,2021-11-02 00:00:00.000000000
63146,2021-11-02 00:00:00.000000000
87009,2021-11-02 08:55:06.812999936
45335,2021-11-02 09:28:17.968999936
43200,2021-11-02 14:34:39.984000000
12141,2021-11-02 15:43:02.079000064
51420,2021-11-03 00:00:00.000000000
16381,2021-11-03 00:00:00.000000000
46320,2021-11-03 00:00:00.000000000
24570,2021-11-03 00:00:00.000000000
80351,2021-11-03 09:05:37.908999936
59156,2021-11-03 09:40:03.838000128
80358,2021-11-03 10:01:36.404999936
80565,2021-11-03 10:11:25.432999936
86125,2021-11-03 10:59:30.031000064
09093,2021-11-03 11:20:06.622000128
80524,2021-11-03 13:04:06.694000128
65166,2021-11-03 13:27:41.387000064
80269,2021-11-03 13:39:12.640999936
38036,2021-11-03 14:22:08.870000128
80133,2021-11-03 15:25:25.972000000
49261,2021-11-04 00:00:00.000000000
36098,2021-11-04 00:00:00.000000000
24316,2021-11-04 00:00:00.000000000
56236,2021-11-04 00:00:00.000000000
49374,2021-11-04 00:00:00.000000000
49378,2021-11-04 00:00:00.000000000
2B138,2021-11-04 07:24:21.527000064
80116,2021-11-04 09:34:28.024999936
43219,2021-11-04 09:56:26.260000000
71328,2021-11-04 10:10:00.556999936
25019,2021-11-04 10:45:58.964000000
76709,2021-11-04 12:56:06.244000000
82078,2021-11-04 13:31:06.969999872
80606,2021-11-04 13:47:12.896999936
87086,2021-11-04 13:52:41.566000128
71369,2021-11-04 14:10:38.192000000
21527,2021-11-04 14:14:51.279000064
18213,2021-11-04 15:46:39.151000064
95351,2021-11-04 15:57:59.848999936
76644,2021-11-04 16:28:41.191000064
80470,2021-11-04 16:29:44.518000128
76435,2021-11-04 17:32:43.659000064
49114,2021-11-05 00:00:00.000000000
14239,2021-11-05 00:00:00.000000000
61290,2021-11-05 00:00:00.000000000
04183,2021-11-05 00:00:00.000000000
07332,2021-11-05 00:00:00.000000000
80343,2021-11-05 07:59:32.188000000
46234,2021-11-05 08:10:01.984999936
45015,2021-11-05 08:30:36.030000128
16089,2021-11-05 10:59:30.664999936
76442,2021-11-05 13:25:33.622000128
46147,2021-11-05 13:34:57.672000000
56061,2021-11-05 14:43:23.721999872
09022,2021-11-06 00:00:00.000000000
51472,2021-11-07 21:19:02.991000064
04026,2021-11-08 00:00:00.000000000
46102,2021-11-08 00:00:00.000000000
23090,2021-11-08 00:00:00.000000000
49182,2021-11-08 00:00:00.000000000
59560,2021-11-08 00:00:00.000000000
14752,2021-11-08 00:00:00.000000000
80350,2021-11-08 09:19:05.662000128
63412,2021-11-08 09:57:29.180000000
89295,2021-11-08 10:37:42.884000000
80265,2021-11-08 10:48:27.339000064
33330,2021-11-08 14:03:04.430000128
51486,2021-11-08 15:11:38.055000064
70050,2021-11-08 15:41:36.964000000
54449,2021-11-08 17:46:30.632999936
25117,2021-11-08 20:51:08.172000000
81036,2021-11-09 00:00:00.000000000
49123,2021-11-09 00:00:00.000000000
07181,2021-11-09 00:00:00.000000000
19124,2021-11-09 00:00:00.000000000
77333,2021-11-09 00:00:00.000000000
44144,2021-11-09 00:00:00.000000000
30269,2021-11-09 00:00:00.000000000
81324,2021-11-09 00:00:00.000000000
80587,2021-11-09 13:33:12.668000000
26310,2021-11-09 13:50:07.046000128
80555,2021-11-09 13:56:59.456999936
21241,2021-11-09 14:51:13.587000064
18048,2021-11-09 16:34:39.740999936
25535,2021-11-09 17:09:52.049999872
43143,2021-11-09 17:14:22.689999872
80188,2021-11-09 21:49:28.991000064
63114,2021-11-10 00:00:00.000000000
52162,2021-11-10 00:00:00.000000000
19077,2021-11-10 00:00:00.000000000
80414,2021-11-10 00:00:00.000000000
55303,2021-11-10 00:00:00.000000000
95489,2021-11-10 00:00:00.000000000
10342,2021-11-10 00:00:00.000000000
66165,2021-11-10 08:24:09.579000064
63417,2021-11-10 08:26:24.761999872
18220,2021-11-10 12:31:00.403000064
80783,2021-11-10 13:33:21.992000000
15051,2021-11-10 15:49:25.216000000
2A362,2021-11-11 08:27:08.219000064
45053,2021-11-12 00:00:00.000000000
32093,2021-11-12 00:00:00.000000000
63131,2021-11-12 00:00:00.000000000
79196,2021-11-12 00:00:00.000000000
97613,2021-11-12 05:02:30.300000000
59327,2021-11-12 07:57:05.416999936
11270,2021-11-12 08:19:07.600000000
80830,2021-11-12 09:40:29.256000000
61488,2021-11-12 13:08:41.228000000
80134,2021-11-12 17:08:52.196999936
76407,2021-11-12 17:23:31.742000128
69102,2021-11-13 00:00:00.000000000
64040,2021-11-15 00:00:00.000000000
14093,2021-11-15 00:00:00.000000000
88219,2021-11-15 00:00:00.000000000
80189,2021-11-15 00:00:00.000000000
21380,2021-11-15 00:00:00.000000000
04129,2021-11-15 00:00:00.000000000
21439,2021-11-15 00:00:00.000000000
76422,2021-11-15 08:00:59.572000000
69017,2021-11-15 09:06:39.804999936
66027,2021-11-15 13:36:00.735000064
63007,2021-11-15 14:17:12.908999936
32155,2021-11-15 14:30:44.352000000
88344,2021-11-15 16:21:01.039000064
17357,2021-11-15 21:12:30.169999872
24022,2021-11-16 00:00:00.000000000
02131,2021-11-16 00:00:00.000000000
17142,2021-11-16 00:00:00.000000000
29066,2021-11-16 00:00:00.000000000
29124,2021-11-16 00:00:00.000000000
44213,2021-11-16 00:00:00.000000000
47147,2021-11-16 00:00:00.000000000
34172,2021-11-16 00:00:00.000000000
81239,2021-11-16 00:00:00.000000000
15238,2021-11-16 00:00:00.000000000
53017,2021-11-16 00:00:00.000000000
14760,2021-11-16 00:00:00.000000000
41159,2021-11-16 08:35:30.703000064
17187,2021-11-16 08:40:09.300999936
46152,2021-11-16 09:54:42.135000064
21091,2021-11-16 10:50:03.991000064
29055,2021-11-16 13:20:37.904000000
32106,2021-11-16 13:36:19.484000000
30073,2021-11-16 13:58:04.217999872
33527,2021-11-16 15:58:56.692000000
80406,2021-11-16 16:21:43.033999872
21217,2021-11-16 16:54:37.536999936
80767,2021-11-16 17:09:08.384000000
92040,2021-11-17 00:00:00.000000000
19107,2021-11-17 00:00:00.000000000
44081,2021-11-17 00:00:00.000000000
31347,2021-11-17 00:00:00.000000000
32329,2021-11-17 00:00:00.000000000
84109,2021-11-17 00:00:00.000000000
38418,2021-11-17 00:00:00.000000000
05184,2021-11-17 00:00:00.000000000
05128,2021-11-17 07:23:25.332000000
46226,2021-11-17 09:20:42.217999872
40306,2021-11-17 11:02:37.535000064
11381,2021-11-17 15:26:12.697999872
46024,2021-11-18 00:00:00.000000000
80112,2021-11-18 00:00:00.000000000
72119,2021-11-18 00:00:00.000000000
68145,2021-11-18 00:00:00.000000000
68157,2021-11-18 00:00:00.000000000
64294,2021-11-18 00:00:00.000000000
27678,2021-11-18 00:00:00.000000000
24294,2021-11-18 00:00:00.000000000
26220,2021-11-18 00:00:00.000000000
29169,2021-11-18 00:00:00.000000000
14522,2021-11-18 00:00:00.000000000
14645,2021-11-18 00:00:00.000000000
59544,2021-11-18 00:00:00.000000000
46316,2021-11-18 00:00:00.000000000
26011,2021-11-18 08:06:31.708999936
21037,2021-11-18 09:36:20.752999936
28349,2021-11-18 11:42:40.289999872
12121,2021-11-18 12:27:53.103000064
37078,2021-11-18 13:19:20.056999936
11184,2021-11-18 13:20:27.974000128
80403,2021-11-18 13:24:47.057999872
21712,2021-11-18 14:36:10.868999936
33019,2021-11-18 15:11:04.552999936
37265,2021-11-18 15:11:57.884999936
22105,2021-11-18 17:21:19.192999936
53036,2021-11-19 00:00:00.000000000
04047,2021-11-19 00:00:00.000000000
68134,2021-11-19 00:00:00.000000000
21328,2021-11-19 00:00:00.000000000
19043,2021-11-19 00:00:00.000000000
32185,2021-11-19 00:00:00.000000000
24067,2021-11-19 00:00:00.000000000
68237,2021-11-19 00:00:00.000000000
68331,2021-11-19 00:00:00.000000000
65420,2021-11-19 00:00:00.000000000
68338,2021-11-19 00:00:00.000000000
30352,2021-11-19 00:00:00.000000000
21558,2021-11-19 08:17:26.684999936
37178,2021-11-19 08:18:45.895000064
71505,2021-11-19 09:07:49.856000000
10073,2021-11-19 09:52:59.465999872
10044,2021-11-19 09:54:28.639000064
03303,2021-11-19 09:59:06.656999936
64149,2021-11-19 10:00:48.865999872
17389,2021-11-19 10:40:17.135000064
15037,2021-11-19 10:46:15.977999872
80062,2021-11-19 13:36:21.256999936
37255,2021-11-19 15:57:03.241999872
82147,2021-11-19 15:59:43.792000000
31111,2021-11-20 00:00:00.000000000
03099,2021-11-20 00:00:00.000000000
28343,2021-11-20 00:00:00.000000000
81285,2021-11-20 00:00:00.000000000
65300,2021-11-21 07:13:26.952000000
36241,2021-11-21 16:42:05.838000128
83023,2021-11-22 00:00:00.000000000
85049,2021-11-22 00:00:00.000000000
45092,2021-11-22 00:00:00.000000000
12107,2021-11-22 00:00:00.000000000
84011,2021-11-22 00:00:00.000000000
85121,2021-11-22 00:00:00.000000000
49080,2021-11-22 00:00:00.000000000
07154,2021-11-22 00:00:00.000000000
85205,2021-11-22 00:00:00.000000000
85252,2021-11-22 00:00:00.000000000
78646,2021-11-22 00:00:00.000000000
85305,2021-11-22 00:00:00.000000000
55579,2021-11-22 00:00:00.000000000
26278,2021-11-22 08:22:06.636000000
15206,2021-11-22 09:24:30.260000000
45139,2021-11-22 13:44:07.811000064
30140,2021-11-22 13:50:49.568000000
37090,2021-11-22 14:11:09.559000064
21687,2021-11-22 14:42:53.361999872
21209,2021-11-22 15:14:24.462000128
55446,2021-11-22 15:39:13.151000064
29111,2021-11-22 15:47:23.590000128
65414,2021-11-22 16:03:29.545999872
07305,2021-11-22 16:27:20.384000000
21046,2021-11-22 17:01:57.852999936
88444,2021-11-22 17:11:01.132999936
80293,2021-11-22 17:49:10.771000064
51151,2021-11-23 00:00:00.000000000
14346,2021-11-23 00:00:00.000000000
29105,2021-11-23 00:00:00.000000000
31383,2021-11-23 00:00:00.000000000
07224,2021-11-23 00:00:00.000000000
49328,2021-11-23 00:00:00.000000000
37244,2021-11-23 00:00:00.000000000
04216,2021-11-23 00:00:00.000000000
69120,2021-11-23 09:57:30.167000064
45322,2021-11-23 10:52:15.048000000
41136,2021-11-23 11:00:48.559000064
87030,2021-11-23 13:06:14.816000000
61026,2021-11-23 13:07:13.551000064
66181,2021-11-23 13:47:36.444000000
58180,2021-11-23 14:58:53.369999872
77524,2021-11-23 15:39:07.439000064
28015,2021-11-23 16:26:09.971000064
07028,2021-11-23 22:14:29.915000064
19015,2021-11-24 00:00:00.000000000
70096,2021-11-24 00:00:00.000000000
29139,2021-11-24 00:00:00.000000000
44104,2021-11-24 00:00:00.000000000
68227,2021-11-24 00:00:00.000000000
51455,2021-11-24 00:00:00.000000000
68295,2021-11-24 00:00:00.000000000
35004,2021-11-24 00:00:00.000000000
21428,2021-11-24 09:29:42.552000000
15131,2021-11-24 09:46:41.848000000
38488,2021-11-24 09:55:43.464000000
51544,2021-11-24 10:29:22.030000128
81152,2021-11-24 12:09:58.979000064
63291,2021-11-24 13:05:27.827000064
33136,2021-11-24 13:14:20.369999872
25605,2021-11-24 15:41:26.123000064
25040,2021-11-25 00:00:00.000000000
59044,2021-11-25 00:00:00.000000000
21193,2021-11-25 00:00:00.000000000
21159,2021-11-25 00:00:00.000000000
81187,2021-11-25 00:00:00.000000000
34199,2021-11-25 00:00:00.000000000
07226,2021-11-25 00:00:00.000000000
21545,2021-11-25 00:00:00.000000000
04231,2021-11-25 00:00:00.000000000
68365,2021-11-25 00:00:00.000000000
68374,2021-11-25 00:00:00.000000000
25416,2021-11-25 09:52:39.159000064
21336,2021-11-25 10:17:00.180999936
89485,2021-11-25 10:30:47.382000128
39370,2021-11-25 10:30:55.056999936
21173,2021-11-25 10:33:01.972000000
39448,2021-11-25 10:44:47.880000000
40197,2021-11-25 11:52:28.352999936
37260,2021-11-25 13:35:39.471000064
12044,2021-11-25 13:48:36.908999936
38547,2021-11-25 14:46:30.980000000
04081,2021-11-25 14:58:27.497999872
62785,2021-11-25 15:14:09.814000128
34219,2021-11-25 15:48:56.366000128
14001,2021-11-25 15:53:17.424000000
71317,2021-11-25 16:30:00.459000064
27426,2021-11-25 16:39:15.969999872
21387,2021-11-25 17:46:11.392999936
21189,2021-11-26 00:00:00.000000000
19146,2021-11-26 00:00:00.000000000
45228,2021-11-26 00:00:00.000000000
80619,2021-11-26 00:00:00.000000000
29225,2021-11-26 00:00:00.000000000
43199,2021-11-26 00:00:00.000000000
37226,2021-11-26 00:00:00.000000000
21588,2021-11-26 00:00:00.000000000
68094,2021-11-26 08:51:51.598000128
11170,2021-11-26 10:25:40.742000128
87095,2021-11-26 10:52:04.144000000
21562,2021-11-26 13:20:52.100999936
34089,2021-11-26 15:40:37.144999936
30137,2021-11-26 15:43:26.864999936
80473,2021-11-26 17:51:20.768999936
33034,2021-11-26 20:56:01.168999936
25079,2021-11-27 07:33:45.084999936
63257,2021-11-27 10:30:13.956000000
32116,2021-11-27 15:48:32.780999936
03162,2021-11-28 00:00:00.000000000
21430,2021-11-28 00:00:00.000000000
25001,2021-11-29 00:00:00.000000000
01046,2021-11-29 00:00:00.000000000
25239,2021-11-29 00:00:00.000000000
49155,2021-11-29 00:00:00.000000000
71134,2021-11-29 00:00:00.000000000
46307,2021-11-29 00:00:00.000000000
25572,2021-11-29 00:00:00.000000000
08497,2021-11-29 00:00:00.000000000
25218,2021-11-29 00:00:00.000000000
83125,2021-11-29 08:04:02.148000000
32094,2021-11-29 09:04:37.084000000
89123,2021-11-29 09:44:12.871000064
25521,2021-11-29 09:54:04.367000064
25271,2021-11-29 09:54:29.435000064
25188,2021-11-29 09:54:38.464000000
25517,2021-11-29 09:55:13.076999936
25347,2021-11-29 09:55:19.051000064
25096,2021-11-29 09:55:23.903000064
25323,2021-11-29 09:55:46.401999872
25617,2021-11-29 09:55:48.673999872
25106,2021-11-29 09:56:47.108000000
25295,2021-11-29 09:59:13.862000128
05076,2021-11-29 10:07:12.460000000
33205,2021-11-29 10:36:10.710000128
25222,2021-11-29 10:43:24.972999936
25139,2021-11-29 10:48:55.820000000
33372,2021-11-29 10:49:49.860000000
21133,2021-11-29 12:36:05.283000064
28075,2021-11-29 12:58:37.761999872
21012,2021-11-29 13:07:05.556999936
35179,2021-11-29 13:20:09.520000000
61483,2021-11-29 13:25:21.135000064
29091,2021-11-29 13:32:29.304999936
21411,2021-11-29 13:40:54.500999936
76528,2021-11-29 17:13:31.195000064
39130,2021-11-29 17:24:05.343000064
46011,2021-11-30 00:00:00.000000000
68042,2021-11-30 00:00:00.000000000
49030,2021-11-30 00:00:00.000000000
01104,2021-11-30 00:00:00.000000000
72093,2021-11-30 00:00:00.000000000
21302,2021-11-30 00:00:00.000000000
14304,2021-11-30 00:00:00.000000000
81116,2021-11-30 00:00:00.000000000
46164,2021-11-30 00:00:00.000000000
21424,2021-11-30 00:00:00.000000000
59426,2021-11-30 00:00:00.000000000
05109,2021-11-30 00:00:00.000000000
63312,2021-11-30 00:00:00.000000000
05134,2021-11-30 00:00:00.000000000
84114,2021-11-30 00:00:00.000000000
72341,2021-11-30 00:00:00.000000000
09265,2021-11-30 08:25:43.408999936
86177,2021-11-30 08:43:52.182000128
84116,2021-11-30 09:59:12.424999936
37251,2021-11-30 12:56:14.975000064
19275,2021-11-30 13:26:13.000999936
21272,2021-11-30 13:29:09.233999872
29117,2021-11-30 13:36:45.363000064
32020,2021-11-30 14:24:16.220000000
66141,2021-11-30 14:36:07.567000064
82100,2021-11-30 15:01:47.041999872
80557,2021-11-30 15:04:32.318000128
25621,2021-11-30 16:34:36.017999872
14193,2021-12-01 00:00:00.000000000
03121,2021-12-01 00:00:00.000000000
27345,2021-12-01 00:00:00.000000000
26143,2021-12-01 00:00:00.000000000
19120,2021-12-01 00:00:00.000000000
80553,2021-12-01 00:00:00.000000000
07234,2021-12-01 00:00:00.000000000
25415,2021-12-01 08:41:20.140000000
35268,2021-12-01 09:30:42.697999872
32393,2021-12-01 10:05:00.566000128
40100,2021-12-01 13:27:53.612999936
2B190,2021-12-01 14:09:14.195000064
32045,2021-12-01 14:36:14.820999936
32389,2021-12-01 14:39:01.952000000
41013,2021-12-01 15:29:21.217999872
24134,2021-12-02 00:00:00.000000000
05052,2021-12-02 00:00:00.000000000
29198,2021-12-02 00:00:00.000000000
21539,2021-12-02 00:00:00.000000000
23226,2021-12-02 00:00:00.000000000
30293,2021-12-02 00:00:00.000000000
19288,2021-12-02 00:00:00.000000000
18265,2021-12-02 08:25:45.785999872
80800,2021-12-02 08:35:53.671000064
63102,2021-12-02 09:54:16.568999936
01453,2021-12-02 11:29:01.488999936
06005,2021-12-02 12:14:39.961999872
84112,2021-12-02 15:39:55.164999936
66013,2021-12-02 18:02:28.240999936
61011,2021-12-03 00:00:00.000000000
09076,2021-12-03 00:00:00.000000000
04053,2021-12-03 00:00:00.000000000
46113,2021-12-03 00:00:00.000000000
45208,2021-12-03 00:00:00.000000000
28277,2021-12-03 00:00:00.000000000
61502,2021-12-03 00:00:00.000000000
12244,2021-12-03 10:41:59.921999872
79119,2021-12-03 12:10:00.660999936
38529,2021-12-03 14:36:06.847000064
26142,2021-12-03 14:41:07.662000128
51362,2021-12-03 14:43:05.806000128
66043,2021-12-03 15:42:10.248999936
24101,2021-12-03 16:27:31.792000000
55153,2021-12-04 00:00:00.000000000
78236,2021-12-04 00:00:00.000000000
61227,2021-12-04 00:00:00.000000000
08272,2021-12-04 00:00:00.000000000
12009,2021-12-06 00:00:00.000000000
61091,2021-12-06 00:00:00.000000000
46130,2021-12-06 00:00:00.000000000
29094,2021-12-06 00:00:00.000000000
22156,2021-12-06 00:00:00.000000000
24460,2021-12-06 00:00:00.000000000
81272,2021-12-06 00:00:00.000000000
30315,2021-12-06 00:00:00.000000000
63309,2021-12-06 08:06:09.763000064
66081,2021-12-06 08:11:15.550000128
43180,2021-12-06 08:29:12.137999872
07140,2021-12-06 10:45:06.516000000
07086,2021-12-06 10:45:50.332999936
30002,2021-12-06 12:47:31.024999936
89345,2021-12-06 13:09:54.056999936
33333,2021-12-06 13:34:45.953999872
91363,2021-12-06 14:50:05.199000064
46076,2021-12-06 17:20:25.803000064
30008,2021-12-07 00:00:00.000000000
12018,2021-12-07 00:00:00.000000000
60143,2021-12-07 00:00:00.000000000
70228,2021-12-07 00:00:00.000000000
64272,2021-12-07 00:00:00.000000000
17089,2021-12-07 00:00:00.000000000
85125,2021-12-07 00:00:00.000000000
56122,2021-12-07 00:00:00.000000000
14486,2021-12-07 00:00:00.000000000
88406,2021-12-07 00:00:00.000000000
04180,2021-12-07 00:00:00.000000000
30287,2021-12-07 00:00:00.000000000
04207,2021-12-07 00:00:00.000000000
85304,2021-12-07 00:00:00.000000000
65463,2021-12-07 09:21:30.679000064
33361,2021-12-07 10:28:39.687000064
33420,2021-12-07 10:38:49.976999936
46005,2021-12-07 10:52:05.393999872
35093,2021-12-07 12:18:02.961999872
95040,2021-12-07 14:20:05.588000000
87051,2021-12-07 14:30:42.048000000
65217,2021-12-07 15:19:57.137999872
82034,2021-12-07 17:16:40.619000064
54070,2021-12-08 00:00:00.000000000
08073,2021-12-08 00:00:00.000000000
14215,2021-12-08 00:00:00.000000000
24113,2021-12-08 00:00:00.000000000
02634,2021-12-08 00:00:00.000000000
18215,2021-12-08 00:00:00.000000000
81307,2021-12-08 00:00:00.000000000
33305,2021-12-08 09:07:10.656999936
71163,2021-12-08 09:28:12.401999872
37080,2021-12-08 09:30:28.846000128
25350,2021-12-08 11:00:01.896999936
21169,2021-12-08 11:00:18.331000064
26113,2021-12-08 14:25:47.217999872
30121,2021-12-08 17:21:56.052000000
40094,2021-12-08 20:00:11.569999872
08208,2021-12-09 00:00:00.000000000
52269,2021-12-09 00:00:00.000000000
41190,2021-12-09 08:04:03.904000000
81149,2021-12-09 08:41:33.563000064
32301,2021-12-09 09:15:08.656999936
34249,2021-12-09 09:18:29.640000000
57755,2021-12-09 09:21:37.100999936
21564,2021-12-09 09:55:37.422000128
11384,2021-12-09 10:27:25.480999936
56105,2021-12-09 11:11:44.484999936
87192,2021-12-09 13:52:01.128999936
2B353,2021-12-09 14:44:52.049999872
71245,2021-12-09 15:40:02.004000000
37077,2021-12-09 15:56:38.156999936
21384,2021-12-09 15:59:41.977999872
80377,2021-12-09 22:56:17.993999872
82072,2021-12-10 00:00:00.000000000
14623,2021-12-10 00:00:00.000000000
66203,2021-12-10 00:00:00.000000000
54123,2021-12-10 08:33:46.988000000
58113,2021-12-10 22:23:37.129999872
25129,2021-12-12 00:00:00.000000000
34216,2021-12-12 00:00:00.000000000
59013,2021-12-13 00:00:00.000000000
31055,2021-12-13 00:00:00.000000000
53110,2021-12-13 00:00:00.000000000
59275,2021-12-13 00:00:00.000000000
69214,2021-12-13 00:00:00.000000000
80705,2021-12-13 00:00:00.000000000
82097,2021-12-13 11:06:19.451000064
32146,2021-12-13 13:09:39.184999936
34169,2021-12-13 13:54:20.086000128
03009,2021-12-13 14:08:42.129999872
30062,2021-12-13 14:47:40.516999936
32200,2021-12-13 16:34:17.592999936
59011,2021-12-14 00:00:00.000000000
38023,2021-12-14 00:00:00.000000000
59670,2021-12-14 00:00:00.000000000
59278,2021-12-14 00:00:00.000000000
59316,2021-12-14 00:00:00.000000000
59339,2021-12-14 00:00:00.000000000
15104,2021-12-14 00:00:00.000000000
59346,2021-12-14 00:00:00.000000000
53143,2021-12-14 00:00:00.000000000
59650,2021-12-14 00:00:00.000000000
59660,2021-12-14 00:00:00.000000000
19121,2021-12-14 07:52:01.535000064
01202,2021-12-14 08:53:06.988000000
30353,2021-12-14 09:36:39.345999872
51379,2021-12-14 13:27:56.932999936
38076,2021-12-14 13:55:38.428999936
04094,2021-12-14 14:35:50.129999872
05126,2021-12-14 14:59:45.175000064
95427,2021-12-14 15:02:05.953999872
54128,2021-12-14 21:46:21.104999936
31018,2021-12-15 00:00:00.000000000
31030,2021-12-15 00:00:00.000000000
29020,2021-12-15 00:00:00.000000000
89102,2021-12-15 00:00:00.000000000
24202,2021-12-15 00:00:00.000000000
31243,2021-12-15 00:00:00.000000000
51323,2021-12-15 00:00:00.000000000
29216,2021-12-15 00:00:00.000000000
46082,2021-12-15 08:58:31.951000064
77527,2021-12-15 11:11:27.889999872
21127,2021-12-15 11:12:27.875000064
77104,2021-12-15 11:13:19.940000000
77336,2021-12-15 12:03:38.878000128
86137,2021-12-15 13:04:35.708000000
77264,2021-12-15 13:14:06.376999936
21603,2021-12-15 15:31:57.353999872
21580,2021-12-15 15:31:59.400000000
64120,2021-12-16 00:00:00.000000000
41031,2021-12-16 00:00:00.000000000
14147,2021-12-16 00:00:00.000000000
60199,2021-12-16 00:00:00.000000000
59386,2021-12-16 00:00:00.000000000
69148,2021-12-16 08:03:36.846000128
65424,2021-12-16 09:27:22.910000128
36018,2021-12-16 11:03:24.724999936
29179,2021-12-16 13:25:38.648000000
57441,2021-12-16 14:19:37.720000000
77377,2021-12-16 14:39:44.353999872
38163,2021-12-16 14:53:07.068999936
19203,2021-12-16 15:15:43.995000064
87064,2021-12-16 15:18:28.828000000
80088,2021-12-17 00:00:00.000000000
64267,2021-12-17 00:00:00.000000000
39116,2021-12-17 00:00:00.000000000
25608,2021-12-17 00:00:00.000000000
64368,2021-12-17 00:00:00.000000000
64386,2021-12-17 00:00:00.000000000
61333,2021-12-17 00:00:00.000000000
61400,2021-12-17 00:00:00.000000000
55487,2021-12-17 00:00:00.000000000
51416,2021-12-17 08:11:20.875000064
37106,2021-12-17 08:26:58.422000128
63002,2021-12-17 09:00:56.662000128
63337,2021-12-17 09:02:31.257999872
41179,2021-12-17 10:07:51.009999872
70421,2021-12-17 12:13:52.864999936
25316,2021-12-17 12:19:37.664999936
71463,2021-12-17 13:15:38.475000064
60644,2021-12-17 14:21:35.767000064
71186,2021-12-17 14:32:49.614000128
50474,2021-12-17 16:16:40.875000064
25270,2021-12-18 10:05:00.492000000
63065,2021-12-19 00:00:00.000000000
70450,2021-12-19 00:00:00.000000000
30057,2021-12-20 00:00:00.000000000
70142,2021-12-20 00:00:00.000000000
51237,2021-12-20 00:00:00.000000000
25255,2021-12-20 00:00:00.000000000
07349,2021-12-20 00:00:00.000000000
12221,2021-12-20 00:00:00.000000000
2A038,2021-12-20 08:54:49.296000000
51040,2021-12-20 09:20:02.496999936
70504,2021-12-20 10:13:02.166000128
71110,2021-12-20 13:29:13.665999872
38097,2021-12-20 14:03:18.971000064
80384,2021-12-20 14:18:15.144000000
70579,2021-12-20 14:46:05.159000064
21576,2021-12-20 16:23:45.793999872
71140,2021-12-20 16:58:11.123000064
70010,2021-12-21 00:00:00.000000000
55268,2021-12-21 00:00:00.000000000
39193,2021-12-21 00:00:00.000000000
50267,2021-12-21 00:00:00.000000000
39555,2021-12-21 00:00:00.000000000
51049,2021-12-21 07:43:06.593999872
72334,2021-12-21 08:25:28.643000064
69049,2021-12-21 08:31:03.308999936
15137,2021-12-21 12:58:16.423000064
45055,2021-12-21 13:34:12.049999872
07142,2021-12-21 13:38:13.921999872
87138,2021-12-21 14:01:09.648000000
21566,2021-12-21 14:44:32.688999936
37032,2021-12-21 14:53:56.680000000
80334,2021-12-21 15:00:50.944000000
21009,2021-12-21 15:52:59.200000000
51572,2021-12-21 16:02:17.920000000
57509,2021-12-21 16:35:09.771000064
21087,2021-12-21 16:38:33.108000000
88015,2021-12-21 16:51:47.848999936
06032,2021-12-22 00:00:00.000000000
41032,2021-12-22 00:00:00.000000000
81130,2021-12-22 00:00:00.000000000
01321,2021-12-22 00:00:00.000000000
19196,2021-12-22 00:00:00.000000000
71188,2021-12-22 00:00:00.000000000
33512,2021-12-22 14:03:04.899000064
77177,2021-12-22 17:24:50.620999936
21299,2021-12-23 00:00:00.000000000
61124,2021-12-23 00:00:00.000000000
39318,2021-12-23 00:00:00.000000000
2B185,2021-12-23 00:00:00.000000000
60513,2021-12-23 00:00:00.000000000
05156,2021-12-23 00:00:00.000000000
54577,2021-12-23 00:00:00.000000000
53273,2021-12-23 00:00:00.000000000
29238,2021-12-23 09:54:19.967000064
87191,2021-12-23 14:46:12.281999872
19079,2021-12-24 00:00:00.000000000
63261,2021-12-24 00:00:00.000000000
50412,2021-12-24 00:00:00.000000000
60685,2021-12-24 09:55:29.676999936
21420,2021-12-24 13:45:35.953999872
33255,2021-12-24 14:11:36.652999936
71215,2021-12-24 20:15:15.380000000
15219,2021-12-26 14:05:05.343000064
70049,2021-12-26 21:59:48.665999872
31137,2021-12-27 00:00:00.000000000
88399,2021-12-27 00:00:00.000000000
04150,2021-12-27 00:00:00.000000000
81209,2021-12-27 00:00:00.000000000
30329,2021-12-27 00:00:00.000000000
59636,2021-12-27 00:00:00.000000000
35227,2021-12-27 08:04:56.380999936
32306,2021-12-27 10:01:09.748000000
31568,2021-12-27 14:36:35.844999936
37191,2021-12-27 14:37:08.731000064
71266,2021-12-27 15:39:02.828999936
76043,2021-12-28 00:00:00.000000000
24021,2021-12-28 00:00:00.000000000
77070,2021-12-28 00:00:00.000000000
21310,2021-12-28 00:00:00.000000000
51630,2021-12-28 00:00:00.000000000
25525,2021-12-28 08:58:16.552000000
21560,2021-12-28 09:02:22.640000000
28363,2021-12-28 15:05:23.427000064
64326,2021-12-28 15:34:51.300999936
26001,2021-12-28 17:52:31.155000064
21413,2021-12-28 18:03:52.979000064
34023,2021-12-29 00:00:00.000000000
59305,2021-12-29 00:00:00.000000000
24293,2021-12-29 00:00:00.000000000
46306,2021-12-29 00:00:00.000000000
45291,2021-12-29 09:11:58.785999872
25510,2021-12-29 09:22:55.364999936
17125,2021-12-29 09:46:26.915000064
86210,2021-12-29 13:43:23.603000064
46265,2021-12-29 14:01:09.940999936
25178,2021-12-29 14:24:16.412000000
31519,2021-12-29 14:36:21.452000000
38501,2021-12-29 14:38:54.361999872
70051,2021-12-29 15:35:02.073999872
27181,2021-12-30 00:00:00.000000000
17196,2021-12-30 00:00:00.000000000
64339,2021-12-30 00:00:00.000000000
49220,2021-12-30 00:00:00.000000000
46235,2021-12-30 00:00:00.000000000
39505,2021-12-30 00:00:00.000000000
60012,2021-12-30 08:56:53.462000128
43197,2021-12-30 09:51:30.568999936
63132,2021-12-30 15:35:06.132000000
59202,2021-12-31 00:00:00.000000000
82172,2021-12-31 00:00:00.000000000
08207,2021-12-31 09:35:48.481999872
45029,2021-12-31 09:43:55.590000128
50281,2022-01-01 10:13:59.064999936
05072,2022-01-03 00:00:00.000000000
59410,2022-01-03 00:00:00.000000000
60426,2022-01-03 00:00:00.000000000
15180,2022-01-03 08:53:52.312999936
22212,2022-01-03 10:55:46.908000000
12193,2022-01-03 13:53:01.139000064
80278,2022-01-03 14:33:29.428999936
70278,2022-01-03 15:18:30.340000000
39137,2022-01-03 15:18:33.056000000
33036,2022-01-03 15:34:34.220999936
08156,2022-01-03 15:42:10.935000064
2A035,2022-01-03 20:40:00.008999936
26003,2022-01-04 00:00:00.000000000
02018,2022-01-04 00:00:00.000000000
10252,2022-01-04 00:00:00.000000000
32378,2022-01-04 00:00:00.000000000
63329,2022-01-04 00:00:00.000000000
35078,2022-01-04 13:37:40.307000064
08117,2022-01-04 14:02:40.868999936
33188,2022-01-04 15:01:35.343000064
17249,2022-01-04 16:05:49.684999936
11036,2022-01-04 17:58:44.104000000
29007,2022-01-05 00:00:00.000000000
64204,2022-01-05 00:00:00.000000000
59220,2022-01-05 00:00:00.000000000
46104,2022-01-05 00:00:00.000000000
08307,2022-01-05 00:00:00.000000000
76192,2022-01-05 08:14:48.532999936
2B055,2022-01-05 09:03:45.582000128
30228,2022-01-05 09:56:02.502000128
32159,2022-01-05 10:20:56.199000064
46315,2022-01-05 12:55:05.360000000
50158,2022-01-05 13:17:55.457999872
80009,2022-01-05 13:36:47.492000000
86272,2022-01-05 15:48:17.694000128
76174,2022-01-05 17:32:41.860999936
81002,2022-01-06 00:00:00.000000000
08030,2022-01-06 00:00:00.000000000
61035,2022-01-06 00:00:00.000000000
07113,2022-01-06 00:00:00.000000000
26175,2022-01-06 00:00:00.000000000
04139,2022-01-06 00:00:00.000000000
40222,2022-01-06 00:00:00.000000000
81238,2022-01-06 00:00:00.000000000
07229,2022-01-06 00:00:00.000000000
07239,2022-01-06 00:00:00.000000000
46286,2022-01-06 00:00:00.000000000
07232,2022-01-06 00:00:00.000000000
52547,2022-01-06 00:00:00.000000000
51155,2022-01-06 07:44:15.934000128
30037,2022-01-06 08:43:36.368000000
64467,2022-01-06 09:28:06.468000000
03049,2022-01-06 10:16:01.588999936
34101,2022-01-06 10:17:02.350000128
79148,2022-01-06 11:06:33.076000000
55224,2022-01-06 12:47:35.787000064
26251,2022-01-06 13:22:55.543000064
46123,2022-01-06 13:41:56.304999936
38213,2022-01-06 14:36:36.953999872
38484,2022-01-06 14:42:45.734000128
26153,2022-01-06 14:57:41.703000064
04021,2022-01-06 15:09:18.294000128
41073,2022-01-06 15:17:02.641999872
41207,2022-01-06 15:24:22.403000064
49364,2022-01-06 16:09:17.734000128
38174,2022-01-06 16:38:00.436000000
07128,2022-01-07 00:00:00.000000000
24224,2022-01-07 00:00:00.000000000
21474,2022-01-07 00:00:00.000000000
22299,2022-01-07 00:00:00.000000000
05179,2022-01-07 00:00:00.000000000
07130,2022-01-07 07:33:20.052999936
23177,2022-01-07 07:50:11.052999936
21546,2022-01-07 08:36:52.337999872
38209,2022-01-07 10:48:34.716000000
77486,2022-01-07 11:40:33.833999872
76619,2022-01-07 13:32:57.972000000
89009,2022-01-07 15:09:02.160000000
38154,2022-01-07 15:21:33.121999872
55438,2022-01-08 00:00:00.000000000
41065,2022-01-08 08:40:16.824999936
07310,2022-01-08 12:09:18.744999936
32007,2022-01-08 15:23:50.808000000
26210,2022-01-09 08:52:00.671000064
48147,2022-01-09 13:14:37.047000064
59152,2022-01-10 00:00:00.000000000
59279,2022-01-10 00:00:00.000000000
92048,2022-01-10 00:00:00.000000000
07157,2022-01-10 00:00:00.000000000
05116,2022-01-10 00:00:00.000000000
15176,2022-01-10 00:00:00.000000000
01398,2022-01-10 00:00:00.000000000
92075,2022-01-10 00:00:00.000000000
59656,2022-01-10 00:00:00.000000000
26016,2022-01-10 09:32:14.496000000
58254,2022-01-10 11:15:53.097999872
66233,2022-01-10 12:44:32.672000000
26303,2022-01-10 12:55:40.692999936
80353,2022-01-10 12:58:08.963000064
07131,2022-01-10 13:40:36.880999936
07194,2022-01-10 14:41:31.857999872
22034,2022-01-10 15:21:13.419000064
04203,2022-01-10 16:00:05.368000000
19010,2022-01-11 00:00:00.000000000
81022,2022-01-11 00:00:00.000000000
72074,2022-01-11 00:00:00.000000000
05053,2022-01-11 00:00:00.000000000
64243,2022-01-11 00:00:00.000000000
59332,2022-01-11 00:00:00.000000000
81214,2022-01-11 00:00:00.000000000
29229,2022-01-11 00:00:00.000000000
22381,2022-01-11 00:00:00.000000000
03294,2022-01-11 00:00:00.000000000
81310,2022-01-11 00:00:00.000000000
09332,2022-01-11 00:00:00.000000000
61152,2022-01-11 00:00:00.000000000
84121,2022-01-11 10:21:10.321999872
41238,2022-01-11 10:24:13.520000000
15196,2022-01-11 12:12:11.793999872
84118,2022-01-11 12:17:41.688999936
49021,2022-01-11 15:38:52.964999936
21101,2022-01-11 16:01:06.014000128
80714,2022-01-11 16:06:03.407000064
53025,2022-01-12 00:00:00.000000000
53027,2022-01-12 00:00:00.000000000
92012,2022-01-12 00:00:00.000000000
51273,2022-01-12 00:00:00.000000000
47181,2022-01-12 00:00:00.000000000
12159,2022-01-12 00:00:00.000000000
29173,2022-01-12 00:00:00.000000000
41186,2022-01-12 00:00:00.000000000
09264,2022-01-12 00:00:00.000000000
09324,2022-01-12 00:00:00.000000000
87096,2022-01-12 06:55:42.452000000
63238,2022-01-12 08:10:38.198000128
29165,2022-01-12 08:29:02.856999936
25362,2022-01-12 08:30:54.919000064
26063,2022-01-12 08:54:21.055000064
71452,2022-01-12 09:22:14.092000000
71334,2022-01-12 09:44:10.860999936
66199,2022-01-12 10:31:21.575000064
61385,2022-01-12 11:29:35.928999936
46223,2022-01-12 12:59:20.356000000
08326,2022-01-12 13:54:22.092000000
38039,2022-01-13 00:00:00.000000000
59090,2022-01-13 00:00:00.000000000
59098,2022-01-13 00:00:00.000000000
01025,2022-01-13 00:00:00.000000000
72085,2022-01-13 00:00:00.000000000
21191,2022-01-13 00:00:00.000000000
42076,2022-01-13 00:00:00.000000000
04084,2022-01-13 00:00:00.000000000
08233,2022-01-13 00:00:00.000000000
39112,2022-01-13 00:00:00.000000000
59352,2022-01-13 00:00:00.000000000
34142,2022-01-13 00:00:00.000000000
71289,2022-01-13 00:00:00.000000000
72193,2022-01-13 00:00:00.000000000
72216,2022-01-13 00:00:00.000000000
51439,2022-01-13 00:00:00.000000000
81205,2022-01-13 00:00:00.000000000
59508,2022-01-13 00:00:00.000000000
04233,2022-01-13 00:00:00.000000000
26365,2022-01-13 00:00:00.000000000
03304,2022-01-13 00:00:00.000000000
29002,2022-01-13 07:48:29.219000064
2B183,2022-01-13 09:00:36.078000128
31593,2022-01-13 09:16:41.920999936
71096,2022-01-13 09:44:06.683000064
2B184,2022-01-13 12:52:15.838000128
33408,2022-01-13 14:55:35.223000064
80042,2022-01-13 15:06:38.572000000
81034,2022-01-14 00:00:00.000000000
81065,2022-01-14 00:00:00.000000000
59163,2022-01-14 00:00:00.000000000
29051,2022-01-14 00:00:00.000000000
59252,2022-01-14 00:00:00.000000000
59299,2022-01-14 00:00:00.000000000
59368,2022-01-14 00:00:00.000000000
59328,2022-01-14 00:00:00.000000000
59343,2022-01-14 00:00:00.000000000
59360,2022-01-14 00:00:00.000000000
59367,2022-01-14 00:00:00.000000000
06079,2022-01-14 00:00:00.000000000
07149,2022-01-14 00:00:00.000000000
59421,2022-01-14 00:00:00.000000000
59437,2022-01-14 00:00:00.000000000
59507,2022-01-14 00:00:00.000000000
59523,2022-01-14 00:00:00.000000000
04210,2022-01-14 00:00:00.000000000
59585,2022-01-14 00:00:00.000000000
59598,2022-01-14 00:00:00.000000000
59646,2022-01-14 00:00:00.000000000
59648,2022-01-14 00:00:00.000000000
30172,2022-01-14 06:55:41.168999936
32069,2022-01-14 09:20:37.710000128
31333,2022-01-14 11:02:13.496999936
12174,2022-01-14 13:18:58.024999936
46277,2022-01-14 14:48:28.062000128
38553,2022-01-14 14:54:15.668999936
34078,2022-01-14 20:15:08.430000128
09277,2022-01-16 13:32:29.803000064
59056,2022-01-17 00:00:00.000000000
14096,2022-01-17 00:00:00.000000000
59128,2022-01-17 00:00:00.000000000
05028,2022-01-17 00:00:00.000000000
45066,2022-01-17 00:00:00.000000000
92022,2022-01-17 00:00:00.000000000
59193,2022-01-17 00:00:00.000000000
59201,2022-01-17 00:00:00.000000000
59250,2022-01-17 00:00:00.000000000
59286,2022-01-17 00:00:00.000000000
59317,2022-01-17 00:00:00.000000000
59051,2022-01-17 00:00:00.000000000
59143,2022-01-17 00:00:00.000000000
59356,2022-01-17 00:00:00.000000000
59388,2022-01-17 00:00:00.000000000
59457,2022-01-17 00:00:00.000000000
59524,2022-01-17 00:00:00.000000000
19213,2022-01-17 00:00:00.000000000
19227,2022-01-17 00:00:00.000000000
24479,2022-01-17 00:00:00.000000000
59553,2022-01-17 00:00:00.000000000
59566,2022-01-17 00:00:00.000000000
42331,2022-01-17 00:00:00.000000000
30105,2022-01-17 07:44:39.836999936
35159,2022-01-17 08:44:17.595000064
69009,2022-01-17 09:22:02.310000128
84045,2022-01-17 12:33:48.159000064
29187,2022-01-17 13:20:54.592999936
43212,2022-01-17 13:23:56.054000128
29261,2022-01-17 13:35:29.011000064
41030,2022-01-17 13:39:04.321999872
45339,2022-01-17 13:41:21.763000064
45264,2022-01-17 14:14:58.793999872
69289,2022-01-17 14:27:58.932999936
32406,2022-01-17 14:48:35.580000000
32433,2022-01-17 14:52:09.211000064
33509,2022-01-17 20:42:33.625999872
45307,2022-01-18 00:00:00.000000000
46262,2022-01-18 00:00:00.000000000
24285,2022-01-18 00:00:00.000000000
05111,2022-01-18 00:00:00.000000000
04032,2022-01-18 08:29:30.555000064
77242,2022-01-18 08:30:00.476999936
77138,2022-01-18 08:49:28.080999936
63013,2022-01-18 09:12:03.644000000
51419,2022-01-18 09:14:14.303000064
80509,2022-01-18 09:44:24.913999872
45040,2022-01-18 10:04:25.708999936
38228,2022-01-18 10:09:56.249999872
29074,2022-01-18 10:32:20.975000064
63341,2022-01-18 12:20:01.735000064
45336,2022-01-18 12:28:10.972999936
04172,2022-01-18 12:59:49.991000064
46001,2022-01-18 13:23:18.793999872
58136,2022-01-18 15:59:11.742000128
14012,2022-01-19 00:00:00.000000000
14041,2022-01-19 00:00:00.000000000
70057,2022-01-19 00:00:00.000000000
14121,2022-01-19 00:00:00.000000000
12076,2022-01-19 00:00:00.000000000
14399,2022-01-19 00:00:00.000000000
60386,2022-01-19 00:00:00.000000000
14436,2022-01-19 00:00:00.000000000
79195,2022-01-19 00:00:00.000000000
14498,2022-01-19 00:00:00.000000000
59527,2022-01-19 00:00:00.000000000
42279,2022-01-19 00:00:00.000000000
14609,2022-01-19 00:00:00.000000000
14663,2022-01-19 00:00:00.000000000
45311,2022-01-19 00:00:00.000000000
14678,2022-01-19 00:00:00.000000000
14701,2022-01-19 00:00:00.000000000
51611,2022-01-19 00:00:00.000000000
19240,2022-01-19 07:32:47.350000128
30089,2022-01-19 10:18:22.891000064
26146,2022-01-19 12:54:30.824999936
34208,2022-01-19 13:04:27.188999936
80416,2022-01-19 14:32:43.528000000
45115,2022-01-19 14:43:19.500999936
33017,2022-01-19 15:03:38.272999936
80162,2022-01-19 15:34:53.012999936
95323,2022-01-19 16:27:05.695000064
66173,2022-01-19 16:48:54.132000000
29093,2022-01-20 00:00:00.000000000
19106,2022-01-20 00:00:00.000000000
64319,2022-01-20 00:00:00.000000000
59350,2022-01-20 00:00:00.000000000
59378,2022-01-20 00:00:00.000000000
59512,2022-01-20 00:00:00.000000000
46258,2022-01-20 00:00:00.000000000
41236,2022-01-20 00:00:00.000000000
46311,2022-01-20 00:00:00.000000000
05172,2022-01-20 00:00:00.000000000
05118,2022-01-20 00:00:00.000000000
59653,2022-01-20 00:00:00.000000000
37129,2022-01-20 08:13:29.222000128
32215,2022-01-20 09:53:49.860999936
66082,2022-01-20 10:01:51.064999936
42120,2022-01-20 13:36:09.156000000
50436,2022-01-20 13:58:32.272000000
13086,2022-01-20 15:31:48.022000128
83002,2022-01-20 15:49:42.895000064
29067,2022-01-20 16:55:03.224000000
82113,2022-01-20 20:59:31.353999872
80083,2022-01-21 00:00:00.000000000
63204,2022-01-21 00:00:00.000000000
26204,2022-01-21 00:00:00.000000000
22205,2022-01-21 00:00:00.000000000
29209,2022-01-21 00:00:00.000000000
39529,2022-01-21 00:00:00.000000000
89054,2022-01-21 09:21:59.284999936
45223,2022-01-21 09:25:59.976999936
30259,2022-01-21 09:55:33.415000064
46063,2022-01-21 10:02:32.504000000
25018,2022-01-21 10:02:34.408000000
02642,2022-01-21 10:37:36.087000064
88064,2022-01-21 10:50:04.905999872
41223,2022-01-21 11:59:26.464999936
64284,2022-01-21 13:26:18.961999872
45074,2022-01-21 15:38:04.859000064
78686,2022-01-21 16:52:41.612999936
38203,2022-01-21 20:07:22.588999936
39129,2022-01-24 00:00:00.000000000
08215,2022-01-24 00:00:00.000000000
68215,2022-01-24 00:00:00.000000000
17484,2022-01-24 00:00:00.000000000
28317,2022-01-24 00:00:00.000000000
25622,2022-01-24 00:00:00.000000000
26167,2022-01-24 09:28:15.969999872
46178,2022-01-24 11:02:10.198000128
07295,2022-01-24 12:41:58.118000128
50504,2022-01-24 13:52:41.747000064
63282,2022-01-24 15:07:08.956000000
41203,2022-01-24 15:39:19.040000000
77495,2022-01-24 15:49:05.544999936
31087,2022-01-24 16:52:43.812000000
47043,2022-01-25 00:00:00.000000000
54146,2022-01-25 00:00:00.000000000
28185,2022-01-25 00:00:00.000000000
64249,2022-01-25 00:00:00.000000000
26138,2022-01-25 00:00:00.000000000
15085,2022-01-25 00:00:00.000000000
43039,2022-01-25 00:00:00.000000000
32237,2022-01-25 00:00:00.000000000
41138,2022-01-25 00:00:00.000000000
22172,2022-01-25 00:00:00.000000000
92072,2022-01-25 00:00:00.000000000
27412,2022-01-25 00:00:00.000000000
33530,2022-01-25 00:00:00.000000000
51614,2022-01-25 00:00:00.000000000
54185,2022-01-25 00:00:00.000000000
27701,2022-01-25 08:28:51.979000064
04209,2022-01-25 08:36:37.801999872
76009,2022-01-25 08:38:16.507000064
84009,2022-01-25 08:38:34.852000000
66098,2022-01-25 09:24:16.296999936
15143,2022-01-25 10:08:11.129999872
45299,2022-01-25 10:32:14.584999936
33360,2022-01-25 10:37:14.012999936
37200,2022-01-25 11:45:19.907000064
38472,2022-01-25 14:32:37.552999936
71474,2022-01-25 15:16:11.459000064
47127,2022-01-25 15:35:34.203000064
43242,2022-01-25 16:01:12.811000064
46279,2022-01-25 17:27:06.116000000
80041,2022-01-25 17:51:06.092999936
45109,2022-01-26 00:00:00.000000000
58092,2022-01-26 00:00:00.000000000
06071,2022-01-26 00:00:00.000000000
63302,2022-01-26 00:00:00.000000000
49257,2022-01-26 00:00:00.000000000
25372,2022-01-26 00:00:00.000000000
61317,2022-01-26 00:00:00.000000000
60533,2022-01-26 00:00:00.000000000
24534,2022-01-26 00:00:00.000000000
07339,2022-01-26 10:33:06.012999936
45099,2022-01-26 13:28:47.475000064
80523,2022-01-26 14:26:13.526000128
41098,2022-01-26 16:01:52.056000000
07283,2022-01-26 17:42:43.131000064
45041,2022-01-26 21:33:24.312999936
26103,2022-01-27 00:00:00.000000000
85092,2022-01-27 00:00:00.000000000
85074,2022-01-27 00:00:00.000000000
46159,2022-01-27 00:00:00.000000000
90065,2022-01-27 00:00:00.000000000
64350,2022-01-27 00:00:00.000000000
08264,2022-01-27 00:00:00.000000000
85143,2022-01-27 00:00:00.000000000
64444,2022-01-27 00:00:00.000000000
19214,2022-01-27 00:00:00.000000000
85244,2022-01-27 00:00:00.000000000
85261,2022-01-27 00:00:00.000000000
68107,2022-01-27 08:10:36.484999936
45230,2022-01-27 09:29:49.990000128
38159,2022-01-27 11:08:56.316000000
04092,2022-01-27 14:37:34.783000064
25518,2022-01-27 15:21:58.127000064
82103,2022-01-27 15:24:56.160999936
89462,2022-01-27 15:55:37.484999936
82053,2022-01-27 15:59:25.536999936
03313,2022-01-27 16:12:27.831000064
80814,2022-01-27 16:44:02.635000064
80295,2022-01-27 18:09:37.953999872
77001,2022-01-28 00:00:00.000000000
07235,2022-01-28 00:00:00.000000000
05162,2022-01-28 07:45:46.292999936
24231,2022-01-28 09:20:13.139000064
09272,2022-01-28 09:54:05.862000128
80823,2022-01-28 10:31:29.575000064
38171,2022-01-28 10:36:31.720000000
07270,2022-01-28 11:23:07.235000064
39171,2022-01-28 13:09:55.929999872
89289,2022-01-28 16:25:55.008999936
45204,2022-01-29 09:38:00.192000000
03245,2022-01-29 10:00:17.800999936
02615,2022-01-29 16:20:16.392999936
07003,2022-01-30 00:00:00.000000000
81146,2022-01-30 00:00:00.000000000
07251,2022-01-30 00:00:00.000000000
63324,2022-01-30 15:59:35.060000000
07091,2022-01-31 00:00:00.000000000
15138,2022-01-31 00:00:00.000000000
19172,2022-01-31 00:00:00.000000000
49288,2022-01-31 00:00:00.000000000
41262,2022-01-31 00:00:00.000000000
37256,2022-01-31 07:57:29.678000128
32296,2022-01-31 08:19:09.145999872
45020,2022-01-31 08:23:36.915000064
82087,2022-01-31 08:36:38.887000064
07329,2022-01-31 10:06:43.961999872
36214,2022-01-31 14:24:16.876000000
21069,2022-01-31 15:07:49.136000000
18128,2022-01-31 15:36:07.537999872
32272,2022-01-31 15:51:33.934000128
45276,2022-01-31 16:02:20.304000000
03205,2022-01-31 18:18:52.798000128
03102,2022-02-01 00:00:00.000000000
09111,2022-02-01 00:00:00.000000000
11206,2022-02-01 00:00:00.000000000
28289,2022-02-01 00:00:00.000000000
42162,2022-02-01 00:00:00.000000000
38424,2022-02-01 00:00:00.000000000
73292,2022-02-01 00:00:00.000000000
43162,2022-02-01 06:45:49.692000000
05023,2022-02-01 08:16:02.377999872
2B242,2022-02-01 08:51:40.391000064
15259,2022-02-01 09:18:02.374000128
37140,2022-02-01 10:13:29.611000064
60434,2022-02-01 11:56:25.183000064
12108,2022-02-01 12:54:12.483000064
38246,2022-02-01 12:59:29.315000064
45334,2022-02-01 13:14:31.439000064
87119,2022-02-01 13:50:54.708999936
42170,2022-02-01 14:18:49.753999872
80627,2022-02-01 14:51:18.740999936
42149,2022-02-01 14:51:41.207000064
71561,2022-02-01 15:15:08.284000000
38239,2022-02-01 15:28:34.880000000
58277,2022-02-01 15:30:08.638000128
34326,2022-02-01 16:42:47.256000000
45123,2022-02-01 17:06:13.118000128
69013,2022-02-02 00:00:00.000000000
63123,2022-02-02 00:00:00.000000000
37134,2022-02-02 00:00:00.000000000
26228,2022-02-02 00:00:00.000000000
2B230,2022-02-02 08:53:41.004999936
32171,2022-02-02 09:18:47.913999872
17207,2022-02-02 09:19:42.233999872
21121,2022-02-02 09:27:53.652000000
51317,2022-02-02 09:54:00.607000064
41147,2022-02-02 14:26:13.547000064
31456,2022-02-02 14:28:36.804999936
55108,2022-02-02 15:10:10.198000128
16193,2022-02-02 16:07:47.600000000
80339,2022-02-02 16:19:41.239000064
26019,2022-02-03 00:00:00.000000000
58057,2022-02-03 00:00:00.000000000
05089,2022-02-03 00:00:00.000000000
31400,2022-02-03 00:00:00.000000000
05051,2022-02-03 00:00:00.000000000
2A276,2022-02-03 06:24:10.768000000
2B257,2022-02-03 08:10:40.188000000
2B298,2022-02-03 08:24:40.115000064
2B152,2022-02-03 08:51:23.624999936
38053,2022-02-03 09:00:50.563000064
32277,2022-02-03 09:12:46.756000000
63055,2022-02-03 09:44:24.651000064
57552,2022-02-03 10:21:41.531000064
63207,2022-02-03 10:31:54.728999936
37171,2022-02-03 11:07:43.265999872
19057,2022-02-03 12:54:17.654000128
80305,2022-02-03 13:27:32.624000000
34086,2022-02-03 13:39:05.638000128
35146,2022-02-03 14:27:36.940000000
25296,2022-02-03 15:00:55.665999872
38449,2022-02-03 15:22:49.352999936
43177,2022-02-03 16:40:48.551000064
26224,2022-02-03 16:41:07.129999872
55254,2022-02-03 17:42:13.740999936
28135,2022-02-04 00:00:00.000000000
07090,2022-02-04 00:00:00.000000000
64276,2022-02-04 00:00:00.000000000
39308,2022-02-04 00:00:00.000000000
51547,2022-02-04 00:00:00.000000000
26370,2022-02-04 00:00:00.000000000
78143,2022-02-04 08:23:07.022000128
58128,2022-02-04 09:03:34.662000128
55286,2022-02-04 09:05:42.580000000
37033,2022-02-04 10:37:47.686000128
03238,2022-02-04 11:04:59.881999872
33246,2022-02-04 11:37:28.252000000
2B328,2022-02-04 11:42:16.550000128
45018,2022-02-04 12:44:41.321999872
87071,2022-02-04 13:25:53.574000128
37074,2022-02-04 13:52:41.785999872
38075,2022-02-04 14:35:37.123000064
29282,2022-02-04 14:49:12.259000064
71466,2022-02-04 15:10:34.795000064
31023,2022-02-04 19:42:21.412999936
36013,2022-02-04 21:28:37.491000064
41271,2022-02-05 12:41:29.216000000
01136,2022-02-05 18:18:52.881999872
59194,2022-02-05 23:19:05.308999936
58002,2022-02-06 07:51:48.832000000
31398,2022-02-07 00:00:00.000000000
73233,2022-02-07 00:00:00.000000000
21627,2022-02-07 00:00:00.000000000
30235,2022-02-07 07:23:22.024000000
08282,2022-02-07 08:04:40.832999936
2B255,2022-02-07 08:06:17.793999872
04030,2022-02-07 08:09:00.036999936
63098,2022-02-07 08:20:10.724999936
42261,2022-02-07 09:12:53.873999872
26360,2022-02-07 09:14:43.912999936
67523,2022-02-07 10:34:40.187000064
38232,2022-02-07 10:40:09.840000000
26193,2022-02-07 11:05:52.508000000
41041,2022-02-07 12:10:03.768000000
80466,2022-02-07 14:00:12.999000064
46295,2022-02-07 14:21:53.940999936
37121,2022-02-07 14:35:01.772999936
29010,2022-02-07 14:58:29.827000064
45321,2022-02-07 15:23:11.684000000
89201,2022-02-07 15:31:24.264000000
12036,2022-02-07 19:34:27.763000064
09342,2022-02-07 20:00:14.355000064
81300,2022-02-08 00:00:00.000000000
27120,2022-02-08 09:13:54.185999872
24054,2022-02-08 09:17:31.401999872
04074,2022-02-08 10:13:13.247000064
25417,2022-02-08 10:15:45.331000064
32064,2022-02-08 10:17:13.793999872
28219,2022-02-08 13:43:29.723000064
19156,2022-02-08 13:56:10.761999872
04112,2022-02-08 14:41:14.459000064
17126,2022-02-08 14:47:18.236000000
26226,2022-02-08 15:32:10.606000128
63226,2022-02-08 15:44:02.255000064
77168,2022-02-08 16:16:34.348000000
37071,2022-02-08 19:33:09.600000000
40015,2022-02-09 00:00:00.000000000
40018,2022-02-09 00:00:00.000000000
81025,2022-02-09 00:00:00.000000000
63208,2022-02-09 00:00:00.000000000
05133,2022-02-09 00:00:00.000000000
81299,2022-02-09 00:00:00.000000000
63338,2022-02-09 08:38:27.251000064
2B187,2022-02-09 08:51:03.191000064
72262,2022-02-09 08:57:00.705999872
81253,2022-02-09 09:28:05.563000064
81008,2022-02-09 09:55:57.199000064
26135,2022-02-09 10:23:58.926000128
51449,2022-02-09 10:38:03.087000064
24085,2022-02-09 10:54:17.160000000
77382,2022-02-09 11:06:51.113999872
24256,2022-02-09 12:32:46.116000000
17143,2022-02-09 13:06:54.692999936
67306,2022-02-09 14:16:41.924000000
56139,2022-02-09 14:33:15.280000000
81073,2022-02-10 00:00:00.000000000
67338,2022-02-10 00:00:00.000000000
25456,2022-02-10 00:00:00.000000000
41185,2022-02-10 00:00:00.000000000
80697,2022-02-10 00:00:00.000000000
51482,2022-02-10 00:00:00.000000000
07286,2022-02-10 00:00:00.000000000
26181,2022-02-10 09:09:31.288000000
07006,2022-02-10 09:27:40.336000000
63034,2022-02-10 10:15:10.880999936
63172,2022-02-10 10:20:43.028999936
26322,2022-02-10 10:28:01.948999936
41214,2022-02-10 13:08:09.740000000
31478,2022-02-10 13:12:21.801999872
35230,2022-02-10 14:00:10.209999872
83078,2022-02-10 14:21:37.238000128
32115,2022-02-10 14:24:47.855000064
34164,2022-02-10 14:27:57.904999936
30079,2022-02-10 15:11:52.708000000
45337,2022-02-10 16:24:24.616999936
33155,2022-02-10 16:36:17.796000000
32162,2022-02-10 16:43:16.712999936
45263,2022-02-11 00:00:00.000000000
12217,2022-02-11 00:00:00.000000000
16382,2022-02-11 00:00:00.000000000
29183,2022-02-11 07:46:35.569999872
23114,2022-02-11 09:02:38.185999872
45296,2022-02-11 09:05:54.801999872
23259,2022-02-11 10:04:03.947000064
03292,2022-02-11 10:18:25.096000000
82015,2022-02-11 10:30:34.147000064
32414,2022-02-11 10:33:00.803000064
38221,2022-02-11 10:54:37.278000128
63295,2022-02-11 10:59:01.560999936
84057,2022-02-11 11:01:38.294000128
32053,2022-02-12 11:05:36.271000064
69192,2022-02-12 13:52:56.931000064
25520,2022-02-12 18:03:20.694000128
64123,2022-02-13 00:00:00.000000000
25548,2022-02-13 10:01:53.247000064
07092,2022-02-14 00:00:00.000000000
82149,2022-02-14 00:00:00.000000000
38565,2022-02-14 09:38:56.974000128
55150,2022-02-14 10:14:03.288000000
82017,2022-02-14 13:19:18.856000000
60632,2022-02-14 13:25:34.284000000
12216,2022-02-14 13:33:46.839000064
02484,2022-02-14 13:45:06.488999936
56158,2022-02-14 13:55:05.156999936
45222,2022-02-14 14:22:13.831000064
63410,2022-02-14 14:35:40.584000000
21613,2022-02-14 15:19:29.828999936
37186,2022-02-14 16:26:58.353999872
2B081,2022-02-14 17:45:58.815000064
26048,2022-02-15 00:00:00.000000000
44028,2022-02-15 00:00:00.000000000
61512,2022-02-15 00:00:00.000000000
67417,2022-02-15 00:00:00.000000000
37240,2022-02-15 00:00:00.000000000
68301,2022-02-15 00:00:00.000000000
44163,2022-02-15 00:00:00.000000000
38473,2022-02-15 07:37:42.295000064
07264,2022-02-15 09:02:34.473999872
61138,2022-02-15 09:45:51.753999872
68379,2022-02-15 10:18:06.415000064
88044,2022-02-15 10:18:50.603000064
57039,2022-02-15 10:52:43.940999936
03283,2022-02-15 13:33:49.628999936
46124,2022-02-15 13:34:03.152000000
43034,2022-02-15 15:33:52.584999936
83045,2022-02-15 16:59:50.116999936
16020,2022-02-16 00:00:00.000000000
19181,2022-02-16 00:00:00.000000000
24581,2022-02-16 00:00:00.000000000
82165,2022-02-16 07:26:38.475000064
09202,2022-02-16 08:48:35.720000000
38068,2022-02-16 13:30:22.171000064
54163,2022-02-16 13:31:32.460999936
66171,2022-02-16 14:01:34.875000064
23142,2022-02-16 14:25:21.905999872
61347,2022-02-16 15:02:08.579000064
17444,2022-02-16 15:23:43.348000000
81027,2022-02-16 16:34:15.828000000
54004,2022-02-17 00:00:00.000000000
65096,2022-02-17 00:00:00.000000000
24076,2022-02-17 00:00:00.000000000
16176,2022-02-17 00:00:00.000000000
56103,2022-02-17 00:00:00.000000000
23128,2022-02-17 00:00:00.000000000
26189,2022-02-17 00:00:00.000000000
42209,2022-02-17 00:00:00.000000000
46172,2022-02-17 07:51:44.272999936
29158,2022-02-17 07:57:52.756999936
71421,2022-02-17 07:58:21.452000000
51612,2022-02-17 08:16:28.735000064
15163,2022-02-17 08:33:38.179000064
50362,2022-02-17 08:50:47.320999936
19230,2022-02-17 09:28:40.296000000
87204,2022-02-17 10:09:10.120000000
31034,2022-02-17 13:43:52.592000000
19207,2022-02-17 13:59:31.988999936
38244,2022-02-17 14:20:42.545999872
26150,2022-02-17 14:23:58.175000064
22308,2022-02-17 14:38:38.304999936
12300,2022-02-17 15:15:27.342000128
03239,2022-02-17 15:18:35.116999936
51181,2022-02-17 15:27:08.486000128
16041,2022-02-17 15:37:50.575000064
76281,2022-02-17 15:55:20.716000000
46273,2022-02-17 16:29:50.776000000
66055,2022-02-18 00:00:00.000000000
80301,2022-02-18 00:00:00.000000000
81104,2022-02-18 00:00:00.000000000
47167,2022-02-18 00:00:00.000000000
23194,2022-02-18 00:00:00.000000000
33523,2022-02-18 00:00:00.000000000
80574,2022-02-18 07:12:43.790000128
46187,2022-02-18 07:51:42.735000064
41249,2022-02-18 08:12:26.368000000
34136,2022-02-18 08:52:09.168000000
45063,2022-02-18 08:59:06.387000064
51072,2022-02-18 09:25:06.176999936
31262,2022-02-18 10:18:32.747000064
31101,2022-02-18 10:26:39.801999872
01267,2022-02-18 11:03:11.264000000
80525,2022-02-18 14:58:17.039000064
69075,2022-02-18 17:19:32.632000000
35112,2022-02-19 16:04:22.051000064
07152,2022-02-20 13:05:56.718000128
09269,2022-02-20 14:57:34.403000064
41177,2022-02-20 15:52:40.451000064
39011,2022-02-21 00:00:00.000000000
32003,2022-02-21 00:00:00.000000000
54055,2022-02-21 00:00:00.000000000
26043,2022-02-21 00:00:00.000000000
95088,2022-02-21 00:00:00.000000000
60089,2022-02-21 00:00:00.000000000
36024,2022-02-21 00:00:00.000000000
40035,2022-02-21 00:00:00.000000000
70111,2022-02-21 00:00:00.000000000
60140,2022-02-21 00:00:00.000000000
70126,2022-02-21 00:00:00.000000000
38117,2022-02-21 00:00:00.000000000
67103,2022-02-21 00:00:00.000000000
59213,2022-02-21 00:00:00.000000000
78262,2022-02-21 00:00:00.000000000
29073,2022-02-21 00:00:00.000000000
14337,2022-02-21 00:00:00.000000000
61323,2022-02-21 00:00:00.000000000
77246,2022-02-21 00:00:00.000000000
01236,2022-02-21 00:00:00.000000000
71296,2022-02-21 00:00:00.000000000
38237,2022-02-21 00:00:00.000000000
21421,2022-02-21 00:00:00.000000000
01264,2022-02-21 00:00:00.000000000
77339,2022-02-21 00:00:00.000000000
07202,2022-02-21 00:00:00.000000000
40248,2022-02-21 00:00:00.000000000
71449,2022-02-21 00:00:00.000000000
71473,2022-02-21 00:00:00.000000000
03273,2022-02-21 00:00:00.000000000
79341,2022-02-21 00:00:00.000000000
26372,2022-02-21 00:00:00.000000000
54565,2022-02-21 00:00:00.000000000
62289,2022-02-21 00:00:00.000000000
61061,2022-02-21 07:15:04.204999936
37058,2022-02-21 07:21:55.590000128
25315,2022-02-21 07:31:20.835000064
03265,2022-02-21 08:15:42.748000000
2B123,2022-02-21 08:31:01.020999936
27562,2022-02-21 09:23:04.896000000
31198,2022-02-21 09:41:19.752999936
29266,2022-02-21 11:14:29.219000064
18010,2022-02-21 12:00:13.366000128
02218,2022-02-21 12:14:59.255000064
87134,2022-02-21 12:27:03.497999872
71225,2022-02-21 12:29:08.352000000
19016,2022-02-21 12:40:47.011000064
63275,2022-02-21 12:45:04.483000064
60059,2022-02-21 12:47:06.334000128
41120,2022-02-21 12:49:37.416999936
54364,2022-02-21 12:51:12.768000000
77466,2022-02-21 12:52:30.383000064
08386,2022-02-21 12:57:28.796999936
89246,2022-02-21 13:04:07.414000128
34152,2022-02-21 13:09:31.568000000
54026,2022-02-21 13:09:45.996000000
11296,2022-02-21 13:14:26.969999872
25469,2022-02-21 13:20:26.375000064
50231,2022-02-21 13:20:37.150000128
51017,2022-02-21 13:27:44.736999936
51018,2022-02-21 13:33:53.704999936
11330,2022-02-21 13:46:35.249999872
42308,2022-02-21 13:54:40.888999936
71278,2022-02-21 13:57:13.104000000
44202,2022-02-21 13:59:23.774000128
27027,2022-02-21 14:03:55.572999936
36149,2022-02-21 14:06:46.657999872
29085,2022-02-21 14:07:51.881999872
17256,2022-02-21 14:12:31.567000064
67515,2022-02-21 14:13:55.800999936
28059,2022-02-21 14:15:24.756000000
22228,2022-02-21 14:21:30.168000000
11425,2022-02-21 14:27:27.023000064
33301,2022-02-21 14:29:23.327000064
78062,2022-02-21 14:29:35.496999936
32244,2022-02-21 14:30:41.048000000
10237,2022-02-21 14:37:05.636000000
45301,2022-02-21 14:37:33.761999872
41218,2022-02-21 14:42:13.000000000
70180,2022-02-21 14:43:09.926000128
51269,2022-02-21 14:47:15.952000000
56260,2022-02-21 14:47:38.212999936
09065,2022-02-21 14:59:35.622000128
45241,2022-02-21 15:04:08.574000128
62194,2022-02-21 15:05:22.331000064
31177,2022-02-21 15:09:28.191000064
59113,2022-02-21 15:21:52.376999936
51475,2022-02-21 15:27:02.319000064
26268,2022-02-21 15:45:34.120000000
82166,2022-02-21 16:02:57.512000000
82158,2022-02-21 16:05:59.505999872
27624,2022-02-21 16:36:57.831000064
67279,2022-02-21 16:55:22.631000064
65352,2022-02-21 17:06:40.833999872
48176,2022-02-21 17:45:35.087000064
31501,2022-02-21 17:55:43.023000064
02563,2022-02-21 18:25:23.708000000
25006,2022-02-22 00:00:00.000000000
65063,2022-02-22 00:00:00.000000000
26025,2022-02-22 00:00:00.000000000
61122,2022-02-22 00:00:00.000000000
54141,2022-02-22 00:00:00.000000000
02246,2022-02-22 00:00:00.000000000
43088,2022-02-22 00:00:00.000000000
65223,2022-02-22 00:00:00.000000000
17198,2022-02-22 00:00:00.000000000
36037,2022-02-22 00:00:00.000000000
54298,2022-02-22 00:00:00.000000000
01234,2022-02-22 00:00:00.000000000
70347,2022-02-22 00:00:00.000000000
81177,2022-02-22 00:00:00.000000000
12162,2022-02-22 00:00:00.000000000
55382,2022-02-22 00:00:00.000000000
57515,2022-02-22 00:00:00.000000000
31423,2022-02-22 00:00:00.000000000
81242,2022-02-22 00:00:00.000000000
72270,2022-02-22 00:00:00.000000000
69217,2022-02-22 00:00:00.000000000
63403,2022-02-22 00:00:00.000000000
31520,2022-02-22 00:00:00.000000000
55521,2022-02-22 00:00:00.000000000
34315,2022-02-22 00:00:00.000000000
04230,2022-02-22 00:00:00.000000000
79251,2022-02-22 06:56:57.950000128
57695,2022-02-22 07:22:04.180999936
67325,2022-02-22 07:33:06.464999936
03222,2022-02-22 07:53:46.452999936
18126,2022-02-22 08:09:55.572999936
38093,2022-02-22 08:16:50.367000064
31119,2022-02-22 08:22:43.622000128
61167,2022-02-22 08:26:10.048999936
32405,2022-02-22 08:27:00.248999936
72293,2022-02-22 08:31:17.296000000
26250,2022-02-22 09:09:15.028999936
63299,2022-02-22 09:19:16.380999936
34070,2022-02-22 09:34:07.580000000
19023,2022-02-22 09:43:36.377999872
70348,2022-02-22 10:25:50.424000000
55263,2022-02-22 10:32:36.747000064
18130,2022-02-22 10:38:39.256999936
86237,2022-02-22 11:09:21.016999936
19251,2022-02-22 11:40:12.350000128
58249,2022-02-22 12:21:29.612999936
36136,2022-02-22 12:47:58.673999872
79010,2022-02-22 12:58:23.136000000
31569,2022-02-22 13:06:17.812000000
31450,2022-02-22 13:14:16.888999936
87115,2022-02-22 13:54:24.598000128
51283,2022-02-22 14:06:01.143000064
89292,2022-02-22 14:06:12.316000000
29040,2022-02-22 14:37:05.899000064
38189,2022-02-22 15:03:18.303000064
57312,2022-02-22 15:56:30.587000064
80451,2022-02-22 16:47:51.860999936
38350,2022-02-22 17:05:11.252999936
32213,2022-02-22 17:22:27.256000000
09120,2022-02-22 17:29:40.651000064
27512,2022-02-22 18:11:30.508999936
64104,2022-02-23 00:00:00.000000000
04057,2022-02-23 00:00:00.000000000
07084,2022-02-23 00:00:00.000000000
16186,2022-02-23 00:00:00.000000000
73166,2022-02-23 00:00:00.000000000
05127,2022-02-23 00:00:00.000000000
12261,2022-02-23 00:00:00.000000000
12290,2022-02-23 00:00:00.000000000
76136,2022-02-23 08:22:57.806000128
03017,2022-02-23 09:13:39.344999936
22318,2022-02-23 10:09:14.742000128
24207,2022-02-23 10:10:51.790000128
88528,2022-02-23 10:29:39.801999872
78498,2022-02-23 10:37:59.388000000
27269,2022-02-23 11:17:35.316000000
59592,2022-02-23 12:00:28.804000000
40213,2022-02-23 12:19:49.556999936
05050,2022-02-23 12:51:59.703000064
38507,2022-02-23 12:59:48.452000000
31272,2022-02-23 13:24:26.411000064
33375,2022-02-23 13:57:52.494000128
31435,2022-02-23 14:21:13.046000128
63459,2022-02-23 14:49:16.731000064
09138,2022-02-23 14:55:24.932999936
41096,2022-02-23 15:01:27.535000064
87021,2022-02-23 15:59:48.943000064
86296,2022-02-23 17:01:54.183000064
65020,2022-02-24 00:00:00.000000000
08047,2022-02-24 00:00:00.000000000
71068,2022-02-24 00:00:00.000000000
17185,2022-02-24 00:00:00.000000000
81321,2022-02-24 00:00:00.000000000
08287,2022-02-24 00:00:00.000000000
68263,2022-02-24 00:00:00.000000000
05129,2022-02-24 00:00:00.000000000
31483,2022-02-24 00:00:00.000000000
23224,2022-02-24 00:00:00.000000000
46103,2022-02-24 00:00:00.000000000
11068,2022-02-24 07:47:57.649999872
35270,2022-02-24 08:00:28.396000000
2B177,2022-02-24 08:30:19.880999936
26276,2022-02-24 08:35:45.232999936
58174,2022-02-24 08:53:13.459000064
31318,2022-02-24 09:07:27.248999936
91374,2022-02-24 09:24:26.401999872
89200,2022-02-24 09:27:00.620999936
18092,2022-02-24 09:57:11.100999936
80765,2022-02-24 10:38:58.344999936
08503,2022-02-24 10:49:59.238000128
27118,2022-02-24 11:45:40.670000128
63221,2022-02-24 13:27:51.248999936
69134,2022-02-24 13:28:07.443000064
56036,2022-02-24 13:44:17.068000000
80639,2022-02-24 13:57:42.612000000
70374,2022-02-24 14:13:34.328999936
24360,2022-02-24 14:20:43.740000000
41131,2022-02-24 14:41:57.636999936
18112,2022-02-24 15:00:41.417999872
87029,2022-02-24 15:13:43.292000000
80719,2022-02-24 15:24:39.419000064
71229,2022-02-24 15:28:42.507000064
71578,2022-02-24 15:37:59.528000000
89069,2022-02-24 16:27:56.374000128
46074,2022-02-24 16:53:08.719000064
38130,2022-02-24 18:43:05.214000128
82093,2022-02-24 22:28:52.783000064
31112,2022-02-25 00:00:00.000000000
80325,2022-02-25 00:00:00.000000000
17252,2022-02-25 00:00:00.000000000
04109,2022-02-25 00:00:00.000000000
04122,2022-02-25 00:00:00.000000000
65327,2022-02-25 00:00:00.000000000
03260,2022-02-25 00:00:00.000000000
45333,2022-02-25 00:00:00.000000000
83093,2022-02-25 07:49:13.812000000
91511,2022-02-25 07:56:31.324000000
82069,2022-02-25 08:18:59.968999936
66103,2022-02-25 08:28:56.536999936
68359,2022-02-25 08:29:24.687000064
43246,2022-02-25 08:30:59.312999936
91494,2022-02-25 08:32:41.004999936
67167,2022-02-25 09:01:06.288000000
69039,2022-02-25 09:11:54.686000128
39393,2022-02-25 09:53:39.648000000
22049,2022-02-25 10:44:56.499000064
82146,2022-02-25 10:55:11.632999936
38195,2022-02-25 11:05:05.851000064
45283,2022-02-25 11:36:16.244000000
79092,2022-02-25 12:09:41.084999936
61148,2022-02-25 12:31:31.899000064
61444,2022-02-25 13:26:32.712999936
63454,2022-02-25 13:40:12.543000064
88293,2022-02-25 13:45:49.686000128
37101,2022-02-25 14:58:27.600999936
22284,2022-02-25 15:04:04.896000000
42307,2022-02-25 15:05:29.643000064
80482,2022-02-25 16:11:52.515000064
65392,2022-02-25 16:54:44.880999936
41118,2022-02-26 00:00:00.000000000
05039,2022-02-28 00:00:00.000000000
10170,2022-02-28 00:00:00.000000000
04133,2022-02-28 00:00:00.000000000
07182,2022-02-28 00:00:00.000000000
15211,2022-02-28 00:00:00.000000000
03262,2022-02-28 00:00:00.000000000
81281,2022-02-28 00:00:00.000000000
81293,2022-02-28 00:00:00.000000000
71567,2022-02-28 00:00:00.000000000
89167,2022-02-28 08:38:31.408999936
69137,2022-02-28 08:38:59.113999872
07165,2022-02-28 09:06:04.335000064
71283,2022-02-28 09:23:08.360999936
60536,2022-02-28 09:26:12.648999936
38055,2022-02-28 09:49:33.996000000
09301,2022-02-28 09:55:43.966000128
21289,2022-02-28 10:35:06.444000000
50139,2022-02-28 13:12:43.948999936
29152,2022-02-28 13:29:10.275000064
80584,2022-02-28 14:05:25.376999936
57143,2022-02-28 14:08:27.287000064
71512,2022-02-28 15:12:14.935000064
69021,2022-02-28 15:43:11.096000000
39554,2022-02-28 17:17:42.739000064
56206,2022-02-28 18:00:08.352000000
34006,2022-03-01 00:00:00.000000000
49022,2022-03-01 00:00:00.000000000
33051,2022-03-01 00:00:00.000000000
50054,2022-03-01 00:00:00.000000000
31141,2022-03-01 00:00:00.000000000
72064,2022-03-01 00:00:00.000000000
72154,2022-03-01 00:00:00.000000000
01273,2022-03-01 00:00:00.000000000
43189,2022-03-01 00:00:00.000000000
24455,2022-03-01 00:00:00.000000000
29278,2022-03-01 00:00:00.000000000
38517,2022-03-01 08:34:16.540999936
31371,2022-03-01 08:35:10.796999936
54517,2022-03-01 09:10:49.576999936
76594,2022-03-01 09:48:44.697999872
89139,2022-03-01 10:25:28.752999936
58013,2022-03-01 10:45:41.576000000
01090,2022-03-01 12:22:23.996000000
25526,2022-03-01 13:05:11.011000064
63466,2022-03-01 13:39:29.675000064
61044,2022-03-01 14:34:15.396000000
83087,2022-03-01 15:21:12.200999936
18256,2022-03-01 15:25:45.316000000
63186,2022-03-01 16:59:33.767000064
03223,2022-03-01 17:05:10.723000064
80196,2022-03-02 00:00:00.000000000
72157,2022-03-02 00:00:00.000000000
08286,2022-03-02 00:00:00.000000000
01298,2022-03-02 00:00:00.000000000
35243,2022-03-02 00:00:00.000000000
36189,2022-03-02 00:00:00.000000000
54167,2022-03-02 08:55:37.868000000
77410,2022-03-02 09:10:09.072000000
69106,2022-03-02 10:18:17.984999936
35142,2022-03-02 11:29:27.347000064
57647,2022-03-02 13:01:44.361999872
17461,2022-03-02 13:28:26.465999872
26199,2022-03-02 15:16:51.503000064
40089,2022-03-02 15:23:23.264000000
82135,2022-03-02 16:16:04.956000000
26090,2022-03-02 17:40:19.595000064
65069,2022-03-03 00:00:00.000000000
11255,2022-03-03 00:00:00.000000000
02619,2022-03-03 00:00:00.000000000
65057,2022-03-03 05:45:42.467000064
86186,2022-03-03 07:01:28.024000000
23131,2022-03-03 07:31:06.348000000
29021,2022-03-03 08:31:41.265999872
28359,2022-03-03 09:10:12.097999872
27042,2022-03-03 09:43:53.215000064
01295,2022-03-03 10:26:40.960000000
15253,2022-03-03 10:47:33.454000128
48031,2022-03-03 11:12:39.924999936
48150,2022-03-03 11:21:00.167000064
07004,2022-03-03 14:17:07.431000064
45046,2022-03-03 14:17:54.391000064
71157,2022-03-03 15:45:52.030000128
35290,2022-03-03 17:24:59.943000064
67464,2022-03-03 17:51:14.812999936
26010,2022-03-04 00:00:00.000000000
42097,2022-03-04 00:00:00.000000000
61085,2022-03-04 00:00:00.000000000
07171,2022-03-04 00:00:00.000000000
23221,2022-03-04 00:00:00.000000000
30317,2022-03-04 00:00:00.000000000
34342,2022-03-04 00:00:00.000000000
87054,2022-03-04 07:32:08.177999872
76224,2022-03-04 08:27:25.048000000
80741,2022-03-04 08:28:24.756000000
41034,2022-03-04 09:13:33.265999872
38453,2022-03-04 09:59:08.678000128
55132,2022-03-04 10:14:27.895000064
31439,2022-03-04 10:23:28.860000000
33539,2022-03-04 11:28:03.031000064
45137,2022-03-04 13:46:11.369999872
01444,2022-03-04 14:18:12.337999872
51571,2022-03-04 14:29:59.838000128
14068,2022-03-04 15:00:26.408999936
27459,2022-03-04 18:43:40.620999936
88014,2022-03-07 00:00:00.000000000
45022,2022-03-07 00:00:00.000000000
59214,2022-03-07 00:00:00.000000000
72272,2022-03-07 00:00:00.000000000
44180,2022-03-07 00:00:00.000000000
62863,2022-03-07 00:00:00.000000000
01233,2022-03-07 03:41:33.380999936
82063,2022-03-07 08:29:23.336999936
46193,2022-03-07 08:41:15.590000128
03125,2022-03-07 08:56:02.935000064
45175,2022-03-07 09:26:31.620999936
29213,2022-03-07 10:05:34.732000000
03098,2022-03-07 10:18:32.260999936
45164,2022-03-07 10:28:54.134000128
39169,2022-03-07 10:39:50.927000064
34239,2022-03-07 11:12:26.283000064
15065,2022-03-07 14:02:35.207000064
38430,2022-03-07 14:17:14.896000000
64205,2022-03-07 14:28:39.715000064
87144,2022-03-07 14:49:05.785999872
52118,2022-03-07 18:18:16.027000064
55141,2022-03-08 00:00:00.000000000
27246,2022-03-08 00:00:00.000000000
89195,2022-03-08 00:00:00.000000000
90054,2022-03-08 00:00:00.000000000
89230,2022-03-08 00:00:00.000000000
41125,2022-03-08 00:00:00.000000000
80514,2022-03-08 00:00:00.000000000
47178,2022-03-08 00:00:00.000000000
61357,2022-03-08 00:00:00.000000000
72253,2022-03-08 00:00:00.000000000
38374,2022-03-08 00:00:00.000000000
89349,2022-03-08 00:00:00.000000000
34301,2022-03-08 00:00:00.000000000
63451,2022-03-08 00:00:00.000000000
72381,2022-03-08 00:00:00.000000000
27022,2022-03-08 07:20:29.372999936
26030,2022-03-08 09:55:02.124999936
63381,2022-03-08 10:06:14.848999936
38560,2022-03-08 10:16:14.087000064
11283,2022-03-08 10:16:44.432999936
55264,2022-03-08 10:39:54.796000000
01179,2022-03-08 10:41:37.263000064
33521,2022-03-08 11:13:03.476000000
09069,2022-03-08 12:07:34.651000064
89172,2022-03-08 14:01:59.315000064
38150,2022-03-08 14:12:12.228000000
82104,2022-03-08 14:13:54.487000064
29215,2022-03-08 14:16:11.104999936
89273,2022-03-08 15:42:04.622000128
51241,2022-03-08 16:45:16.876000000
29123,2022-03-08 18:45:53.652999936
65021,2022-03-09 00:00:00.000000000
59032,2022-03-09 00:00:00.000000000
58054,2022-03-09 00:00:00.000000000
61123,2022-03-09 00:00:00.000000000
07158,2022-03-09 00:00:00.000000000
81235,2022-03-09 00:00:00.000000000
38354,2022-03-09 00:00:00.000000000
06113,2022-03-09 00:00:00.000000000
79351,2022-03-09 00:00:00.000000000
66058,2022-03-09 08:10:44.020000000
72298,2022-03-09 08:37:25.545999872
2A359,2022-03-09 08:42:15.840000000
50310,2022-03-09 08:44:37.591000064
65017,2022-03-09 09:22:00.340999936
80811,2022-03-09 09:29:53.182000128
89239,2022-03-09 09:36:44.452999936
39362,2022-03-09 09:52:17.462000128
05161,2022-03-09 12:33:25.632999936
50151,2022-03-09 13:41:09.731000064
2B016,2022-03-09 13:48:32.713999872
80051,2022-03-09 14:05:35.956999936
32223,2022-03-09 14:58:41.988000000
32371,2022-03-09 14:59:49.319000064
32012,2022-03-09 15:00:22.534000128
17347,2022-03-09 15:42:43.752000000
71010,2022-03-09 16:04:58.019000064
69005,2022-03-10 00:00:00.000000000
71148,2022-03-10 00:00:00.000000000
15119,2022-03-10 00:00:00.000000000
77326,2022-03-10 00:00:00.000000000
29167,2022-03-10 00:00:00.000000000
35271,2022-03-10 00:00:00.000000000
59541,2022-03-10 00:00:00.000000000
61459,2022-03-10 00:00:00.000000000
38475,2022-03-10 00:00:00.000000000
54404,2022-03-10 07:51:36.692999936
69084,2022-03-10 08:32:33.883000064
61071,2022-03-10 09:28:30.606000128
38259,2022-03-10 09:34:58.622000128
71520,2022-03-10 10:22:09.259000064
76121,2022-03-10 10:43:34.615000064
71336,2022-03-10 12:25:47.431000064
62201,2022-03-10 13:13:16.100000000
03093,2022-03-10 13:13:16.219000064
45332,2022-03-10 13:19:36.822000128
76133,2022-03-10 13:20:52.003000064
45024,2022-03-10 13:33:07.609999872
26116,2022-03-10 13:36:00.281999872
07198,2022-03-10 13:58:16.900000000
22046,2022-03-10 13:59:48.128999936
26234,2022-03-10 15:06:15.680000000
79253,2022-03-10 15:19:19.268999936
39306,2022-03-10 15:52:00.879000064
89216,2022-03-10 15:55:29.983000064
51086,2022-03-10 21:41:06.523000064
16066,2022-03-11 00:00:00.000000000
29030,2022-03-11 00:00:00.000000000
24172,2022-03-11 00:00:00.000000000
58027,2022-03-11 07:36:20.628000000
57145,2022-03-11 09:01:40.964000000
56009,2022-03-11 09:35:07.104000000
89163,2022-03-11 10:49:27.244000000
24242,2022-03-11 11:10:01.216999936
60463,2022-03-11 13:31:29.107000064
27139,2022-03-11 14:08:55.464000000
87112,2022-03-11 14:08:56.767000064
79302,2022-03-11 14:14:59.881999872
36100,2022-03-11 14:16:07.273999872
34341,2022-03-11 16:37:25.872999936
63463,2022-03-12 07:55:34.340999936
54011,2022-03-12 08:32:08.310000128
23217,2022-03-12 09:14:24.116000000
89265,2022-03-12 10:46:59.816000000
29244,2022-03-13 10:05:23.183000064
72007,2022-03-14 00:00:00.000000000
54143,2022-03-14 00:00:00.000000000
28168,2022-03-14 00:00:00.000000000
95257,2022-03-14 00:00:00.000000000
82036,2022-03-14 00:00:00.000000000
71534,2022-03-14 00:00:00.000000000
83122,2022-03-14 00:00:00.000000000
81144,2022-03-14 00:00:00.000000000
37190,2022-03-14 00:00:00.000000000
64493,2022-03-14 00:00:00.000000000
46303,2022-03-14 00:00:00.000000000
40133,2022-03-14 07:30:43.232999936
48105,2022-03-14 07:47:41.792000000
48010,2022-03-14 07:51:16.024999936
48019,2022-03-14 07:52:35.535000064
48089,2022-03-14 07:54:09.518000128
12281,2022-03-14 07:55:44.612999936
48009,2022-03-14 07:56:42.550000128
76235,2022-03-14 08:52:46.619000064
37167,2022-03-14 08:55:48.334000128
33225,2022-03-14 08:58:25.479000064
33227,2022-03-14 09:46:59.049999872
79329,2022-03-14 09:52:33.436999936
32307,2022-03-14 10:25:04.235000064
46183,2022-03-14 10:41:23.559000064
86003,2022-03-14 10:43:16.176999936
84094,2022-03-14 12:15:46.692999936
82068,2022-03-14 12:31:23.748000000
37012,2022-03-14 13:06:14.904999936
54054,2022-03-14 13:13:13.489999872
38339,2022-03-14 13:30:10.559000064
15107,2022-03-14 13:47:36.904000000
29171,2022-03-14 14:03:49.833999872
17359,2022-03-14 14:27:01.777999872
80582,2022-03-14 14:45:16.376000000
01171,2022-03-14 14:45:57.692000000
80776,2022-03-14 17:05:32.396999936
46043,2022-03-15 00:00:00.000000000
30114,2022-03-15 00:00:00.000000000
22065,2022-03-15 00:00:00.000000000
83152,2022-03-15 00:00:00.000000000
14543,2022-03-15 00:00:00.000000000
46255,2022-03-15 00:00:00.000000000
14637,2022-03-15 00:00:00.000000000
21681,2022-03-15 00:00:00.000000000
39572,2022-03-15 00:00:00.000000000
56022,2022-03-15 08:29:06.969999872
71325,2022-03-15 08:39:07.006000128
02426,2022-03-15 08:47:53.385999872
07240,2022-03-15 09:11:34.776000000
60209,2022-03-15 09:12:22.068000000
80438,2022-03-15 09:47:47.172999936
07266,2022-03-15 09:57:31.734000128
83043,2022-03-15 10:22:42.928000000
12161,2022-03-15 12:45:39.900999936
40131,2022-03-15 13:25:52.864999936
13013,2022-03-15 14:11:20.240000000
71540,2022-03-15 14:54:44.422000128
04179,2022-03-15 16:42:47.175000064
54568,2022-03-15 17:19:04.188000000
60045,2022-03-16 00:00:00.000000000
21083,2022-03-16 00:00:00.000000000
37062,2022-03-16 00:00:00.000000000
37163,2022-03-16 00:00:00.000000000
50379,2022-03-16 00:00:00.000000000
69164,2022-03-16 00:00:00.000000000
57562,2022-03-16 00:00:00.000000000
69181,2022-03-16 00:00:00.000000000
02834,2022-03-16 00:00:00.000000000
23172,2022-03-16 07:52:55.383000064
28233,2022-03-16 08:01:45.720999936
89091,2022-03-16 08:06:49.633999872
66112,2022-03-16 08:30:27.300000000
15241,2022-03-16 09:18:58.889999872
35224,2022-03-16 09:58:13.092999936
56244,2022-03-16 11:01:15.484999936
78380,2022-03-16 12:24:08.071000064
80310,2022-03-16 13:25:29.334000128
73281,2022-03-16 13:41:21.712999936
80484,2022-03-16 13:51:24.519000064
60183,2022-03-16 14:41:23.612000000
87142,2022-03-16 14:50:33.217999872
27252,2022-03-16 15:49:58.476000000
33389,2022-03-16 18:29:28.019000064
2B314,2022-03-16 20:34:44.974000128
07184,2022-03-16 22:01:16.159000064
35013,2022-03-17 00:00:00.000000000
81039,2022-03-17 00:00:00.000000000
49107,2022-03-17 00:00:00.000000000
71177,2022-03-17 00:00:00.000000000
71259,2022-03-17 00:00:00.000000000
91378,2022-03-17 00:00:00.000000000
90079,2022-03-17 00:00:00.000000000
11052,2022-03-17 08:08:53.323000064
13082,2022-03-17 08:10:11.769999872
03227,2022-03-17 08:54:55.459000064
58243,2022-03-17 09:46:29.895000064
28254,2022-03-17 09:55:44.163000064
41167,2022-03-17 10:43:20.710000128
17193,2022-03-17 10:53:23.656999936
71248,2022-03-17 12:42:25.552000000
31187,2022-03-17 13:17:32.199000064
80368,2022-03-17 13:40:32.144000000
04237,2022-03-17 13:43:33.508000000
58125,2022-03-17 13:46:12.747000064
71345,2022-03-17 13:55:48.444000000
71533,2022-03-17 13:56:09.841999872
71127,2022-03-17 13:56:42.432000000
71584,2022-03-17 13:57:47.977999872
71455,2022-03-17 13:58:05.675000064
71493,2022-03-17 13:58:52.096999936
71528,2022-03-17 14:06:02.204000000
09079,2022-03-17 14:19:58.312999936
12212,2022-03-17 14:31:59.932999936
61041,2022-03-17 14:47:42.891000064
45021,2022-03-17 14:54:44.344000000
65029,2022-03-17 15:16:35.262000128
19164,2022-03-17 15:27:06.227000064
32123,2022-03-18 00:00:00.000000000
61215,2022-03-18 00:00:00.000000000
70353,2022-03-18 00:00:00.000000000
57481,2022-03-18 00:00:00.000000000
37199,2022-03-18 00:00:00.000000000
14555,2022-03-18 00:00:00.000000000
12287,2022-03-18 00:00:00.000000000
35360,2022-03-18 07:58:19.001999872
91286,2022-03-18 08:23:45.039000064
45182,2022-03-18 08:32:42.172000000
55401,2022-03-18 09:32:47.070000128
23027,2022-03-18 09:42:40.353999872
13051,2022-03-18 10:37:52.712000000
12094,2022-03-18 12:55:38.039000064
41145,2022-03-18 13:41:54.799000064
71284,2022-03-18 14:18:50.152999936
54601,2022-03-18 14:33:18.387000064
66234,2022-03-18 15:54:26.745999872
45153,2022-03-18 16:17:53.799000064
71475,2022-03-18 19:44:11.689999872
69175,2022-03-19 00:00:00.000000000
67460,2022-03-20 08:24:34.934000128
26040,2022-03-21 00:00:00.000000000
25066,2022-03-21 00:00:00.000000000
46059,2022-03-21 00:00:00.000000000
11232,2022-03-21 00:00:00.000000000
26262,2022-03-21 00:00:00.000000000
61439,2022-03-21 00:00:00.000000000
11369,2022-03-21 08:55:59.963000064
05173,2022-03-21 09:16:58.251000064
72071,2022-03-21 10:12:39.409999872
05044,2022-03-21 10:39:27.140000000
43077,2022-03-21 10:51:03.223000064
02255,2022-03-21 15:30:32.692000000
37029,2022-03-22 00:00:00.000000000
24124,2022-03-22 00:00:00.000000000
43260,2022-03-22 00:00:00.000000000
19270,2022-03-22 00:00:00.000000000
37268,2022-03-22 00:00:00.000000000
51188,2022-03-22 08:26:22.359000064
46031,2022-03-22 08:40:01.892999936
10320,2022-03-22 10:32:22.459000064
2B327,2022-03-22 10:57:02.924000000
87108,2022-03-22 12:00:57.884000000
71164,2022-03-22 13:44:08.116999936
41274,2022-03-22 14:22:18.744000000
2B015,2022-03-22 15:19:02.056999936
11426,2022-03-22 15:29:34.816999936
33182,2022-03-22 15:45:47.625999872
60367,2022-03-22 15:52:10.252999936
84001,2022-03-22 16:21:13.225999872
32118,2022-03-22 18:02:54.504999936
02031,2022-03-23 00:00:00.000000000
32039,2022-03-23 00:00:00.000000000
26047,2022-03-23 00:00:00.000000000
60138,2022-03-23 00:00:00.000000000
39464,2022-03-23 00:00:00.000000000
70487,2022-03-23 00:00:00.000000000
71515,2022-03-23 00:00:00.000000000
01175,2022-03-23 07:12:33.609999872
43005,2022-03-23 08:15:15.584000000
12127,2022-03-23 10:24:32.934000128
08304,2022-03-23 10:40:52.361999872
76600,2022-03-23 11:13:12.832000000
27245,2022-03-23 11:22:53.256999936
69092,2022-03-23 11:28:01.483000064
39447,2022-03-23 11:50:28.433999872
80813,2022-03-23 13:29:23.500999936
07300,2022-03-23 13:31:34.776000000
56212,2022-03-23 14:15:20.791000064
91435,2022-03-23 14:18:02.648999936
02339,2022-03-23 14:56:37.000999936
15022,2022-03-23 15:59:02.760000000
63025,2022-03-24 00:00:00.000000000
81202,2022-03-24 00:00:00.000000000
38462,2022-03-24 00:00:00.000000000
71485,2022-03-24 00:00:00.000000000
61097,2022-03-24 09:11:58.256999936
39333,2022-03-24 09:38:22.080000000
2B225,2022-03-24 09:54:36.888999936
87094,2022-03-24 09:59:50.872999936
12208,2022-03-24 10:08:35.496999936
50472,2022-03-24 10:21:48.104999936
87002,2022-03-24 10:39:25.084999936
26282,2022-03-24 13:04:38.047000064
22259,2022-03-24 13:10:16.438000128
04236,2022-03-24 13:19:32.664999936
15134,2022-03-24 13:51:57.591000064
35018,2022-03-24 14:09:00.236000000
82050,2022-03-24 14:16:57.972000000
55054,2022-03-24 15:14:41.368999936
21180,2022-03-24 15:23:42.432999936
45262,2022-03-24 15:34:55.744999936
58228,2022-03-24 18:23:52.128999936
16024,2022-03-25 00:00:00.000000000
71124,2022-03-25 00:00:00.000000000
39470,2022-03-25 00:00:00.000000000
39493,2022-03-25 00:00:00.000000000
43211,2022-03-25 00:00:00.000000000
44199,2022-03-25 00:00:00.000000000
33288,2022-03-25 07:42:00.380999936
32229,2022-03-25 08:09:53.648000000
03173,2022-03-25 08:57:40.756999936
31028,2022-03-25 09:39:49.948999936
95060,2022-03-25 10:34:04.436000000
64230,2022-03-25 10:49:35.884999936
47169,2022-03-25 14:33:17.902000128
38172,2022-03-25 14:33:40.435000064
27425,2022-03-25 14:57:21.868000000
65258,2022-03-25 15:06:34.568000000
03159,2022-03-25 15:07:55.462000128
21383,2022-03-26 06:01:06.027000064
33552,2022-03-26 08:31:35.743000064
12240,2022-03-26 15:15:03.044000000
31215,2022-03-26 21:12:40.548999936
51260,2022-03-28 00:00:00.000000000
24234,2022-03-28 00:00:00.000000000
64340,2022-03-28 00:00:00.000000000
19151,2022-03-28 00:00:00.000000000
77405,2022-03-28 00:00:00.000000000
63388,2022-03-28 00:00:00.000000000
88079,2022-03-28 07:32:28.579000064
01382,2022-03-28 07:34:38.600000000
44189,2022-03-28 08:00:22.672000000
30019,2022-03-28 08:43:49.456999936
41093,2022-03-28 09:00:24.988000000
46225,2022-03-28 09:08:49.457999872
64336,2022-03-28 09:37:49.500999936
31249,2022-03-28 09:39:02.856999936
04202,2022-03-28 09:44:33.064999936
24335,2022-03-28 12:24:04.929999872
07327,2022-03-28 12:32:09.488000000
18263,2022-03-28 15:52:02.680000000
31006,2022-03-29 00:00:00.000000000
81028,2022-03-29 00:00:00.000000000
66022,2022-03-29 00:00:00.000000000
38102,2022-03-29 00:00:00.000000000
71184,2022-03-29 00:00:00.000000000
45144,2022-03-29 00:00:00.000000000
31325,2022-03-29 00:00:00.000000000
51430,2022-03-29 00:00:00.000000000
84122,2022-03-29 00:00:00.000000000
25627,2022-03-29 00:00:00.000000000
77296,2022-03-29 06:54:15.563000064
70472,2022-03-29 07:18:52.054000128
68244,2022-03-29 07:33:03.929999872
46266,2022-03-29 08:54:57.916000000
84024,2022-03-29 09:34:23.288999936
51259,2022-03-29 09:39:00.156999936
04115,2022-03-29 09:46:36.927000064
33363,2022-03-29 11:37:58.272000000
50601,2022-03-29 11:58:47.264999936
30069,2022-03-29 12:16:26.833999872
69179,2022-03-29 12:22:40.712999936
80494,2022-03-29 12:24:33.180999936
26324,2022-03-29 12:41:10.924000000
39576,2022-03-29 12:58:03.249999872
33172,2022-03-29 13:39:36.593999872
19133,2022-03-29 13:45:11.459000064
90006,2022-03-29 15:50:33.452000000
51490,2022-03-29 15:51:40.044000000
46339,2022-03-29 16:42:24.595000064
51530,2022-03-29 16:58:59.360000000
51641,2022-03-29 18:00:15.848999936
61015,2022-03-30 00:00:00.000000000
81054,2022-03-30 00:00:00.000000000
72086,2022-03-30 00:00:00.000000000
81089,2022-03-30 00:00:00.000000000
46309,2022-03-30 06:42:10.999000064
18021,2022-03-30 07:34:16.472000000
87073,2022-03-30 07:49:36.604999936
33168,2022-03-30 07:58:11.180999936
58142,2022-03-30 08:04:12.176999936
33386,2022-03-30 08:06:24.729999872
57123,2022-03-30 08:13:32.124000000
87049,2022-03-30 09:12:46.406000128
31029,2022-03-30 10:20:07.292999936
23057,2022-03-30 11:23:48.566000128
55545,2022-03-30 11:26:30.856000000
69004,2022-03-30 12:02:08.734000128
05011,2022-03-30 12:29:43.175000064
56233,2022-03-30 13:13:37.348999936
32407,2022-03-30 13:51:58.776000000
84020,2022-03-30 14:07:15.521999872
57713,2022-03-30 14:32:15.950000128
51488,2022-03-30 16:26:07.140000000
56033,2022-03-31 00:00:00.000000000
18073,2022-03-31 00:00:00.000000000
37232,2022-03-31 00:00:00.000000000
05057,2022-03-31 00:00:00.000000000
07179,2022-03-31 00:00:00.000000000
34198,2022-03-31 00:00:00.000000000
07272,2022-03-31 00:00:00.000000000
72336,2022-03-31 00:00:00.000000000
46203,2022-03-31 06:25:53.790000128
39149,2022-03-31 06:40:21.009999872
69027,2022-03-31 07:56:17.875000064
2A198,2022-03-31 08:03:13.200000000
69172,2022-03-31 08:13:06.004000000
22219,2022-03-31 08:19:00.544999936
67373,2022-03-31 09:04:47.695000064
69099,2022-03-31 09:46:47.166000128
38004,2022-03-31 09:51:20.048000000
04006,2022-03-31 12:06:42.584999936
71024,2022-03-31 12:41:28.784999936
83026,2022-03-31 12:59:38.801999872
50565,2022-03-31 14:00:30.206000128
41134,2022-03-31 14:42:46.289999872
01115,2022-03-31 15:45:31.433999872
46065,2022-03-31 15:52:04.715000064
51601,2022-03-31 16:17:30.742000128
02233,2022-03-31 16:41:49.968000000
27010,2022-04-01 00:00:00.000000000
02587,2022-04-01 00:00:00.000000000
47210,2022-04-01 00:00:00.000000000
42184,2022-04-01 00:00:00.000000000
46259,2022-04-01 00:00:00.000000000
35280,2022-04-01 00:00:00.000000000
24500,2022-04-01 00:00:00.000000000
12252,2022-04-01 00:00:00.000000000
87031,2022-04-01 07:10:03.651000064
83097,2022-04-01 07:21:40.784999936
48016,2022-04-01 07:42:00.065999872
86293,2022-04-01 07:48:23.745999872
87186,2022-04-01 07:52:00.824000000
68087,2022-04-01 08:04:08.273999872
71502,2022-04-01 09:09:28.763000064
80308,2022-04-01 09:41:02.742000128
24370,2022-04-01 10:13:23.080999936
43066,2022-04-01 11:04:41.628000000
77124,2022-04-01 12:49:45.624999936
51037,2022-04-01 12:57:59.271000064
32254,2022-04-01 14:36:40.975000064
71063,2022-04-01 15:33:39.193999872
80114,2022-04-02 08:13:20.704999936
77089,2022-04-02 09:02:30.750000128
39428,2022-04-02 13:31:57.303000064
21221,2022-04-03 10:37:31.280999936
59302,2022-04-04 00:00:00.000000000
81133,2022-04-04 00:00:00.000000000
12122,2022-04-04 00:00:00.000000000
04090,2022-04-04 00:00:00.000000000
18165,2022-04-04 00:00:00.000000000
2B339,2022-04-04 00:00:00.000000000
07333,2022-04-04 07:35:09.524000000
59412,2022-04-04 08:51:45.404999936
87027,2022-04-04 09:00:17.340999936
79304,2022-04-04 09:14:21.620000000
82071,2022-04-04 09:25:24.862000128
01079,2022-04-04 09:57:37.721999872
38548,2022-04-04 10:44:01.736999936
51153,2022-04-04 11:50:03.352000000
42148,2022-04-04 11:59:44.198000128
69086,2022-04-04 12:35:02.372999936
45310,2022-04-04 13:01:44.419000064
57576,2022-04-04 13:04:54.404000000
81213,2022-04-05 00:00:00.000000000
21523,2022-04-05 00:00:00.000000000
19216,2022-04-05 00:00:00.000000000
91600,2022-04-05 00:00:00.000000000
81290,2022-04-05 00:00:00.000000000
12301,2022-04-05 00:00:00.000000000
81318,2022-04-05 00:00:00.000000000
45342,2022-04-05 00:00:00.000000000
81322,2022-04-05 00:00:00.000000000
32160,2022-04-05 08:35:23.640999936
2B124,2022-04-05 09:50:48.704999936
13058,2022-04-05 09:50:56.726000128
83029,2022-04-05 15:48:03.260000000
71313,2022-04-05 22:41:19.980999936
82075,2022-04-06 00:00:00.000000000
81137,2022-04-06 00:00:00.000000000
24288,2022-04-06 00:00:00.000000000
34235,2022-04-06 00:03:08.352000000
70311,2022-04-06 06:31:39.484999936
51605,2022-04-06 06:56:11.377999872
49331,2022-04-06 07:30:13.419000064
07019,2022-04-06 07:58:14.248999936
32014,2022-04-06 08:21:38.800999936
61345,2022-04-06 08:23:42.659000064
13048,2022-04-06 09:29:31.862000128
31434,2022-04-06 10:07:24.256999936
04204,2022-04-06 10:12:24.136999936
46240,2022-04-06 13:31:42.123000064
31124,2022-04-06 16:57:23.289999872
65442,2022-04-06 19:46:55.350000128
86103,2022-04-07 00:00:00.000000000
67454,2022-04-07 00:00:00.000000000
51154,2022-04-07 07:40:14.369999872
50471,2022-04-07 07:46:32.036000000
91086,2022-04-07 07:46:48.204000000
07027,2022-04-07 08:44:06.932000000
60006,2022-04-07 09:05:14.483000064
86081,2022-04-07 09:26:47.036000000
26057,2022-04-07 10:05:18.953999872
36217,2022-04-07 11:54:54.084999936
36057,2022-04-07 12:24:39.948000000
51436,2022-04-07 12:41:25.676000000
39522,2022-04-07 13:54:26.529999872
45266,2022-04-07 15:28:26.606000128
69145,2022-04-07 15:43:18.300999936
51577,2022-04-07 15:43:48.275000064
64023,2022-04-07 15:54:11.756000000
38035,2022-04-08 00:00:00.000000000
81078,2022-04-08 00:00:00.000000000
56075,2022-04-08 00:00:00.000000000
81129,2022-04-08 00:00:00.000000000
81157,2022-04-08 00:00:00.000000000
41143,2022-04-08 00:00:00.000000000
81179,2022-04-08 00:00:00.000000000
91461,2022-04-08 00:00:00.000000000
59632,2022-04-08 00:00:00.000000000
64348,2022-04-08 06:48:14.048000000
67016,2022-04-08 08:57:10.904000000
37091,2022-04-08 09:24:32.934000128
41220,2022-04-08 10:20:39.351000064
84019,2022-04-08 10:44:38.304999936
2B058,2022-04-08 11:14:22.688000000
2B030,2022-04-08 11:20:27.507000064
56124,2022-04-08 12:21:16.439000064
21219,2022-04-08 13:49:06.348999936
2B248,2022-04-08 13:57:43.048999936
71158,2022-04-08 14:14:39.110000128
38487,2022-04-08 14:39:47.968999936
02643,2022-04-09 15:52:41.720000000
64206,2022-04-10 00:00:00.000000000
49160,2022-04-10 00:00:00.000000000
68372,2022-04-10 06:25:20.812999936
61286,2022-04-10 13:53:43.384999936
51208,2022-04-11 00:00:00.000000000
32150,2022-04-11 00:00:00.000000000
81203,2022-04-11 00:00:00.000000000
60539,2022-04-11 00:00:00.000000000
39526,2022-04-11 00:00:00.000000000
63471,2022-04-11 00:00:00.000000000
56248,2022-04-11 07:16:58.640999936
38012,2022-04-11 07:48:09.790000128
45183,2022-04-11 08:41:25.731000064
61314,2022-04-11 08:51:25.094000128
43012,2022-04-11 09:03:09.104999936
71026,2022-04-11 09:04:08.280999936
63104,2022-04-11 11:45:09.007000064
29284,2022-04-11 12:22:10.807000064
15055,2022-04-11 12:51:19.817999872
37083,2022-04-12 00:00:00.000000000
46117,2022-04-12 00:00:00.000000000
24212,2022-04-12 00:00:00.000000000
49201,2022-04-12 00:00:00.000000000
81118,2022-04-12 00:00:00.000000000
81151,2022-04-12 00:00:00.000000000
81183,2022-04-12 00:00:00.000000000
37188,2022-04-12 00:00:00.000000000
81262,2022-04-12 00:00:00.000000000
86104,2022-04-12 07:01:49.892999936
64518,2022-04-12 08:07:44.064000000
37124,2022-04-12 08:45:41.096000000
69235,2022-04-12 08:47:12.799000064
83117,2022-04-12 08:57:29.132000000
2B112,2022-04-12 09:00:51.064000000
32440,2022-04-12 09:04:56.036000000
38557,2022-04-12 09:12:52.280999936
33442,2022-04-12 11:27:50.737999872
18258,2022-04-12 12:35:50.235000064
47157,2022-04-12 12:46:53.639000064
15113,2022-04-12 13:35:17.687000064
57109,2022-04-12 14:17:27.072999936
63139,2022-04-12 14:27:37.540000000
46107,2022-04-12 15:11:20.071000064
25121,2022-04-12 15:18:51.544000000
16112,2022-04-13 00:00:00.000000000
19067,2022-04-13 00:00:00.000000000
46089,2022-04-13 00:00:00.000000000
57589,2022-04-13 00:00:00.000000000
81255,2022-04-13 00:00:00.000000000
37249,2022-04-13 00:00:00.000000000
71271,2022-04-13 06:50:09.852000000
80493,2022-04-13 08:03:57.499000064
86284,2022-04-13 08:04:29.996000000
07005,2022-04-13 08:51:49.412999936
56114,2022-04-13 10:34:00.652999936
64041,2022-04-14 00:00:00.000000000
32066,2022-04-14 00:00:00.000000000
38072,2022-04-14 00:00:00.000000000
81094,2022-04-14 00:00:00.000000000
81263,2022-04-14 00:00:00.000000000
81278,2022-04-14 00:00:00.000000000
31545,2022-04-14 00:00:00.000000000
38515,2022-04-14 06:33:30.916999936
80274,2022-04-14 07:15:42.604000000
38120,2022-04-14 08:03:51.929999872
07014,2022-04-14 08:05:24.812999936
04160,2022-04-14 08:32:13.064999936
33464,2022-04-14 09:11:47.009999872
2B218,2022-04-14 10:08:32.116999936
30016,2022-04-14 11:33:46.775000064
69108,2022-04-14 12:12:25.232000000
04111,2022-04-14 13:03:15.732999936
69190,2022-04-14 13:31:13.812000000
31508,2022-04-14 13:32:54.824999936
61342,2022-04-14 14:02:45.777999872
62802,2022-04-14 15:23:44.552999936
10055,2022-04-15 00:00:00.000000000
13050,2022-04-15 00:00:00.000000000
35282,2022-04-15 00:00:00.000000000
58086,2022-04-15 06:41:28.768999936
03020,2022-04-15 07:20:20.440000000
69038,2022-04-15 07:44:42.584000000
39321,2022-04-15 11:59:43.497999872
69159,2022-04-15 12:48:33.776999936
03050,2022-04-16 00:00:00.000000000
43175,2022-04-18 13:39:11.815000064
72047,2022-04-19 00:00:00.000000000
81096,2022-04-19 00:00:00.000000000
26329,2022-04-19 00:00:00.000000000
46237,2022-04-19 07:34:07.384999936
39021,2022-04-19 07:54:43.220000000
46069,2022-04-19 08:22:45.839000064
87037,2022-04-19 08:37:38.223000064
41212,2022-04-19 09:02:50.561999872
29023,2022-04-19 09:06:55.249999872
29301,2022-04-19 11:39:52.404000000
15013,2022-04-19 12:17:07.017999872
71090,2022-04-19 13:15:56.396999936
59104,2022-04-19 13:31:19.439000064
32239,2022-04-19 14:02:37.081999872
32142,2022-04-19 14:47:43.121999872
21141,2022-04-19 16:15:30.508999936
11001,2022-04-20 00:00:00.000000000
80201,2022-04-20 00:00:00.000000000
80217,2022-04-20 00:00:00.000000000
76255,2022-04-20 00:00:00.000000000
81132,2022-04-20 00:00:00.000000000
81109,2022-04-20 00:00:00.000000000
81224,2022-04-20 00:00:00.000000000
81181,2022-04-20 00:00:00.000000000
81320,2022-04-20 00:00:00.000000000
12120,2022-04-20 09:14:24.304999936
89087,2022-04-20 09:40:21.280000000
63448,2022-04-20 13:13:27.636000000
29128,2022-04-20 13:25:07.479000064
31146,2022-04-20 14:14:41.620999936
70440,2022-04-20 14:40:05.830000128
97304,2022-04-20 15:15:04.527000064
54009,2022-04-21 00:00:00.000000000
80028,2022-04-21 00:00:00.000000000
07037,2022-04-21 00:00:00.000000000
69032,2022-04-21 00:00:00.000000000
24098,2022-04-21 00:00:00.000000000
49090,2022-04-21 00:00:00.000000000
46184,2022-04-21 00:00:00.000000000
81289,2022-04-21 00:00:00.000000000
76692,2022-04-21 00:00:00.000000000
87036,2022-04-21 06:55:47.012000000
62879,2022-04-21 07:54:30.728000000
38138,2022-04-21 08:02:26.096999936
38050,2022-04-21 08:18:08.132000000
31066,2022-04-21 08:39:02.232000000
68349,2022-04-21 09:23:22.622000128
46134,2022-04-21 09:44:06.516000000
23089,2022-04-21 09:51:40.748999936
12052,2022-04-21 12:52:26.803000064
33506,2022-04-21 14:17:02.052000000
83105,2022-04-21 14:34:20.920000000
54086,2022-04-21 14:56:48.700000000
63393,2022-04-21 15:19:11.908999936
80081,2022-04-22 00:00:00.000000000
33233,2022-04-22 00:00:00.000000000
51325,2022-04-22 00:00:00.000000000
30158,2022-04-22 00:00:00.000000000
41152,2022-04-22 00:00:00.000000000
43241,2022-04-22 00:00:00.000000000
11437,2022-04-22 00:00:00.000000000
2B233,2022-04-22 07:22:14.320000000
03285,2022-04-22 07:43:19.607000064
07262,2022-04-22 07:57:09.608999936
29271,2022-04-22 08:51:47.916999936
82187,2022-04-22 12:09:41.316000000
69140,2022-04-22 12:37:41.988000000
80756,2022-04-22 13:09:08.652999936
47165,2022-04-22 13:31:09.039000064
37176,2022-04-22 13:31:26.148999936
37001,2022-04-22 14:52:26.924000000
49299,2022-04-22 14:57:54.953999872
69206,2022-04-22 16:25:27.524999936
69242,2022-04-22 16:41:31.779000064
67110,2022-04-23 08:13:09.294000128
32365,2022-04-23 09:01:16.649999872
63118,2022-04-23 10:07:04.184000000
30197,2022-04-23 15:29:02.464000000
32346,2022-04-23 16:03:26.545999872
48030,2022-04-23 18:13:04.398000128
69062,2022-04-24 00:00:00.000000000
58101,2022-04-24 00:00:00.000000000
51288,2022-04-24 00:00:00.000000000
80833,2022-04-24 12:16:42.227000064
51566,2022-04-24 17:13:15.145999872
89017,2022-04-25 00:00:00.000000000
88090,2022-04-25 00:00:00.000000000
55274,2022-04-25 00:00:00.000000000
19165,2022-04-25 00:00:00.000000000
81230,2022-04-25 00:00:00.000000000
38377,2022-04-25 00:00:00.000000000
83118,2022-04-25 00:00:00.000000000
58236,2022-04-25 00:00:00.000000000
21694,2022-04-25 00:00:00.000000000
81325,2022-04-25 00:00:00.000000000
57540,2022-04-25 07:43:03.739000064
71590,2022-04-25 08:06:58.985999872
29148,2022-04-25 08:11:23.705999872
51344,2022-04-25 10:35:52.824000000
2B159,2022-04-25 11:56:23.038000128
41297,2022-04-25 12:09:10.848000000
41055,2022-04-25 12:20:44.719000064
01374,2022-04-25 13:00:36.472000000
33366,2022-04-25 13:40:42.359000064
51012,2022-04-25 13:45:38.828999936
55481,2022-04-25 14:01:01.004999936
51073,2022-04-25 14:01:53.457999872
51527,2022-04-25 14:07:45.680000000
38112,2022-04-25 15:01:32.248999936
80698,2022-04-25 15:59:49.412000000
38369,2022-04-25 16:31:55.595000064
07160,2022-04-25 17:12:27.217999872
71034,2022-04-26 00:00:00.000000000
19033,2022-04-26 00:00:00.000000000
29039,2022-04-26 00:00:00.000000000
55162,2022-04-26 00:00:00.000000000
69078,2022-04-26 00:00:00.000000000
64240,2022-04-26 00:00:00.000000000
49174,2022-04-26 00:00:00.000000000
65226,2022-04-26 00:00:00.000000000
81135,2022-04-26 00:00:00.000000000
18145,2022-04-26 00:00:00.000000000
12152,2022-04-26 00:00:00.000000000
07186,2022-04-26 00:00:00.000000000
67400,2022-04-26 00:00:00.000000000
19209,2022-04-26 00:00:00.000000000
62814,2022-04-26 00:00:00.000000000
47311,2022-04-26 00:00:00.000000000
41289,2022-04-26 00:00:00.000000000
34229,2022-04-26 07:59:48.553999872
29017,2022-04-26 08:39:31.697999872
56152,2022-04-26 10:33:15.596999936
47310,2022-04-26 11:48:38.992999936
81269,2022-04-26 13:52:05.564000000
45031,2022-04-26 14:47:29.273999872
61418,2022-04-26 15:08:36.481999872
67479,2022-04-26 16:02:13.256000000
37282,2022-04-26 17:05:48.607000064
37007,2022-04-27 00:00:00.000000000
63035,2022-04-27 00:00:00.000000000
86191,2022-04-27 00:00:00.000000000
41226,2022-04-27 00:00:00.000000000
21464,2022-04-27 08:37:40.332999936
95288,2022-04-27 09:27:35.556999936
33393,2022-04-27 09:36:53.811000064
22107,2022-04-27 09:44:28.164999936
80026,2022-04-27 10:27:27.832000000
47114,2022-04-27 10:57:45.776999936
37047,2022-04-27 12:13:26.468000000
01387,2022-04-27 12:21:05.865999872
62132,2022-04-27 12:42:04.104999936
50101,2022-04-27 12:58:32.032000000
50617,2022-04-27 13:00:48.313999872
86145,2022-04-27 13:43:11.456000000
03045,2022-04-27 13:44:49.001999872
18192,2022-04-27 14:12:47.080000000
70094,2022-04-27 14:22:39.840000000
05037,2022-04-28 00:00:00.000000000
08163,2022-04-28 00:00:00.000000000
81159,2022-04-28 00:00:00.000000000
31440,2022-04-28 00:00:00.000000000
12278,2022-04-28 00:00:00.000000000
49292,2022-04-28 00:00:00.000000000
83001,2022-04-28 06:17:55.371000064
71330,2022-04-28 07:52:50.244999936
2B012,2022-04-28 08:24:57.193999872
63135,2022-04-28 09:36:11.124000000
71433,2022-04-28 09:48:45.160999936
61307,2022-04-28 09:53:19.951000064
69288,2022-04-28 10:15:49.443000064
07054,2022-04-28 12:06:24.529999872
04235,2022-04-28 12:24:04.368000000
29143,2022-04-28 12:37:26.408999936
70216,2022-04-28 13:18:01.308999936
82009,2022-04-28 13:32:04.945999872
16422,2022-04-28 13:48:05.631000064
71450,2022-04-28 14:05:00.716000000
71126,2022-04-28 14:13:21.240000000
89480,2022-04-28 14:30:16.444000000
63357,2022-04-28 15:23:38.951000064
50305,2022-04-28 15:33:23.220000000
82007,2022-04-29 00:00:00.000000000
47115,2022-04-29 00:00:00.000000000
37174,2022-04-29 00:00:00.000000000
72224,2022-04-29 00:00:00.000000000
43205,2022-04-29 00:00:00.000000000
45293,2022-04-29 00:00:00.000000000
19236,2022-04-29 00:00:00.000000000
87187,2022-04-29 00:00:00.000000000
47244,2022-04-29 00:00:00.000000000
11379,2022-04-29 00:00:00.000000000
67473,2022-04-29 00:00:00.000000000
15236,2022-04-29 00:00:00.000000000
63121,2022-04-29 06:55:12.451000064
64237,2022-04-29 07:25:45.208999936
71524,2022-04-29 07:41:18.465999872
04050,2022-04-29 07:43:29.289999872
18152,2022-04-29 08:34:35.236999936
89291,2022-04-29 08:53:17.089999872
64373,2022-04-29 09:31:36.652000000
07143,2022-04-29 09:43:46.945999872
37079,2022-04-29 11:49:49.660000000
47093,2022-04-29 11:52:09.555000064
01231,2022-04-29 12:22:58.700000000
27302,2022-04-29 12:52:57.603000064
61142,2022-04-29 12:58:15.656999936
82143,2022-04-29 13:06:25.004000000
04177,2022-04-29 13:23:04.001999872
08284,2022-04-29 14:57:27.812000000
62650,2022-04-29 16:09:07.952000000
65413,2022-04-30 08:19:40.678000128
80067,2022-04-30 08:53:16.420000000
89162,2022-04-30 09:22:05.160999936
54067,2022-05-02 00:00:00.000000000
47056,2022-05-02 00:00:00.000000000
05077,2022-05-02 00:00:00.000000000
68260,2022-05-02 00:00:00.000000000
61352,2022-05-02 00:00:00.000000000
71479,2022-05-02 00:00:00.000000000
72333,2022-05-02 00:00:00.000000000
57712,2022-05-02 00:00:00.000000000
29135,2022-05-02 06:16:32.247000064
80153,2022-05-02 07:26:06.608000000
76260,2022-05-02 07:29:11.340000000
38132,2022-05-02 07:35:18.574000128
55384,2022-05-02 07:52:18.480999936
34051,2022-05-02 09:17:21.211000064
32303,2022-05-02 10:30:44.340000000
26126,2022-05-02 11:10:16.804999936
89079,2022-05-02 12:04:29.088999936
54311,2022-05-02 14:14:12.800999936
67344,2022-05-02 14:32:11.209999872
64259,2022-05-03 00:00:00.000000000
67217,2022-05-03 00:00:00.000000000
32323,2022-05-03 00:00:00.000000000
45256,2022-05-03 00:00:00.000000000
51454,2022-05-03 00:00:00.000000000
33416,2022-05-03 00:00:00.000000000
81323,2022-05-03 00:00:00.000000000
22289,2022-05-03 04:18:22.488000000
24274,2022-05-03 06:10:36.524999936
41137,2022-05-03 06:58:30.436999936
39200,2022-05-03 07:09:43.652000000
69045,2022-05-03 09:05:18.694000128
41101,2022-05-03 09:43:54.140999936
80004,2022-05-03 09:55:56.382000128
31263,2022-05-03 11:46:30.500999936
41166,2022-05-03 11:48:48.484000000
31336,2022-05-03 11:48:49.468999936
12273,2022-05-03 12:49:59.744000000
57612,2022-05-03 13:08:42.875000064
30229,2022-05-03 13:27:40.171000064
64140,2022-05-03 13:35:31.686000128
08011,2022-05-03 14:24:06.732000000
49082,2022-05-04 00:00:00.000000000
45093,2022-05-04 00:00:00.000000000
44105,2022-05-04 00:00:00.000000000
24509,2022-05-04 00:00:00.000000000
50225,2022-05-04 06:26:48.988999936
69216,2022-05-04 07:14:52.400000000
80578,2022-05-04 07:44:25.487000064
26353,2022-05-04 08:05:26.942000128
51533,2022-05-04 09:02:51.443000064
56070,2022-05-04 09:14:01.475000064
37116,2022-05-04 09:56:36.368999936
01348,2022-05-04 10:24:20.451000064
41127,2022-05-04 10:25:07.212999936
13015,2022-05-04 11:34:02.812999936
33066,2022-05-04 11:35:24.129999872
41235,2022-05-04 12:27:34.288000000
47113,2022-05-04 12:27:39.033999872
69022,2022-05-04 12:47:00.000000000
68252,2022-05-04 14:55:29.499000064
51496,2022-05-04 19:16:39.704000000
24024,2022-05-05 00:00:00.000000000
72134,2022-05-05 00:00:00.000000000
44077,2022-05-05 00:00:00.000000000
56096,2022-05-05 00:00:00.000000000
23119,2022-05-05 00:00:00.000000000
81163,2022-05-05 00:00:00.000000000
13060,2022-05-05 00:00:00.000000000
39335,2022-05-05 00:00:00.000000000
01305,2022-05-05 00:00:00.000000000
65370,2022-05-05 00:00:00.000000000
47267,2022-05-05 00:00:00.000000000
36220,2022-05-05 00:00:00.000000000
69248,2022-05-05 00:00:00.000000000
58204,2022-05-05 05:54:03.900000000
63103,2022-05-05 05:59:37.985999872
41199,2022-05-05 06:52:34.132000000
36137,2022-05-05 07:25:42.472999936
46180,2022-05-05 07:30:11.896999936
89332,2022-05-05 07:31:25.244000000
30267,2022-05-05 07:46:06.364999936
80259,2022-05-05 08:42:55.539000064
03257,2022-05-05 08:54:47.828000000
56051,2022-05-05 09:53:30.003000064
33298,2022-05-05 11:45:41.048000000
17262,2022-05-05 11:51:01.990000128
04022,2022-05-05 12:34:07.871000064
16028,2022-05-05 13:22:43.404000000
17321,2022-05-05 13:54:30.652000000
34256,2022-05-05 14:42:12.220000000
32227,2022-05-05 14:58:01.638000128
39295,2022-05-05 15:23:10.008000000
81150,2022-05-05 16:07:12.444000000
79172,2022-05-06 00:00:00.000000000
72211,2022-05-06 00:00:00.000000000
06085,2022-05-06 00:00:00.000000000
31441,2022-05-06 00:00:00.000000000
01339,2022-05-06 00:00:00.000000000
51640,2022-05-06 00:00:00.000000000
07325,2022-05-06 05:54:51.308000000
33369,2022-05-06 07:22:37.910000128
80782,2022-05-06 07:32:31.192000000
66196,2022-05-06 08:48:00.790000128
69267,2022-05-06 08:53:22.908999936
51519,2022-05-06 08:53:55.679000064
03107,2022-05-06 09:44:20.740999936
23071,2022-05-06 09:44:47.595000064
15060,2022-05-06 10:25:05.951000064
33008,2022-05-06 13:03:32.835000064
32025,2022-05-06 14:17:43.492000000
05097,2022-05-06 14:26:20.788000000
67530,2022-05-06 14:56:27.801999872
48111,2022-05-06 15:33:54.179000064
55404,2022-05-07 00:00:00.000000000
14023,2022-05-09 00:00:00.000000000
14045,2022-05-09 00:00:00.000000000
80057,2022-05-09 00:00:00.000000000
14063,2022-05-09 00:00:00.000000000
38044,2022-05-09 00:00:00.000000000
14120,2022-05-09 00:00:00.000000000
14130,2022-05-09 00:00:00.000000000
84030,2022-05-09 00:00:00.000000000
14179,2022-05-09 00:00:00.000000000
14245,2022-05-09 00:00:00.000000000
81088,2022-05-09 00:00:00.000000000
14290,2022-05-09 00:00:00.000000000
81102,2022-05-09 00:00:00.000000000
14306,2022-05-09 00:00:00.000000000
14305,2022-05-09 00:00:00.000000000
14536,2022-05-09 00:00:00.000000000
14352,2022-05-09 00:00:00.000000000
14353,2022-05-09 00:00:00.000000000
14103,2022-05-09 00:00:00.000000000
14504,2022-05-09 00:00:00.000000000
14520,2022-05-09 00:00:00.000000000
14032,2022-05-09 00:00:00.000000000
14369,2022-05-09 00:00:00.000000000
04106,2022-05-09 00:00:00.000000000
24247,2022-05-09 00:00:00.000000000
05081,2022-05-09 00:00:00.000000000
14452,2022-05-09 00:00:00.000000000
81207,2022-05-09 00:00:00.000000000
14540,2022-05-09 00:00:00.000000000
14546,2022-05-09 00:00:00.000000000
14601,2022-05-09 00:00:00.000000000
14643,2022-05-09 00:00:00.000000000
69236,2022-05-09 00:00:00.000000000
14666,2022-05-09 00:00:00.000000000
40296,2022-05-09 00:00:00.000000000
14679,2022-05-09 00:00:00.000000000
66205,2022-05-09 00:00:00.000000000
14705,2022-05-09 00:00:00.000000000
14711,2022-05-09 00:00:00.000000000
14672,2022-05-09 00:00:00.000000000
14739,2022-05-09 00:00:00.000000000
14754,2022-05-09 00:00:00.000000000
07346,2022-05-09 00:00:00.000000000
12250,2022-05-09 07:46:51.040999936
56080,2022-05-09 08:28:24.832000000
17140,2022-05-09 08:33:16.137999872
32164,2022-05-09 09:01:46.276000000
92004,2022-05-09 09:13:46.481999872
67293,2022-05-09 11:55:37.079000064
07304,2022-05-09 11:56:57.836000000
66150,2022-05-09 12:33:11.696999936
82048,2022-05-09 13:26:07.635000064
58166,2022-05-09 13:27:21.036999936
80722,2022-05-09 14:12:08.563000064
07033,2022-05-09 14:39:30.811000064
51235,2022-05-09 16:24:35.505999872
45034,2022-05-10 00:00:00.000000000
27101,2022-05-10 00:00:00.000000000
81037,2022-05-10 00:00:00.000000000
45089,2022-05-10 00:00:00.000000000
45100,2022-05-10 00:00:00.000000000
45169,2022-05-10 00:00:00.000000000
45194,2022-05-10 00:00:00.000000000
45197,2022-05-10 00:00:00.000000000
24271,2022-05-10 00:00:00.000000000
21437,2022-05-10 00:00:00.000000000
46218,2022-05-10 00:00:00.000000000
13074,2022-05-10 00:00:00.000000000
13075,2022-05-10 00:00:00.000000000
45272,2022-05-10 00:00:00.000000000
34257,2022-05-10 00:00:00.000000000
69208,2022-05-10 00:00:00.000000000
45282,2022-05-10 00:00:00.000000000
45284,2022-05-10 00:00:00.000000000
45285,2022-05-10 00:00:00.000000000
81258,2022-05-10 00:00:00.000000000
69225,2022-05-10 00:00:00.000000000
24481,2022-05-10 00:00:00.000000000
45298,2022-05-10 00:00:00.000000000
65395,2022-05-10 00:00:00.000000000
14614,2022-05-10 00:00:00.000000000
45302,2022-05-10 00:00:00.000000000
34313,2022-05-10 00:00:00.000000000
03312,2022-05-10 00:00:00.000000000
63467,2022-05-10 00:00:00.000000000
38001,2022-05-10 06:58:38.427000064
61169,2022-05-10 07:22:27.332000000
61274,2022-05-10 08:02:59.102000128
51520,2022-05-10 08:36:15.590000128
87092,2022-05-10 08:48:52.769999872
67135,2022-05-10 08:50:47.059000064
80275,2022-05-10 09:44:28.406000128
91338,2022-05-10 11:48:00.966000128
58164,2022-05-10 12:06:26.683000064
58292,2022-05-10 13:36:45.950000128
43227,2022-05-10 13:47:48.563000064
80176,2022-05-10 14:05:13.676999936
95585,2022-05-10 14:44:07.065999872
80223,2022-05-10 14:45:23.913999872
62632,2022-05-10 14:52:59.680000000
25059,2022-05-10 15:10:28.672999936
80520,2022-05-10 16:51:48.879000064
58257,2022-05-10 17:14:33.523000064
03130,2022-05-10 20:28:11.271000064
07066,2022-05-11 00:00:00.000000000
34193,2022-05-11 00:00:00.000000000
65362,2022-05-11 00:00:00.000000000
69157,2022-05-11 00:00:00.000000000
42283,2022-05-11 05:08:41.344000000
2B241,2022-05-11 06:28:42.775000064
24518,2022-05-11 06:49:12.083000064
46112,2022-05-11 07:22:36.662000128
51535,2022-05-11 07:27:31.152000000
92026,2022-05-11 08:21:50.432999936
80531,2022-05-11 08:43:01.769999872
58156,2022-05-11 08:57:23.859000064
76163,2022-05-11 09:03:48.551000064
41059,2022-05-11 09:55:06.366000128
87194,2022-05-11 11:37:34.172999936
17018,2022-05-11 12:31:44.036999936
13111,2022-05-11 12:49:39.153999872
34053,2022-05-11 13:20:43.292000000
38129,2022-05-11 14:13:13.593999872
59165,2022-05-11 14:33:20.860000000
31076,2022-05-11 15:00:57.524000000
32325,2022-05-11 19:44:07.452999936
85005,2022-05-12 00:00:00.000000000
35007,2022-05-12 00:00:00.000000000
85014,2022-05-12 00:00:00.000000000
80064,2022-05-12 00:00:00.000000000
45043,2022-05-12 00:00:00.000000000
85041,2022-05-12 00:00:00.000000000
05033,2022-05-12 00:00:00.000000000
45072,2022-05-12 00:00:00.000000000
85084,2022-05-12 00:00:00.000000000
45147,2022-05-12 00:00:00.000000000
23192,2022-05-12 00:00:00.000000000
22060,2022-05-12 00:00:00.000000000
85112,2022-05-12 00:00:00.000000000
45075,2022-05-12 00:00:00.000000000
62487,2022-05-12 00:00:00.000000000
46239,2022-05-12 00:00:00.000000000
59403,2022-05-12 00:00:00.000000000
17248,2022-05-12 00:00:00.000000000
45232,2022-05-12 00:00:00.000000000
45234,2022-05-12 00:00:00.000000000
45235,2022-05-12 00:00:00.000000000
61309,2022-05-12 00:00:00.000000000
56177,2022-05-12 00:00:00.000000000
71356,2022-05-12 00:00:00.000000000
14530,2022-05-12 00:00:00.000000000
69193,2022-05-12 00:00:00.000000000
45274,2022-05-12 00:00:00.000000000
80704,2022-05-12 00:00:00.000000000
30265,2022-05-12 00:00:00.000000000
47247,2022-05-12 00:00:00.000000000
45286,2022-05-12 00:00:00.000000000
23228,2022-05-12 00:00:00.000000000
24507,2022-05-12 00:00:00.000000000
45308,2022-05-12 00:00:00.000000000
38527,2022-05-12 00:00:00.000000000
38528,2022-05-12 00:00:00.000000000
24357,2022-05-12 06:15:45.696000000
46217,2022-05-12 07:11:56.016000000
01187,2022-05-12 08:53:45.471000064
29207,2022-05-12 08:58:02.878000128
77311,2022-05-12 09:02:03.468999936
34137,2022-05-12 09:56:39.324999936
2B340,2022-05-12 09:57:06.423000064
56091,2022-05-12 11:39:54.702000128
05123,2022-05-12 12:01:23.144000000
61050,2022-05-12 12:12:47.888999936
36104,2022-05-12 12:29:29.508000000
63455,2022-05-12 13:11:31.084999936
23184,2022-05-12 13:44:51.052999936
47027,2022-05-12 14:12:32.601999872
77318,2022-05-12 15:09:54.889999872
25283,2022-05-12 17:29:23.804999936
17097,2022-05-13 00:00:00.000000000
03108,2022-05-13 00:00:00.000000000
41062,2022-05-13 06:33:27.575000064
2B311,2022-05-13 07:35:31.907000064
71046,2022-05-13 08:20:35.247000064
11132,2022-05-13 09:26:22.284999936
30189,2022-05-13 11:35:59.923000064
80149,2022-05-13 13:12:19.004999936
55032,2022-05-13 13:15:44.020000000
23017,2022-05-13 14:19:03.190000128
69196,2022-05-13 15:11:31.496000000
51158,2022-05-13 16:16:52.996999936
18005,2022-05-14 10:06:59.118000128
71279,2022-05-16 06:49:16.868000000
69277,2022-05-16 07:39:23.470000128
2B207,2022-05-16 08:01:07.396999936
26381,2022-05-16 08:28:53.228999936
17204,2022-05-16 09:32:22.894000128
64269,2022-05-16 09:34:06.961999872
29252,2022-05-16 09:51:18.719000064
17019,2022-05-16 10:00:50.528000000
76434,2022-05-16 10:19:00.740999936
38107,2022-05-16 12:45:03.881999872
67169,2022-05-16 12:59:26.657999872
71371,2022-05-16 13:52:40.559000064
66094,2022-05-16 13:56:36.841999872
17008,2022-05-16 14:04:03.704000000
89460,2022-05-16 14:04:39.614000128
54225,2022-05-16 14:35:51.871000064
67208,2022-05-16 16:29:55.356000000
80342,2022-05-17 07:11:32.660000000
10425,2022-05-17 07:27:52.548999936
83116,2022-05-17 07:29:12.967000064
10034,2022-05-17 07:31:31.790000128
38051,2022-05-17 07:51:29.287000064
65050,2022-05-17 08:30:46.612000000
68156,2022-05-17 08:36:00.000999936
52247,2022-05-17 08:41:42.380999936
21110,2022-05-17 09:11:38.563000064
69155,2022-05-17 09:19:10.512999936
09313,2022-05-17 09:30:04.204000000
32395,2022-05-17 09:35:52.569999872
21556,2022-05-17 11:03:01.960000000
08204,2022-05-17 11:57:08.788999936
31065,2022-05-17 12:47:34.232999936
08151,2022-05-17 13:34:30.196999936
60383,2022-05-17 14:19:49.592000000
06118,2022-05-17 14:52:03.844000000
71465,2022-05-17 15:16:52.833999872
38393,2022-05-17 15:36:22.974000128
51166,2022-05-17 16:27:07.196000000
88137,2022-05-17 16:43:55.843000064
55555,2022-05-17 16:45:31.796000000
54557,2022-05-17 19:17:22.671000064
62284,2022-05-17 20:11:23.823000064
97422,2022-05-18 04:39:09.494000128
35110,2022-05-18 06:36:11.872000000
07331,2022-05-18 07:21:57.644999936
50166,2022-05-18 08:21:06.187000064
86221,2022-05-18 08:37:12.412999936
50082,2022-05-18 08:41:36.625999872
47016,2022-05-18 08:43:25.115000064
55210,2022-05-18 08:50:55.200999936
21040,2022-05-18 08:53:20.148000000
52124,2022-05-18 11:41:28.600999936
52347,2022-05-18 11:44:47.576999936
87176,2022-05-18 13:05:47.838000128
13067,2022-05-18 13:27:21.966000128
30044,2022-05-18 13:53:42.940999936
80742,2022-05-18 14:06:06.036000000
19084,2022-05-18 14:10:50.808000000
38426,2022-05-18 14:11:05.852000000
69249,2022-05-18 14:12:17.039000064
89408,2022-05-18 14:17:06.939000064
22260,2022-05-18 14:50:15.745999872
22300,2022-05-18 14:53:13.766000128
07088,2022-05-18 15:49:41.804000000
88059,2022-05-19 06:03:55.567000064
27592,2022-05-19 06:27:58.665999872
35319,2022-05-19 06:41:05.500000000
52516,2022-05-19 07:02:02.120000000
08387,2022-05-19 08:10:12.176999936
54025,2022-05-19 08:36:48.248999936
41108,2022-05-19 08:38:55.196999936
41295,2022-05-19 08:39:32.305999872
61150,2022-05-19 09:04:40.305999872
38238,2022-05-19 09:11:33.230000128
54286,2022-05-19 09:37:46.156999936
64012,2022-05-19 09:50:37.015000064
45210,2022-05-19 09:59:27.420000000
51620,2022-05-19 10:17:37.982000128
47274,2022-05-19 11:41:14.904000000
54252,2022-05-19 12:14:58.574000128
80795,2022-05-19 12:22:30.952000000
54313,2022-05-19 12:28:56.276999936
18230,2022-05-19 13:19:30.239000064
47174,2022-05-19 13:24:43.540999936
64303,2022-05-19 13:36:35.358000128
25340,2022-05-19 14:02:25.363000064
49027,2022-05-19 14:33:35.444000000
26173,2022-05-19 14:52:17.772999936
64264,2022-05-19 15:11:17.686000128
32404,2022-05-19 15:16:33.633999872
39060,2022-05-19 16:50:29.547000064
56079,2022-05-19 17:09:02.896999936
55368,2022-05-20 06:51:45.016999936
32377,2022-05-20 07:07:43.056000000
54258,2022-05-20 07:19:45.992999936
21139,2022-05-20 07:35:14.643000064
37014,2022-05-20 07:35:52.558000128
41243,2022-05-20 07:36:54.372999936
71048,2022-05-20 08:09:28.817999872
76374,2022-05-20 08:24:45.623000064
51177,2022-05-20 08:32:55.692000000
64341,2022-05-20 08:49:33.899000064
81298,2022-05-20 09:46:39.718000128
54248,2022-05-20 09:49:21.336000000
39338,2022-05-20 12:22:43.687000064
58207,2022-05-20 12:36:12.976000000
80498,2022-05-20 13:37:11.308000000
84140,2022-05-20 13:55:55.648999936
41124,2022-05-20 14:01:19.839000064
51062,2022-05-20 14:13:47.648000000
60609,2022-05-20 14:18:37.744000000
30054,2022-05-20 14:29:37.024999936
54266,2022-05-20 15:51:23.163000064
51549,2022-05-20 16:44:42.144000000
04042,2022-05-21 11:25:09.447000064
54268,2022-05-23 07:23:00.880000000
30176,2022-05-23 08:09:53.664000000
03290,2022-05-23 08:13:28.031000064
35309,2022-05-23 08:33:13.390000128
33277,2022-05-23 08:56:48.182000128
42036,2022-05-23 09:09:43.036000000
61268,2022-05-23 09:10:58.065999872
63178,2022-05-23 09:38:00.920999936
27602,2022-05-23 09:38:18.576999936
69253,2022-05-23 09:38:31.844999936
64310,2022-05-23 11:47:22.587000064
46021,2022-05-23 11:55:30.020000000
65109,2022-05-23 12:42:15.188000000
08295,2022-05-23 13:46:35.465999872
30040,2022-05-23 14:04:25.008999936
34154,2022-05-23 14:15:33.508000000
53128,2022-05-23 14:23:06.067000064
29293,2022-05-23 14:28:58.142000128
29254,2022-05-23 14:43:55.641999872
33472,2022-05-23 15:04:11.091000064
76626,2022-05-23 15:48:52.996999936
54238,2022-05-24 04:47:41.968999936
69097,2022-05-24 06:07:03.191000064
71171,2022-05-24 06:18:57.392000000
56179,2022-05-24 07:18:17.881999872
01356,2022-05-24 07:26:27.448000000
19256,2022-05-24 08:04:03.321999872
17160,2022-05-24 08:12:32.876000000
45121,2022-05-24 09:03:44.804000000
55370,2022-05-24 09:19:09.632000000
83079,2022-05-24 09:47:18.731000064
25219,2022-05-24 09:52:19.268999936
51028,2022-05-24 10:02:53.633999872
26112,2022-05-24 10:16:02.615000064
64107,2022-05-24 10:50:36.859000064
31241,2022-05-24 11:29:26.764000000
41072,2022-05-24 11:50:30.943000064
56171,2022-05-24 11:58:42.926000128
04136,2022-05-24 12:18:27.480999936
51282,2022-05-24 12:22:06.180000000
29160,2022-05-24 13:22:14.859000064
56125,2022-05-24 13:23:24.280000000
15133,2022-05-24 14:12:44.611000064
23124,2022-05-24 14:24:48.977999872
80266,2022-05-24 15:11:54.976000000
54426,2022-05-24 16:39:22.129999872
11054,2022-05-25 07:46:39.704999936
53090,2022-05-25 08:05:54.460000000
01419,2022-05-25 12:01:06.151000064
88089,2022-05-25 12:33:21.473999872
01352,2022-05-25 13:24:02.968000000
27317,2022-05-25 14:22:54.588999936
26122,2022-05-25 15:28:40.095000064
2B226,2022-05-26 17:30:20.796999936
80502,2022-05-27 09:54:15.529999872
56251,2022-05-27 13:21:06.112999936
47159,2022-05-27 13:32:07.489999872
25465,2022-05-27 15:53:57.793999872
15121,2022-05-30 07:34:28.324999936
43137,2022-05-30 07:44:54.051000064
23031,2022-05-30 07:56:54.990000128
24050,2022-05-30 08:15:12.311000064
54492,2022-05-30 09:31:56.630000128
14740,2022-05-30 09:53:09.712999936
58063,2022-05-30 10:13:35.752999936
88150,2022-05-30 11:56:17.579000064
71537,2022-05-30 11:59:17.632999936
17230,2022-05-30 12:15:58.487000064
80129,2022-05-30 12:52:20.092999936
55218,2022-05-30 13:12:10.958000128
41109,2022-05-30 13:27:08.371000064
31410,2022-05-30 13:56:10.904999936
28009,2022-05-30 14:20:41.062000128
28257,2022-05-30 14:25:05.038000128
19158,2022-05-30 14:32:43.348000000
01240,2022-05-30 15:16:53.713999872
47003,2022-05-30 15:17:07.569999872
26174,2022-05-31 06:32:23.432999936
26157,2022-05-31 06:51:37.224000000
71250,2022-05-31 06:54:06.663000064
80512,2022-05-31 07:14:58.931000064
26098,2022-05-31 07:33:51.104999936
69183,2022-05-31 07:38:14.070000128
38118,2022-05-31 07:44:15.240000000
54301,2022-05-31 08:00:30.528999936
62907,2022-05-31 08:29:40.187000064
33025,2022-05-31 08:39:21.006000128
33515,2022-05-31 09:03:37.491000064
45249,2022-05-31 10:00:37.908999936
63195,2022-05-31 10:21:24.016999936
68200,2022-05-31 12:01:26.148000000
48104,2022-05-31 12:01:40.164999936
31202,2022-05-31 12:15:36.275000064
50410,2022-05-31 12:28:28.759000064
69012,2022-05-31 12:55:48.932999936
07221,2022-05-31 13:01:46.628000000
71508,2022-05-31 13:48:25.806000128
43114,2022-05-31 14:55:53.680999936
67117,2022-05-31 15:42:55.646000128
46040,2022-05-31 16:37:52.955000064
52394,2022-05-31 18:20:47.496999936
71098,2022-06-01 06:51:17.448999936
08032,2022-06-01 07:40:45.075000064
38087,2022-06-01 08:05:39.852000000
80558,2022-06-01 08:32:13.935000064
50232,2022-06-01 08:34:28.127000064
24177,2022-06-01 09:04:31.048000000
35041,2022-06-01 09:28:07.815000064
45259,2022-06-01 09:38:07.311000064
54508,2022-06-01 11:41:48.499000064
51125,2022-06-01 12:02:16.176000000
27017,2022-06-01 12:08:24.347000064
68356,2022-06-01 12:19:47.756999936
54464,2022-06-01 12:22:55.868000000
03243,2022-06-01 13:02:42.080000000
50542,2022-06-01 13:12:16.988000000
84078,2022-06-01 13:55:43.764999936
77302,2022-06-01 14:52:09.020000000
35276,2022-06-01 15:10:32.396000000
66208,2022-06-01 15:10:40.380000000
47228,2022-06-02 07:33:45.932999936
29062,2022-06-02 07:42:37.744000000
63129,2022-06-02 07:54:57.211000064
80020,2022-06-02 07:58:26.308999936
80550,2022-06-02 08:38:42.983000064
69112,2022-06-02 08:39:51.920999936
25047,2022-06-02 08:45:42.844999936
47282,2022-06-02 09:04:35.500000000
80218,2022-06-02 09:36:10.540999936
41239,2022-06-02 10:26:17.628999936
38384,2022-06-02 11:48:06.292000000
33269,2022-06-02 12:04:35.027000064
41144,2022-06-02 12:42:32.296999936
80573,2022-06-02 13:01:00.087000064
47175,2022-06-02 14:16:57.815000064
81035,2022-06-02 14:20:34.347000064
58071,2022-06-02 14:51:07.867000064
88206,2022-06-02 15:10:14.128999936
80580,2022-06-02 15:27:22.288999936
32292,2022-06-02 15:27:53.816999936
80332,2022-06-02 16:01:26.742000128
80079,2022-06-02 16:30:03.329999872
18136,2022-06-03 06:14:49.980000000
80449,2022-06-03 07:35:06.696000000
33373,2022-06-03 07:51:58.904999936
07273,2022-06-03 08:40:48.126000128
01071,2022-06-03 08:51:25.452999936
01354,2022-06-03 09:21:08.579000064
27073,2022-06-03 10:17:45.689999872
38200,2022-06-03 12:18:57.900000000
87070,2022-06-03 12:34:07.471000064
89281,2022-06-03 13:45:42.142000128
41178,2022-06-03 13:54:28.118000128
61460,2022-06-03 14:56:55.868999936
89450,2022-06-03 16:15:07.950000128
52388,2022-06-05 08:56:41.104000000
43050,2022-06-05 09:41:33.571000064
30286,2022-06-06 09:54:19.009999872
2A099,2022-06-06 14:36:15.688000000
02340,2022-06-06 19:44:21.833999872
63366,2022-06-07 06:23:09.168999936
43118,2022-06-07 06:24:46.208000000
80463,2022-06-07 08:07:21.999000064
35108,2022-06-07 08:14:26.488000000
18067,2022-06-07 08:16:37.075000064
77260,2022-06-07 08:25:56.625999872
29186,2022-06-07 08:43:04.006000128
66100,2022-06-07 08:52:09.303000064
80253,2022-06-07 09:22:41.606000128
89344,2022-06-07 10:11:48.187000064
38296,2022-06-07 12:20:15.502000128
2B052,2022-06-07 12:24:24.680999936
18247,2022-06-07 12:39:37.891000064
31094,2022-06-07 12:44:07.395000064
35125,2022-06-07 13:24:48.607000064
88095,2022-06-07 13:42:14.137999872
65039,2022-06-07 13:42:19.003000064
08499,2022-06-07 14:04:35.919000064
28337,2022-06-07 14:14:09.704999936
35017,2022-06-07 15:09:01.558000128
51156,2022-06-07 15:53:19.353999872
55343,2022-06-07 16:20:32.391000064
80633,2022-06-07 17:03:34.729999872
09241,2022-06-08 07:02:54.304000000
09073,2022-06-08 07:13:59.697999872
80702,2022-06-08 08:31:43.132000000
38563,2022-06-08 08:49:00.657999872
38058,2022-06-08 09:04:16.128999936
51255,2022-06-08 09:25:08.072999936
80415,2022-06-08 11:42:06.088999936
04069,2022-06-08 11:54:50.072000000
51470,2022-06-08 11:55:18.780000000
64441,2022-06-08 13:00:08.431000064
41161,2022-06-08 13:12:14.646000128
03235,2022-06-08 13:22:20.276999936
17239,2022-06-08 13:36:25.264999936
04116,2022-06-08 13:58:24.176000000
33159,2022-06-08 14:07:40.151000064
46169,2022-06-08 14:20:13.476000000
08455,2022-06-08 15:53:13.484000000
63369,2022-06-08 15:55:35.580999936
64001,2022-06-08 22:09:24.959000064
65233,2022-06-09 07:25:32.116999936
79180,2022-06-09 07:42:45.016999936
26376,2022-06-09 08:33:44.732000000
51603,2022-06-09 09:14:17.572999936
38290,2022-06-09 09:20:43.465999872
77316,2022-06-09 09:52:28.063000064
41201,2022-06-09 11:53:40.712000000
05102,2022-06-09 12:19:45.540999936
38457,2022-06-09 12:20:08.468000000
80124,2022-06-09 13:15:33.521999872
08411,2022-06-09 13:27:47.003000064
38134,2022-06-09 13:34:08.175000064
38311,2022-06-09 14:07:46.908000000
69125,2022-06-09 19:02:55.988000000
31237,2022-06-10 07:27:17.108999936
61221,2022-06-10 08:09:32.052000000
42300,2022-06-10 09:07:57.220000000
68079,2022-06-10 09:30:58.228000000
46129,2022-06-10 09:43:24.363000064
69189,2022-06-10 12:21:26.641999872
68180,2022-06-10 13:44:42.176999936
17112,2022-06-10 14:49:10.071000064
55290,2022-06-11 07:50:11.539000064
50345,2022-06-11 08:08:22.384000000
36126,2022-06-11 08:43:28.793999872
33195,2022-06-13 06:52:08.615000064
38395,2022-06-13 06:55:08.523000064
10109,2022-06-13 07:45:30.742000128
60087,2022-06-13 08:01:06.480999936
12253,2022-06-13 08:14:04.129999872
50570,2022-06-13 08:20:06.452999936
56161,2022-06-13 08:36:50.900999936
33287,2022-06-13 08:39:01.303000064
62354,2022-06-13 08:50:24.079000064
36025,2022-06-13 09:01:20.817999872
34167,2022-06-13 09:02:24.924000000
10013,2022-06-13 09:19:27.854000128
32299,2022-06-13 09:30:07.209999872
34161,2022-06-13 09:45:58.780999936
47117,2022-06-13 09:52:47.516999936
14046,2022-06-13 11:37:17.943000064
50086,2022-06-13 12:02:56.655000064
89101,2022-06-13 12:09:28.920000000
36047,2022-06-13 12:10:50.923000064
31470,2022-06-13 12:49:18.457999872
39346,2022-06-13 13:02:41.368999936
10100,2022-06-13 13:11:54.000999936
21334,2022-06-13 13:15:57.164000000
24142,2022-06-13 13:17:02.412999936
77445,2022-06-13 14:10:54.100000000
32230,2022-06-13 14:25:17.214000128
04031,2022-06-13 14:41:00.584000000
28264,2022-06-13 15:24:01.203000064
10426,2022-06-14 06:22:26.532999936
32148,2022-06-14 06:24:58.929999872
82059,2022-06-14 07:08:08.879000064
82174,2022-06-14 07:12:26.807000064
39065,2022-06-14 07:13:28.847000064
80458,2022-06-14 08:06:57.660999936
19162,2022-06-14 08:15:40.792999936
50260,2022-06-14 08:27:04.896000000
42232,2022-06-14 09:01:12.222000128
88257,2022-06-14 09:42:00.820999936
43053,2022-06-14 09:49:40.487000064
82181,2022-06-14 12:16:27.536999936
38065,2022-06-14 12:17:26.553999872
39512,2022-06-14 12:45:52.604000000
70098,2022-06-14 12:50:58.568000000
17094,2022-06-14 13:01:52.027000064
55276,2022-06-14 13:22:22.016999936
66138,2022-06-14 13:50:17.536000000
87135,2022-06-14 13:50:32.927000064
87190,2022-06-14 14:25:03.628999936
80085,2022-06-14 14:25:05.654000128
26013,2022-06-14 15:03:12.780000000
21602,2022-06-14 15:13:05.622000128
80316,2022-06-15 06:39:50.440999936
46066,2022-06-15 07:22:28.932000000
86042,2022-06-15 07:38:05.812000000
04055,2022-06-15 07:54:54.798000128
29044,2022-06-15 08:58:13.185999872
15202,2022-06-15 12:55:42.251000064
51328,2022-06-15 14:26:05.532000000
80711,2022-06-16 06:31:35.201999872
77108,2022-06-16 06:58:36.431000064
31525,2022-06-16 07:26:55.087000064
80048,2022-06-16 07:45:02.057999872
78239,2022-06-16 08:25:28.440000000
10203,2022-06-16 08:37:48.264999936
46324,2022-06-16 09:03:41.196000000
32410,2022-06-16 11:01:13.062000128
63220,2022-06-16 12:26:43.120999936
30123,2022-06-16 12:43:04.449999872
50081,2022-06-16 12:45:29.124000000
63433,2022-06-16 15:38:34.903000064
32086,2022-06-16 15:53:49.182000128
71072,2022-06-17 05:45:40.012999936
63008,2022-06-17 07:10:12.526000128
47010,2022-06-17 08:05:41.103000064
32018,2022-06-17 08:54:03.905999872
38394,2022-06-17 08:54:33.279000064
30266,2022-06-17 09:32:52.297999872
51280,2022-06-17 09:39:12.492000000
63165,2022-06-17 11:43:24.367000064
33031,2022-06-17 11:53:13.120000000
51370,2022-06-17 12:13:01.286000128
17010,2022-06-17 12:21:03.688999936
39577,2022-06-17 12:56:22.777999872
69201,2022-06-17 13:26:43.828999936
34005,2022-06-17 13:47:52.720999936
72271,2022-06-17 13:59:58.867000064
71453,2022-06-17 14:12:18.139000064
88039,2022-06-17 15:40:32.648000000
71552,2022-06-17 16:23:11.688999936
60505,2022-06-18 09:04:09.904999936
54012,2022-06-18 16:14:00.687000064
06036,2022-06-19 09:30:52.328000000
81280,2022-06-19 14:15:51.001999872
21537,2022-06-19 19:01:10.940000000
2B217,2022-06-20 06:44:38.166000128
32226,2022-06-20 07:50:13.030000128
30090,2022-06-20 08:56:40.416000000
38334,2022-06-20 09:38:16.572000000
39284,2022-06-20 09:40:15.764000000
46224,2022-06-20 10:55:30.868999936
56197,2022-06-20 12:16:41.846000128
21228,2022-06-20 12:20:19.852999936
80431,2022-06-20 12:43:45.631000064
51081,2022-06-20 12:47:26.871000064
17452,2022-06-20 13:04:25.590000128
19260,2022-06-20 13:47:24.028999936
32128,2022-06-20 14:41:14.828999936
21178,2022-06-20 15:13:37.815000064
47222,2022-06-20 15:40:23.712000000
11026,2022-06-20 15:47:14.567000064
80166,2022-06-20 15:54:10.113999872
36073,2022-06-21 07:48:20.676999936
80807,2022-06-21 08:15:11.204999936
80766,2022-06-21 08:18:16.518000128
80059,2022-06-21 08:19:30.364999936
47078,2022-06-21 08:25:32.905999872
69212,2022-06-21 08:29:42.943000064
54593,2022-06-21 08:37:15.868000000
18270,2022-06-21 09:04:45.648999936
37031,2022-06-21 09:19:35.567000064
53102,2022-06-21 09:25:18.856999936
11148,2022-06-21 09:56:51.036000000
76321,2022-06-21 10:06:08.127000064
04208,2022-06-21 10:59:45.135000064
14572,2022-06-21 11:49:48.628000000
87067,2022-06-21 12:09:39.208000000
69264,2022-06-21 12:23:19.188999936
80172,2022-06-21 12:32:53.116000000
80249,2022-06-21 12:42:15.913999872
11061,2022-06-21 13:06:30.758000128
47086,2022-06-21 13:07:22.724999936
45107,2022-06-21 13:13:11.587000064
41068,2022-06-21 14:53:28.113999872
38095,2022-06-21 15:14:14.428000000
42273,2022-06-21 18:57:56.302000128
09293,2022-06-22 07:57:57.948000000
57153,2022-06-22 08:03:28.523000064
29008,2022-06-22 09:01:38.936000000
28160,2022-06-22 09:24:43.864000000
22003,2022-06-22 10:06:32.724000000
32112,2022-06-22 11:43:55.620999936
52515,2022-06-22 16:02:49.176999936
12205,2022-06-22 19:24:40.540000000
61392,2022-06-23 07:35:33.043000064
19116,2022-06-23 08:02:31.351000064
16210,2022-06-23 08:11:23.972000000
80038,2022-06-23 08:27:00.377999872
27569,2022-06-23 08:54:58.336999936
35095,2022-06-23 09:50:52.200000000
10281,2022-06-23 09:57:53.089999872
32318,2022-06-23 10:14:55.020999936
56223,2022-06-23 12:15:57.601999872
08196,2022-06-23 12:17:44.446000128
53202,2022-06-23 13:18:13.745999872
07340,2022-06-23 13:27:11.396999936
42181,2022-06-23 13:33:40.155000064
34056,2022-06-23 13:44:36.584000000
51484,2022-06-23 14:58:55.484999936
55175,2022-06-23 15:08:02.054000128
71139,2022-06-23 18:44:56.604999936
14759,2022-06-23 19:50:13.063000064
80179,2022-06-24 06:59:36.875000064
38458,2022-06-24 07:17:37.558000128
32105,2022-06-24 08:01:22.860999936
88453,2022-06-24 08:10:34.972999936
41006,2022-06-24 08:41:46.947000064
41037,2022-06-24 08:44:53.187000064
31061,2022-06-24 09:27:40.839000064
47052,2022-06-24 09:44:21.392000000
87068,2022-06-24 11:01:19.104999936
37277,2022-06-24 12:29:29.079000064
31301,2022-06-24 13:32:57.972000000
51321,2022-06-24 13:57:21.185999872
54579,2022-06-24 17:34:03.340999936
45027,2022-06-24 18:43:39.568000000
38432,2022-06-25 08:06:40.859000064
87137,2022-06-26 07:59:51.718000128
42096,2022-06-26 17:40:51.004999936
34308,2022-06-27 07:42:03.752999936
51311,2022-06-27 08:18:09.303000064
61490,2022-06-27 08:37:55.198000128
06050,2022-06-27 08:40:09.000000000
60313,2022-06-27 09:16:12.260000000
02408,2022-06-27 09:24:45.552000000
11167,2022-06-27 09:36:11.204000000
45006,2022-06-27 10:20:26.643000064
47326,2022-06-27 10:50:58.168000000
31167,2022-06-27 12:14:25.183000064
01392,2022-06-27 12:38:59.276999936
45245,2022-06-27 12:44:41.320999936
14218,2022-06-27 13:21:22.167000064
38323,2022-06-27 13:35:31.384999936
61171,2022-06-27 13:57:16.446000128
88504,2022-06-27 14:14:03.328000000
51314,2022-06-27 14:14:13.057999872
84064,2022-06-27 14:54:50.111000064
11059,2022-06-27 16:03:07.375000064
07055,2022-06-28 06:24:50.044000000
51569,2022-06-28 06:53:09.800000000
09037,2022-06-28 06:55:14.854000128
31455,2022-06-28 06:57:38.992000000
31343,2022-06-28 07:42:48.801999872
29220,2022-06-28 08:22:47.788999936
83041,2022-06-28 08:28:45.975000064
31072,2022-06-28 08:35:12.871000064
30066,2022-06-28 09:01:22.684999936
54137,2022-06-28 09:05:19.659000064
26208,2022-06-28 09:05:22.361999872
30001,2022-06-28 11:15:17.151000064
37202,2022-06-28 11:19:47.352000000
47320,2022-06-28 11:30:12.239000064
41163,2022-06-28 11:45:47.513999872
37052,2022-06-28 11:47:39.272999936
67216,2022-06-28 12:09:06.975000064
16178,2022-06-28 13:19:19.550000128
35140,2022-06-28 13:38:12.540999936
38190,2022-06-28 13:47:30.059000064
41245,2022-06-28 14:07:04.392999936
86082,2022-06-28 15:11:35.465999872
61456,2022-06-28 15:35:26.036999936
84110,2022-06-28 15:37:52.680999936
97616,2022-06-29 05:42:28.247000064
24378,2022-06-29 06:24:15.705999872
10025,2022-06-29 07:21:45.376000000
38215,2022-06-29 09:06:21.633999872
32298,2022-06-29 09:18:27.235000064
60456,2022-06-29 09:19:09.528999936
39302,2022-06-29 12:16:37.467000064
51369,2022-06-29 12:39:11.950000128
69115,2022-06-29 13:27:47.951000064
07029,2022-06-29 14:17:49.816999936
23181,2022-06-29 15:49:46.929999872
80379,2022-06-29 16:35:56.872999936
38500,2022-06-29 20:49:45.179000064
30187,2022-06-30 06:48:31.785999872
63023,2022-06-30 07:48:40.820999936
23064,2022-06-30 08:33:04.188000000
28084,2022-06-30 08:36:47.004000000
39136,2022-06-30 08:51:16.592999936
68068,2022-06-30 08:51:19.872999936
51118,2022-06-30 09:22:13.892999936
27112,2022-06-30 12:16:25.886000128
10298,2022-06-30 12:37:29.310000128
45240,2022-06-30 14:08:29.852999936
41078,2022-06-30 14:08:31.953999872
64115,2022-06-30 14:44:17.710000128
86116,2022-06-30 15:10:16.873999872
64258,2022-06-30 15:21:10.104000000
38558,2022-06-30 18:35:24.848000000
98736,2022-07-01 00:00:00.000000000
38177,2022-07-01 07:25:34.527000064
08288,2022-07-01 07:59:15.831000064
30223,2022-07-01 09:36:12.383000064
69050,2022-07-01 09:45:07.755000064
41251,2022-07-01 10:26:53.878000128
34163,2022-07-01 10:56:44.991000064
67474,2022-07-01 11:06:28.772999936
74252,2022-07-01 13:48:41.025999872
61149,2022-07-01 14:03:41.068000000
32348,2022-07-01 14:11:07.820000000
63427,2022-07-02 08:29:21.825999872
98818,2022-07-04 00:00:00.000000000
09130,2022-07-04 07:01:15.180000000
2B301,2022-07-04 07:08:32.201999872
30082,2022-07-04 07:33:43.729999872
35153,2022-07-04 07:38:24.312000000
58200,2022-07-04 07:47:20.076000000
04091,2022-07-04 07:53:26.841999872
37119,2022-07-04 08:01:46.715000064
57338,2022-07-04 08:12:22.638000128
21259,2022-07-04 08:42:07.192000000
63359,2022-07-04 08:59:01.841999872
65102,2022-07-04 09:30:59.118000128
41058,2022-07-04 09:38:25.081999872
64432,2022-07-04 10:02:51.118000128
39042,2022-07-04 11:58:56.132999936
63072,2022-07-04 12:00:34.760000000
47065,2022-07-04 12:03:38.352999936
26037,2022-07-04 12:05:31.657999872
87077,2022-07-04 12:34:37.136999936
34109,2022-07-04 13:12:00.403000064
64162,2022-07-04 13:23:43.107000064
59580,2022-07-04 14:03:29.876000000
32078,2022-07-04 14:14:29.564999936
25528,2022-07-04 14:40:14.552999936
07138,2022-07-04 14:42:38.800999936
16113,2022-07-05 07:36:02.737999872
38250,2022-07-05 07:38:43.136999936
17292,2022-07-05 07:52:48.740000000
39525,2022-07-05 08:38:53.102000128
68226,2022-07-05 08:41:30.046000128
46003,2022-07-05 08:55:28.000999936
54308,2022-07-05 09:13:47.096000000
87166,2022-07-05 09:22:33.220999936
55244,2022-07-05 09:42:20.703000064
64436,2022-07-05 09:49:53.153999872
32451,2022-07-05 09:57:42.324000000
27430,2022-07-05 10:08:52.328000000
11391,2022-07-05 10:37:17.364999936
23084,2022-07-05 12:46:36.996999936
38336,2022-07-05 13:20:31.743000064
70171,2022-07-05 13:25:36.512999936
83059,2022-07-05 13:49:58.192000000
65002,2022-07-05 13:53:31.527000064
47313,2022-07-05 15:32:17.768000000
54187,2022-07-05 15:48:26.335000064
88194,2022-07-06 06:17:18.153999872
63414,2022-07-06 06:23:13.764999936
87058,2022-07-06 06:43:46.836999936
17382,2022-07-06 07:13:53.843000064
63259,2022-07-06 08:16:52.761999872
12299,2022-07-06 08:25:32.812999936
47070,2022-07-06 09:49:39.974000128
09141,2022-07-06 09:52:16.031000064
77261,2022-07-06 10:05:35.788999936
80069,2022-07-06 12:33:09.862000128
67342,2022-07-06 14:17:28.948000000
67115,2022-07-06 15:09:35.791000064
92033,2022-07-06 15:18:25.644999936
80691,2022-07-06 16:30:26.868000000
2B188,2022-07-07 05:15:45.472999936
22011,2022-07-07 07:57:46.678000128
89142,2022-07-07 08:44:05.764000000
41188,2022-07-07 08:50:13.352999936
22110,2022-07-07 09:34:25.280999936
32356,2022-07-07 09:34:28.416999936
02556,2022-07-07 09:38:32.080000000
22235,2022-07-07 09:52:23.255000064
51403,2022-07-07 10:41:10.532000000
60157,2022-07-07 12:08:46.408999936
22127,2022-07-07 12:17:33.288000000
32234,2022-07-07 12:22:32.280000000
51646,2022-07-07 12:36:25.436999936
82105,2022-07-07 13:00:33.888999936
48157,2022-07-07 13:22:38.312999936
07058,2022-07-07 13:28:19.039000064
02323,2022-07-07 13:30:39.057999872
80066,2022-07-07 14:14:14.855000064
56023,2022-07-07 14:58:00.257999872
45260,2022-07-07 15:20:23.447000064
51382,2022-07-07 15:54:49.331000064
38416,2022-07-08 06:48:12.480999936
25032,2022-07-08 07:11:32.323000064
17425,2022-07-08 07:18:27.156999936
27556,2022-07-08 08:37:16.032999936
64546,2022-07-08 09:40:40.631000064
82013,2022-07-08 11:59:49.204000000
84036,2022-07-08 12:34:14.419000064
41063,2022-07-08 12:59:17.390000128
18040,2022-07-08 13:28:08.172000000
51110,2022-07-08 13:55:54.862000128
47190,2022-07-08 14:04:19.708999936
51214,2022-07-08 14:07:39.020999936
51029,2022-07-08 14:46:21.239000064
88531,2022-07-09 08:39:44.468000000
80682,2022-07-10 10:06:18.271000064
69280,2022-07-10 12:25:37.147000064
2A070,2022-07-11 06:23:52.993999872
18068,2022-07-11 08:54:10.279000064
63015,2022-07-11 10:13:46.240000000
09184,2022-07-11 12:39:01.783000064
63101,2022-07-11 12:54:33.912000000
55001,2022-07-11 13:33:26.836000000
76221,2022-07-11 13:36:59.379000064
23214,2022-07-11 14:02:15.752000000
76654,2022-07-11 14:03:58.204000000
79263,2022-07-11 14:07:04.100999936
18116,2022-07-11 14:07:11.664000000
38356,2022-07-11 14:10:14.548999936
32241,2022-07-11 14:12:44.628000000
58306,2022-07-11 14:18:10.131000064
36140,2022-07-11 14:18:48.230000128
36009,2022-07-11 14:30:25.918000128
57263,2022-07-11 14:46:11.927000064
27608,2022-07-11 14:49:51.704000000
06058,2022-07-11 15:03:17.936999936
31114,2022-07-11 15:11:37.000999936
31089,2022-07-11 15:12:17.940000000
21176,2022-07-11 15:35:06.191000064
37068,2022-07-11 15:36:52.576999936
72020,2022-07-11 16:19:44.262000128
28366,2022-07-11 16:58:09.964000000
38066,2022-07-11 21:41:55.937999872
84128,2022-07-12 06:39:57.348000000
57345,2022-07-12 06:40:28.839000064
60295,2022-07-12 06:53:53.707000064
55204,2022-07-12 07:03:57.713999872
57413,2022-07-12 07:12:39.052999936
60599,2022-07-12 07:34:09.817999872
45061,2022-07-12 07:50:38.203000064
15167,2022-07-12 08:16:01.648000000
39575,2022-07-12 08:53:17.231000064
91432,2022-07-12 08:53:56.297999872
88213,2022-07-12 09:22:09.912000000
63187,2022-07-12 09:34:50.633999872
11306,2022-07-12 09:58:03.064000000
21642,2022-07-12 10:32:39.316000000
52203,2022-07-12 11:53:00.680000000
01255,2022-07-12 12:07:23.815000064
32340,2022-07-12 12:19:57.640999936
43067,2022-07-12 12:26:33.003000064
38530,2022-07-12 12:38:07.028999936
12266,2022-07-12 12:39:57.947000064
55167,2022-07-12 12:49:55.630000128
36076,2022-07-12 12:58:19.740999936
02124,2022-07-12 13:00:36.028999936
36147,2022-07-12 13:15:32.118000128
02238,2022-07-12 13:28:57.534000128
76284,2022-07-12 13:58:37.127000064
09142,2022-07-12 14:33:15.196000000
32418,2022-07-12 14:53:33.873999872
51534,2022-07-12 16:15:37.727000064
55007,2022-07-13 06:36:08.400000000
33035,2022-07-13 07:27:08.281999872
48008,2022-07-13 09:01:06.160999936
33384,2022-07-13 09:10:14.947000064
47183,2022-07-13 09:30:34.227000064
64127,2022-07-13 09:33:58.360999936
31259,2022-07-13 11:18:31.799000064
50643,2022-07-13 11:27:10.512000000
60625,2022-07-13 11:45:47.616000000
67222,2022-07-13 13:26:30.172000000
31026,2022-07-13 13:30:16.928000000
70301,2022-07-13 13:47:12.591000064
89329,2022-07-13 14:28:36.727000064
40189,2022-07-13 14:50:17.167000064
50008,2022-07-13 15:56:28.384000000
11341,2022-07-13 16:12:21.543000064
39392,2022-07-13 17:10:25.891000064
06017,2022-07-15 06:39:38.232999936
65397,2022-07-15 09:00:44.904000000
39511,2022-07-15 09:32:27.592000000
89449,2022-07-15 13:25:46.347000064
38267,2022-07-15 15:19:20.641999872
25330,2022-07-15 16:02:58.233999872
80804,2022-07-15 16:14:38.859000064
01021,2022-07-16 07:27:23.808000000
80609,2022-07-16 11:15:26.559000064
38351,2022-07-17 20:56:52.376000000
67451,2022-07-18 07:18:19.928000000
69178,2022-07-18 07:47:56.078000128
33483,2022-07-18 07:50:33.539000064
2B172,2022-07-18 07:53:12.356999936
71261,2022-07-18 09:42:24.009999872
71095,2022-07-18 10:11:28.003000064
2B356,2022-07-18 11:56:24.240000000
57244,2022-07-18 12:14:35.716000000
08496,2022-07-18 13:34:57.409999872
34022,2022-07-18 13:36:22.064000000
41045,2022-07-18 13:53:39.136999936
39085,2022-07-18 14:07:09.676000000
67534,2022-07-18 14:15:15.025999872
60614,2022-07-18 14:25:33.408000000
71415,2022-07-18 14:35:16.593999872
70121,2022-07-18 14:39:56.548999936
80540,2022-07-18 15:16:29.700999936
59211,2022-07-18 17:54:10.264000000
50598,2022-07-19 06:18:47.855000064
19024,2022-07-19 07:03:12.643000064
95426,2022-07-19 07:16:24.150000128
15041,2022-07-19 07:33:45.968000000
25131,2022-07-19 07:34:20.294000128
02354,2022-07-19 07:49:20.436999936
41293,2022-07-19 08:13:18.216999936
01127,2022-07-19 08:20:49.832000000
47285,2022-07-19 08:28:30.500999936
50145,2022-07-19 08:46:56.526000128
43142,2022-07-19 09:12:41.860000000
67107,2022-07-19 10:19:55.056999936
55369,2022-07-19 11:35:09.176999936
86111,2022-07-19 12:24:36.860999936
58097,2022-07-19 12:34:42.032999936
03186,2022-07-19 12:39:24.268000000
47025,2022-07-19 13:07:14.496000000
36012,2022-07-19 13:07:35.884999936
47301,2022-07-19 13:18:41.707000064
17407,2022-07-19 14:39:05.736999936
21612,2022-07-19 14:59:33.825999872
58238,2022-07-19 15:00:31.116000000
51066,2022-07-19 16:15:05.448999936
54013,2022-07-19 16:19:41.747000064
80538,2022-07-20 07:14:45.438000128
15081,2022-07-20 08:21:02.456999936
54419,2022-07-20 08:39:00.609999872
2B136,2022-07-20 09:27:42.004999936
64203,2022-07-20 10:43:12.535000064
76063,2022-07-20 11:51:36.016999936
79223,2022-07-20 12:24:13.689999872
39238,2022-07-20 12:53:12.233999872
81111,2022-07-20 13:44:27.219000064
57076,2022-07-20 14:33:03.809999872
50036,2022-07-20 14:48:21.944999936
80281,2022-07-20 16:08:31.436999936
47041,2022-07-21 07:47:33.404000000
71383,2022-07-21 08:31:18.486000128
51551,2022-07-21 08:49:48.873999872
01308,2022-07-21 09:48:12.228999936
01364,2022-07-21 10:22:32.695000064
89234,2022-07-21 10:57:36.795000064
05078,2022-07-21 11:25:35.153999872
30246,2022-07-21 11:32:01.508000000
03114,2022-07-21 11:34:22.465999872
26244,2022-07-21 11:36:10.584000000
82108,2022-07-21 12:03:41.671000064
15069,2022-07-21 12:10:47.464999936
86083,2022-07-21 12:26:59.180999936
72027,2022-07-21 12:29:03.934000128
62108,2022-07-21 13:02:44.097999872
11038,2022-07-21 13:12:26.496000000
34069,2022-07-21 13:15:55.176000000
01281,2022-07-21 13:29:26.600000000
34189,2022-07-21 13:31:15.427000064
11189,2022-07-21 13:36:40.111000064
88349,2022-07-21 13:40:31.732999936
63264,2022-07-21 14:01:02.356999936
36145,2022-07-21 14:01:54.526000128
39190,2022-07-21 14:29:10.904999936
18060,2022-07-21 14:29:30.672000000
43210,2022-07-21 15:00:22.505999872
34297,2022-07-22 08:14:36.256000000
69026,2022-07-22 08:15:00.720999936
47079,2022-07-22 08:40:42.587000064
38074,2022-07-22 08:58:07.289999872
07159,2022-07-22 09:26:49.024999936
64271,2022-07-22 09:42:01.222000128
07101,2022-07-22 09:58:21.092999936
64528,2022-07-22 10:19:42.996000000
84058,2022-07-22 13:00:52.385999872
15050,2022-07-22 13:57:32.060000000
80256,2022-07-22 14:04:42.175000064
18274,2022-07-22 14:10:37.926000128
54570,2022-07-22 15:16:36.433999872
21056,2022-07-23 04:46:33.400000000
87159,2022-07-23 09:33:06.161999872
19176,2022-07-24 10:34:53.808000000
09178,2022-07-24 15:27:33.880000000
42234,2022-07-25 06:30:38.780000000
47077,2022-07-25 06:33:39.476000000
35104,2022-07-25 07:08:28.248000000
78006,2022-07-25 07:26:55.224999936
32077,2022-07-25 08:13:08.264000000
34312,2022-07-25 08:55:14.160000000
26238,2022-07-25 09:12:46.169999872
42141,2022-07-25 09:18:22.223000064
09250,2022-07-25 09:36:34.664999936
38308,2022-07-25 09:45:16.640000000
47161,2022-07-25 11:41:23.689999872
45104,2022-07-25 11:46:08.160000000
46280,2022-07-25 12:52:05.636999936
79147,2022-07-25 13:52:42.939000064
71546,2022-07-25 14:07:00.312000000
73253,2022-07-25 15:20:47.966000128
52250,2022-07-25 15:57:15.156999936
32448,2022-07-25 15:57:16.332000000
57148,2022-07-25 16:03:21.577999872
54061,2022-07-25 17:01:39.849999872
48070,2022-07-26 05:29:14.011000064
35161,2022-07-26 06:36:06.792000000
67416,2022-07-26 06:37:35.212000000
47108,2022-07-26 06:48:43.344000000
09276,2022-07-26 07:36:07.520000000
61251,2022-07-26 07:40:56.865999872
30009,2022-07-26 08:41:47.529999872
37264,2022-07-26 08:54:07.643000064
64034,2022-07-26 09:16:38.404999936
42322,2022-07-26 09:29:18.175000064
68304,2022-07-26 09:31:50.230000128
47253,2022-07-26 10:16:50.984999936
69182,2022-07-26 12:08:07.060999936
81182,2022-07-26 12:49:19.390000128
15252,2022-07-26 13:15:19.086000128
38345,2022-07-26 13:15:50.902000128
26334,2022-07-26 13:29:48.236000000
33048,2022-07-26 13:50:45.519000064
47072,2022-07-26 14:08:45.766000128
56066,2022-07-26 14:25:00.503000064
47312,2022-07-27 07:00:13.574000128
12228,2022-07-27 08:36:15.307000064
64366,2022-07-27 08:40:44.708999936
26275,2022-07-27 08:49:06.790000128
34160,2022-07-27 09:05:15.976000000
27218,2022-07-27 09:17:00.212000000
23158,2022-07-27 09:47:29.831000064
55371,2022-07-27 10:43:18.735000064
01036,2022-07-27 11:46:12.803000064
16387,2022-07-27 12:55:42.099000064
35333,2022-07-27 13:09:02.800999936
82122,2022-07-27 13:43:18.080999936
58256,2022-07-27 13:49:42.915000064
47074,2022-07-27 13:51:16.916000000
26061,2022-07-27 13:51:28.352999936
54512,2022-07-27 14:28:15.176999936
51063,2022-07-28 06:39:43.131000064
54499,2022-07-28 06:56:33.897999872
57644,2022-07-28 07:44:48.268000000
63318,2022-07-28 08:34:39.820999936
17290,2022-07-28 08:41:08.096999936
86151,2022-07-28 08:42:12.936999936
25405,2022-07-28 08:44:31.934000128
35177,2022-07-28 09:17:44.288999936
82129,2022-07-28 09:19:52.998000128
66160,2022-07-28 09:35:51.811000064
58122,2022-07-28 09:54:09.227000064
48188,2022-07-28 10:18:01.718000128
19003,2022-07-28 12:26:49.689999872
63153,2022-07-28 13:34:22.665999872
32247,2022-07-28 13:47:37.108999936
27530,2022-07-28 14:06:27.516000000
31464,2022-07-28 14:27:19.671000064
71276,2022-07-28 14:28:01.020999936
36227,2022-07-28 15:00:59.284999936
10336,2022-07-28 15:20:21.824000000
63356,2022-07-28 15:23:08.460999936
37066,2022-07-28 16:41:54.460000000
38319,2022-07-29 06:19:08.503000064
10216,2022-07-29 06:42:22.284999936
34097,2022-07-29 08:04:47.550000128
93010,2022-07-29 08:06:44.895000064
70479,2022-07-29 08:41:02.184000000
33214,2022-07-29 08:48:43.707000064
34240,2022-07-29 09:03:52.807000064
63060,2022-07-29 10:07:24.372999936
42027,2022-07-29 10:29:07.172000000
31496,2022-07-29 10:55:02.862000128
15179,2022-07-29 11:39:04.580999936
68189,2022-07-29 11:50:38.526000128
41121,2022-07-29 13:06:02.668999936
32336,2022-07-29 13:39:40.888000000
54554,2022-07-29 13:46:31.212999936
55292,2022-07-29 13:55:58.275000064
01040,2022-07-29 14:34:06.233999872
45136,2022-07-29 15:24:56.313999872
66033,2022-07-29 16:11:15.264000000
31345,2022-07-30 08:40:19.080000000
63245,2022-07-31 16:16:13.848999936
32320,2022-08-01 06:22:08.833999872
30104,2022-08-01 06:45:24.551000064
04214,2022-08-01 08:57:26.512000000
02633,2022-08-01 09:21:46.788000000
43084,2022-08-01 09:36:13.886000128
62115,2022-08-01 11:24:09.929999872
65468,2022-08-01 11:36:26.878000128
81227,2022-08-01 11:50:42.392999936
57734,2022-08-01 11:51:21.884000000
12129,2022-08-01 12:03:24.417999872
17055,2022-08-01 12:23:55.940000000
71203,2022-08-01 12:28:38.040000000
36155,2022-08-01 12:46:44.644999936
01322,2022-08-01 13:19:45.681999872
27489,2022-08-01 13:27:43.880999936
81123,2022-08-01 14:04:51.936999936
37206,2022-08-01 14:55:50.472999936
51270,2022-08-01 15:27:10.870000128
77230,2022-08-01 15:40:07.396000000
71066,2022-08-02 07:00:14.542000128
07210,2022-08-02 07:17:32.712999936
54545,2022-08-02 07:25:25.009999872
34314,2022-08-02 07:38:15.848999936
55582,2022-08-02 08:05:35.302000128
89397,2022-08-02 08:22:37.156999936
32016,2022-08-02 08:34:20.316000000
87072,2022-08-02 08:59:16.664000000
51409,2022-08-02 09:47:50.407000064
56176,2022-08-02 12:21:50.300000000
38240,2022-08-02 13:06:50.710000128
32308,2022-08-02 13:17:44.134000128
80049,2022-08-02 13:34:54.996000000
62899,2022-08-02 13:57:29.496000000
80311,2022-08-02 14:27:17.260999936
62126,2022-08-02 14:33:41.132999936
17167,2022-08-02 14:41:41.476000000
01375,2022-08-02 18:36:07.009999872
03169,2022-08-03 06:34:04.524000000
55398,2022-08-03 07:34:41.611000064
41060,2022-08-03 07:54:40.303000064
80666,2022-08-03 11:50:22.048000000
83090,2022-08-03 12:22:19.620000000
15267,2022-08-03 12:31:31.360999936
76323,2022-08-03 12:43:24.190000128
55293,2022-08-03 15:02:12.628000000
46176,2022-08-03 15:51:41.884999936
62015,2022-08-03 16:46:43.128999936
62016,2022-08-03 17:21:33.464999936
15006,2022-08-04 07:03:58.892999936
80479,2022-08-04 07:24:48.132999936
73152,2022-08-04 07:30:05.267000064
35338,2022-08-04 07:41:02.563000064
26294,2022-08-04 08:12:44.060000000
86099,2022-08-04 08:25:00.608999936
54200,2022-08-04 08:45:00.495000064
71094,2022-08-04 08:56:56.755000064
08449,2022-08-04 08:57:31.204000000
35021,2022-08-04 09:38:41.080999936
31539,2022-08-04 10:05:42.832999936
71218,2022-08-04 11:30:25.880000000
84017,2022-08-05 08:07:11.184999936
31105,2022-08-05 08:20:07.280000000
02393,2022-08-05 09:06:59.823000064
29001,2022-08-05 10:12:31.976999936
54057,2022-08-05 12:22:59.372000000
71500,2022-08-05 12:39:06.663000064
63281,2022-08-05 13:11:00.128999936
39365,2022-08-05 13:42:15.571000064
80597,2022-08-05 15:54:04.262000128
56015,2022-08-07 15:58:19.191000064
38108,2022-08-08 07:08:50.276999936
19148,2022-08-08 09:06:10.643000064
07207,2022-08-08 10:03:16.223000064
31118,2022-08-08 10:18:07.196999936
83153,2022-08-08 11:42:19.585999872
38059,2022-08-08 11:57:54.792999936
35085,2022-08-08 12:00:43.556000000
46142,2022-08-08 12:09:29.647000064
57362,2022-08-08 12:09:44.216999936
25506,2022-08-08 12:11:38.792000000
04162,2022-08-08 12:27:01.652000000
57571,2022-08-08 12:55:11.140999936
21265,2022-08-08 13:00:26.476999936
04095,2022-08-08 13:38:00.128999936
39286,2022-08-08 13:50:54.027000064
31225,2022-08-08 14:33:54.465999872
14610,2022-08-08 14:37:22.780999936
37228,2022-08-09 07:09:06.932000000
02435,2022-08-09 07:59:50.872999936
80328,2022-08-09 08:01:54.619000064
80147,2022-08-09 08:10:09.535000064
55477,2022-08-09 08:12:34.176000000
65136,2022-08-09 08:42:39.132999936
67087,2022-08-09 08:53:32.681999872
11412,2022-08-09 09:23:56.233999872
62045,2022-08-09 09:56:07.160000000
47034,2022-08-09 09:59:31.568999936
80068,2022-08-09 12:20:05.984000000
89264,2022-08-09 12:55:47.052000000
51338,2022-08-09 13:15:14.168999936
10014,2022-08-09 14:30:27.548000000
67543,2022-08-09 14:51:01.076999936
27238,2022-08-09 15:22:32.032000000
80331,2022-08-09 15:47:42.974000128
71025,2022-08-09 15:51:06.252000000
26092,2022-08-09 17:49:19.964000000
15127,2022-08-10 08:05:23.600000000
46201,2022-08-10 08:21:08.159000064
54439,2022-08-10 08:37:43.796999936
30080,2022-08-10 08:45:25.980999936
24453,2022-08-10 08:50:20.603000064
33327,2022-08-10 09:13:01.212000000
63177,2022-08-10 09:52:00.155000064
91179,2022-08-10 14:00:39.427000064
33297,2022-08-10 14:02:55.307000064
77067,2022-08-10 14:03:36.452000000
2B332,2022-08-10 14:33:05.600000000
16032,2022-08-10 15:29:02.508999936
01211,2022-08-10 16:55:31.884999936
01089,2022-08-11 06:46:55.864000000
29142,2022-08-11 08:40:39.020999936
65309,2022-08-11 09:03:53.504999936
80087,2022-08-11 09:23:06.432999936
63368,2022-08-11 10:13:14.967000064
04201,2022-08-11 13:24:45.304000000
81184,2022-08-11 13:37:27.337999872
54317,2022-08-11 13:49:45.060999936
25388,2022-08-11 14:33:57.024999936
54126,2022-08-11 16:04:39.446000128
68296,2022-08-12 07:28:36.315000064
84033,2022-08-12 08:54:50.332000000
05155,2022-08-12 09:15:30.236000000
54241,2022-08-12 09:44:21.406000128
19083,2022-08-12 12:32:01.204999936
13069,2022-08-12 12:58:23.950000128
31370,2022-08-12 13:15:04.004000000
79319,2022-08-12 13:34:06.979000064
37019,2022-08-12 14:33:40.484999936
77078,2022-08-12 15:00:32.952999936
47233,2022-08-12 15:15:56.183000064
54355,2022-08-12 16:25:46.785999872
28387,2022-08-14 07:56:19.308999936
32209,2022-08-14 17:30:03.516000000
65409,2022-08-14 20:39:04.905999872
51266,2022-08-15 09:57:42.128000000
19225,2022-08-15 11:33:14.772999936
57079,2022-08-15 13:43:43.739000064
26032,2022-08-16 07:16:49.073999872
32132,2022-08-16 07:44:16.423000064
47081,2022-08-16 08:24:44.312999936
61339,2022-08-16 08:58:26.144999936
21074,2022-08-16 11:53:19.768999936
76207,2022-08-16 14:21:12.126000128
41280,2022-08-17 06:55:25.008000000
80299,2022-08-17 08:05:49.940999936
63155,2022-08-17 12:20:36.448999936
33090,2022-08-17 12:46:08.748000000
27152,2022-08-17 15:00:37.878000128
64128,2022-08-18 08:00:49.857999872
55534,2022-08-18 08:21:29.240000000
80244,2022-08-18 09:23:26.118000128
32023,2022-08-18 12:13:46.484000000
33143,2022-08-18 12:31:05.566000128
32251,2022-08-18 13:43:12.644000000
48156,2022-08-18 15:11:34.363000064
11393,2022-08-19 07:33:46.009999872
45036,2022-08-19 08:20:44.839000064
62646,2022-08-19 09:19:49.744000000
77123,2022-08-19 10:10:00.336999936
50077,2022-08-19 14:22:23.916000000
66062,2022-08-22 07:49:24.396000000
33546,2022-08-22 09:29:45.648000000
39030,2022-08-22 09:36:50.998000128
33197,2022-08-22 11:48:06.148000000
79139,2022-08-22 12:42:34.745999872
71501,2022-08-22 13:23:05.969999872
47055,2022-08-22 13:41:04.536999936
26298,2022-08-22 15:12:36.736000000
39179,2022-08-22 15:15:27.916000000
80395,2022-08-22 15:40:22.740000000
51457,2022-08-23 05:07:52.390000128
33477,2022-08-23 07:14:59.875000064
39513,2022-08-23 08:37:59.723000064
03212,2022-08-23 09:47:04.251000064
65193,2022-08-23 10:23:33.556999936
15102,2022-08-23 11:33:55.518000128
59075,2022-08-23 12:12:50.815000064
45098,2022-08-23 12:52:32.198000128
38045,2022-08-23 13:01:42.300000000
26091,2022-08-23 13:09:27.964999936
81062,2022-08-23 13:35:36.873999872
71241,2022-08-23 13:38:36.636000000
72042,2022-08-23 13:41:25.780999936
71440,2022-08-23 13:46:33.648000000
17433,2022-08-23 14:30:37.990000128
02506,2022-08-23 15:50:52.545999872
08394,2022-08-23 16:18:25.872999936
33531,2022-08-24 05:52:10.375000064
63365,2022-08-24 06:00:22.587000064
35191,2022-08-24 07:47:11.772999936
19038,2022-08-24 08:02:46.324000000
04025,2022-08-24 08:18:26.964999936
38084,2022-08-24 09:20:57.915000064
22311,2022-08-24 11:44:27.008000000
79029,2022-08-24 12:46:16.088999936
22068,2022-08-24 13:35:12.604999936
80237,2022-08-24 17:42:36.481999872
54066,2022-08-25 07:37:57.104999936
19276,2022-08-25 08:11:00.184000000
04023,2022-08-25 08:25:20.864000000
65441,2022-08-25 08:41:32.451000064
71400,2022-08-25 08:55:58.656000000
41081,2022-08-25 11:28:15.510000128
82117,2022-08-25 11:49:05.484999936
69287,2022-08-25 12:14:36.961999872
37267,2022-08-25 12:21:18.664999936
34214,2022-08-25 13:35:55.246000128
82157,2022-08-25 13:57:32.200999936
67418,2022-08-25 14:01:39.967000064
67545,2022-08-25 14:15:27.169999872
32268,2022-08-25 14:25:11.688999936
47203,2022-08-25 14:33:18.380999936
76420,2022-08-25 16:17:46.812000000
41252,2022-08-26 06:41:04.145999872
01317,2022-08-26 07:44:52.099000064
28334,2022-08-26 07:48:00.713999872
42083,2022-08-26 07:54:06.560999936
13089,2022-08-26 08:23:51.279000064
32117,2022-08-26 08:24:11.452999936
61304,2022-08-26 12:28:04.872000000
36028,2022-08-26 12:38:21.921999872
65074,2022-08-26 14:11:48.230000128
31534,2022-08-26 14:52:07.585999872
38552,2022-08-26 15:49:35.830000128
63044,2022-08-27 07:41:16.859000064
83075,2022-08-27 09:33:12.656000000
31518,2022-08-27 11:12:57.872999936
57657,2022-08-29 06:02:25.359000064
39062,2022-08-29 07:19:37.308999936
38363,2022-08-29 08:06:44.600000000
88100,2022-08-29 09:10:12.520999936
38206,2022-08-29 12:47:14.084000000
38390,2022-08-29 13:08:15.288000000
25309,2022-08-29 14:40:04.912000000
30053,2022-08-29 14:43:32.416000000
10186,2022-08-29 16:12:33.953999872
65387,2022-08-29 18:51:15.464000000
67100,2022-08-29 20:04:54.740000000
79310,2022-08-29 21:45:45.403000064
87047,2022-08-30 07:38:56.668000000
82153,2022-08-30 09:20:27.371000064
15184,2022-08-30 09:21:27.155000064
02259,2022-08-30 09:23:34.384000000
29065,2022-08-30 09:50:15.646000128
38410,2022-08-30 09:51:23.894000128
62200,2022-08-30 12:18:06.318000128
50324,2022-08-30 12:53:21.564000000
67021,2022-08-30 13:33:19.408000000
38463,2022-08-30 13:37:46.548000000
27340,2022-08-30 13:51:58.753999872
35087,2022-08-30 13:59:56.263000064
68345,2022-08-30 14:22:27.296000000
11215,2022-08-31 06:54:42.808999936
33242,2022-08-31 07:23:55.243000064
47281,2022-08-31 07:50:32.555000064
45200,2022-08-31 08:08:16.772999936
30029,2022-08-31 08:10:37.454000128
33141,2022-08-31 08:11:33.511000064
57491,2022-08-31 08:21:19.505999872
31552,2022-08-31 08:39:24.633999872
26197,2022-08-31 09:48:34.084999936
31570,2022-08-31 10:43:58.367000064
25177,2022-08-31 14:42:05.308000000
39252,2022-08-31 17:14:37.152999936
36083,2022-09-01 07:41:57.319000064
80459,2022-09-01 08:08:18.847000064
11187,2022-09-01 08:17:14.595000064
35308,2022-09-01 08:27:37.158000128
80496,2022-09-01 08:30:34.355000064
82164,2022-09-01 09:32:35.360000000
67032,2022-09-01 12:02:50.449999872
81031,2022-09-01 12:34:50.820999936
57690,2022-09-01 13:14:31.320999936
15083,2022-09-01 13:58:57.812000000
30339,2022-09-01 15:06:14.359000064
57024,2022-09-01 18:22:48.046000128
39552,2022-09-02 07:13:25.262000128
07097,2022-09-02 07:19:29.864999936
34119,2022-09-02 07:58:29.457999872
27660,2022-09-02 08:02:50.601999872
88102,2022-09-02 08:30:34.683000064
46323,2022-09-02 08:46:30.054000128
33520,2022-09-02 09:03:16.416999936
80025,2022-09-02 09:24:00.252000000
58066,2022-09-02 09:46:52.275000064
82060,2022-09-02 10:13:46.172999936
31312,2022-09-02 10:15:41.915000064
51479,2022-09-02 11:58:18.836999936
29241,2022-09-02 12:41:26.292999936
47327,2022-09-02 13:59:49.030000128
54340,2022-09-02 14:02:59.790000128
88347,2022-09-02 15:14:31.449999872
42101,2022-09-03 12:56:24.929999872
2B046,2022-09-03 17:32:51.080000000
52058,2022-09-05 07:41:26.271000064
08336,2022-09-05 08:05:22.704999936
31406,2022-09-05 08:57:44.431000064
35136,2022-09-05 09:19:11.900000000
70490,2022-09-05 12:33:24.494000128
37070,2022-09-05 12:40:53.124999936
2B173,2022-09-05 13:33:29.454000128
47142,2022-09-05 13:43:31.993999872
18071,2022-09-05 13:43:37.615000064
43218,2022-09-05 13:52:43.252999936
30112,2022-09-05 15:25:52.951000064
21469,2022-09-05 15:47:14.572000000
41116,2022-09-05 16:07:33.888999936
23095,2022-09-06 06:12:38.664000000
88198,2022-09-06 06:17:17.403000064
39584,2022-09-06 06:23:03.361999872
78506,2022-09-06 06:35:20.640999936
37158,2022-09-06 07:39:37.940000000
28068,2022-09-06 07:54:30.825999872
39465,2022-09-06 08:20:57.656000000
52384,2022-09-06 08:34:06.011000064
56145,2022-09-06 08:56:51.575000064
51517,2022-09-06 09:08:43.304999936
37082,2022-09-06 10:02:20.904000000
56254,2022-09-06 10:18:10.592000000
38375,2022-09-06 12:29:46.408999936
35294,2022-09-06 13:00:14.748999936
55543,2022-09-06 13:04:51.619000064
80477,2022-09-06 13:21:56.544999936
36185,2022-09-06 14:00:33.240999936
33365,2022-09-06 14:20:37.508000000
80646,2022-09-06 16:04:55.294000128
65263,2022-09-06 16:28:43.400000000
28230,2022-09-06 16:31:21.020000000
67150,2022-09-06 17:26:15.452000000
51487,2022-09-07 05:50:16.185999872
22031,2022-09-07 06:35:07.428999936
23193,2022-09-07 07:50:21.015000064
61257,2022-09-07 07:51:36.780000000
07242,2022-09-07 07:53:50.603000064
03056,2022-09-07 07:54:36.312000000
33295,2022-09-07 08:34:20.103000064
10136,2022-09-07 10:58:41.252000000
54199,2022-09-07 12:18:07.384000000
55064,2022-09-07 12:22:35.152000000
54229,2022-09-07 12:26:59.688000000
88327,2022-09-07 14:06:53.054000128
12006,2022-09-07 14:34:18.176999936
67253,2022-09-07 15:05:15.088000000
27323,2022-09-07 15:07:18.043000064
2B234,2022-09-07 16:45:19.615000064
32258,2022-09-08 06:42:31.774000128
39586,2022-09-08 07:36:56.393999872
26231,2022-09-08 07:53:57.734000128
46177,2022-09-08 08:22:06.422000128
81147,2022-09-08 09:21:44.663000064
66054,2022-09-08 10:12:36.307000064
17243,2022-09-08 11:45:47.472000000
62812,2022-09-08 11:54:30.216999936
69104,2022-09-08 12:10:29.408000000
01142,2022-09-08 12:11:04.785999872
61060,2022-09-08 12:18:45.752000000
34302,2022-09-08 13:02:15.196000000
25051,2022-09-08 13:26:05.732999936
27408,2022-09-08 15:26:14.031000064
26107,2022-09-09 06:20:24.628999936
51586,2022-09-09 07:30:33.220999936
38378,2022-09-09 07:39:35.380999936
46126,2022-09-09 08:03:08.711000064
71232,2022-09-09 08:39:07.873999872
63372,2022-09-09 08:55:11.308999936
27528,2022-09-09 09:40:17.399000064
26085,2022-09-09 10:11:55.952999936
51149,2022-09-09 11:37:33.488000000
80815,2022-09-09 12:14:52.481999872
03061,2022-09-09 12:48:14.432999936
77048,2022-09-09 13:31:05.672000000
26034,2022-09-10 09:26:05.483000064
39228,2022-09-10 09:35:55.998000128
65222,2022-09-10 15:41:06.332999936
24088,2022-09-11 13:42:24.136000000
81053,2022-09-12 07:43:24.356000000
21035,2022-09-12 07:44:31.687000064
82183,2022-09-12 09:36:03.040000000
16358,2022-09-12 10:02:22.996999936
51298,2022-09-12 10:04:46.177999872
87113,2022-09-12 11:46:55.208000000
43004,2022-09-12 11:52:26.072000000
47121,2022-09-12 11:52:28.950000128
39202,2022-09-12 12:41:52.398000128
21535,2022-09-12 12:47:17.750000128
2A186,2022-09-12 12:55:47.790000128
38197,2022-09-12 13:43:02.768999936
51468,2022-09-12 14:18:15.784000000
30252,2022-09-12 15:23:53.598000128
66136,2022-09-12 15:39:14.056000000
27505,2022-09-12 20:04:09.348000000
35251,2022-09-13 07:38:22.828000000
71150,2022-09-13 08:21:49.447000064
55551,2022-09-13 08:53:38.316000000
65238,2022-09-13 09:26:57.612000000
47296,2022-09-13 09:27:02.596999936
41052,2022-09-13 09:45:16.556999936
02134,2022-09-13 09:46:09.838000128
76350,2022-09-13 10:24:00.305999872
23063,2022-09-13 13:30:18.897999872
67270,2022-09-13 15:01:13.748999936
80388,2022-09-13 15:48:51.084999936
67163,2022-09-13 16:20:14.140999936
27072,2022-09-13 16:58:39.896000000
31079,2022-09-14 07:15:02.644999936
32458,2022-09-14 07:25:42.478000128
08317,2022-09-14 07:46:45.004999936
46035,2022-09-14 07:49:13.128000000
35192,2022-09-14 10:58:03.187000064
16208,2022-09-14 12:27:03.375000064
03147,2022-09-14 12:36:40.604000000
25542,2022-09-14 12:40:00.193999872
22103,2022-09-15 06:50:38.479000064
71414,2022-09-15 07:14:18.627000064
97605,2022-09-15 07:19:50.897999872
17340,2022-09-15 07:27:23.912000000
41192,2022-09-15 07:29:50.387000064
56222,2022-09-15 07:31:15.465999872
54140,2022-09-15 07:34:02.161999872
22085,2022-09-15 07:45:15.276999936
37072,2022-09-15 08:40:20.500999936
22217,2022-09-15 09:19:23.179000064
64550,2022-09-15 09:23:14.304999936
05170,2022-09-15 11:21:45.620000000
19277,2022-09-15 11:46:38.617999872
11332,2022-09-15 11:57:08.968000000
45094,2022-09-15 12:05:11.864999936
16160,2022-09-15 12:18:17.423000064
55313,2022-09-15 13:19:07.424999936
65368,2022-09-15 14:02:02.376999936
47067,2022-09-15 14:02:05.446000128
29114,2022-09-15 14:05:34.036000000
69109,2022-09-15 14:52:20.278000128
51032,2022-09-15 14:56:40.912000000
64142,2022-09-15 15:04:03.257999872
80030,2022-09-15 15:25:39.844999936
55445,2022-09-15 15:32:42.398000128
80665,2022-09-15 15:55:03.030000128
80476,2022-09-15 15:56:23.504000000
81101,2022-09-15 16:19:34.232999936
27111,2022-09-15 16:24:05.233999872
10127,2022-09-15 16:57:50.230000128
37094,2022-09-16 06:49:27.799000064
82042,2022-09-16 07:59:42.052999936
41231,2022-09-16 08:23:39.236000000
82154,2022-09-16 08:24:55.574000128
82185,2022-09-16 08:38:19.025999872
55379,2022-09-16 09:10:38.454000128
46072,2022-09-16 09:15:16.017999872
17355,2022-09-16 09:17:14.193999872
37020,2022-09-16 10:18:54.291000064
29297,2022-09-16 11:55:17.132000000
47022,2022-09-16 12:14:41.256000000
55137,2022-09-16 12:33:30.836999936
61294,2022-09-16 12:52:11.788999936
30323,2022-09-16 13:04:11.056999936
39568,2022-09-16 13:08:44.591000064
82116,2022-09-16 14:47:57.064999936
06082,2022-09-16 16:07:39.504999936
09114,2022-09-16 16:42:02.494000128
02791,2022-09-17 08:25:34.071000064
36237,2022-09-17 13:25:57.174000128
47146,2022-09-17 17:35:14.852000000
05070,2022-09-19 07:13:44.947000064
50218,2022-09-19 07:56:23.976999936
65280,2022-09-19 08:00:26.255000064
55158,2022-09-19 08:43:16.716999936
40207,2022-09-19 08:44:15.694000128
82021,2022-09-19 09:22:31.542000128
35031,2022-09-19 09:31:41.276999936
82177,2022-09-19 09:46:21.675000064
38153,2022-09-19 12:04:41.276000000
69197,2022-09-19 12:43:39.940000000
51591,2022-09-19 16:20:08.343000064
78455,2022-09-20 06:55:10.798000128
2A284,2022-09-20 07:16:45.876000000
47073,2022-09-20 07:25:27.454000128
35038,2022-09-20 08:07:00.783000064
47045,2022-09-20 08:46:31.062000128
40219,2022-09-20 09:01:27.817999872
06044,2022-09-20 09:38:31.062000128
84051,2022-09-20 09:51:03.759000064
64188,2022-09-20 10:36:04.984000000
58239,2022-09-20 12:41:36.040999936
64468,2022-09-20 13:19:04.583000064
2B202,2022-09-20 13:56:43.340999936
78440,2022-09-20 14:50:52.324999936
54097,2022-09-20 15:09:30.992999936
80344,2022-09-21 04:50:23.272999936
38156,2022-09-21 07:28:48.267000064
80673,2022-09-21 08:32:07.550000128
67468,2022-09-21 08:42:21.023000064
35042,2022-09-21 09:32:47.771000064
56107,2022-09-21 09:37:30.105999872
31240,2022-09-21 10:31:56.240999936
32367,2022-09-21 11:48:27.504999936
56184,2022-09-21 13:56:47.671000064
39001,2022-09-21 14:28:57.756999936
17071,2022-09-21 14:33:42.256000000
08075,2022-09-22 02:46:51.756999936
57752,2022-09-22 06:26:22.304000000
2B263,2022-09-22 06:59:37.195000064
84043,2022-09-22 07:41:06.256000000
57748,2022-09-22 07:49:44.817999872
26201,2022-09-22 08:54:09.768000000
31393,2022-09-22 09:07:13.664000000
57750,2022-09-22 09:10:48.961999872
77096,2022-09-22 09:15:25.345999872
27404,2022-09-22 09:38:15.891000064
65475,2022-09-22 09:42:33.929999872
07022,2022-09-22 09:44:26.311000064
57408,2022-09-22 09:48:22.332999936
34074,2022-09-22 09:57:25.356999936
06021,2022-09-22 10:10:08.878000128
39049,2022-09-22 10:14:10.809999872
57194,2022-09-22 10:40:51.600000000
78255,2022-09-22 11:17:14.592999936
38316,2022-09-22 12:14:45.655000064
23173,2022-09-22 13:15:47.987000064
34035,2022-09-22 13:18:33.454000128
39462,2022-09-22 13:40:12.177999872
26355,2022-09-22 14:05:53.235000064
69285,2022-09-23 07:27:05.464000000
38013,2022-09-23 08:39:05.244000000
36011,2022-09-23 08:55:04.580000000
12025,2022-09-23 09:32:39.780999936
2B222,2022-09-23 11:27:13.230000128
61402,2022-09-23 12:25:08.603000064
29243,2022-09-23 12:39:30.815000064
47102,2022-09-23 12:56:57.358000128
2B260,2022-09-23 13:15:55.204000000
08480,2022-09-23 14:14:56.656999936
32284,2022-09-23 14:19:54.536999936
60267,2022-09-25 15:08:41.060000000
46149,2022-09-26 07:37:33.176999936
38310,2022-09-26 08:20:59.510000128
10084,2022-09-26 08:49:51.956000000
02675,2022-09-26 08:56:48.822000128
56173,2022-09-26 09:26:10.136999936
54152,2022-09-26 09:29:26.272000000
37125,2022-09-26 09:48:55.699000064
47187,2022-09-26 09:53:21.102000128
04219,2022-09-26 10:57:46.712999936
57760,2022-09-26 12:01:45.720000000
80462,2022-09-26 12:45:35.912999936
38046,2022-09-26 13:26:33.012000000
47172,2022-09-26 13:38:21.996999936
88376,2022-09-26 13:43:55.089999872
21528,2022-09-26 14:08:00.328000000
45212,2022-09-26 14:20:16.342000128
34178,2022-09-26 15:20:07.849999872
55391,2022-09-26 15:48:17.344999936
10372,2022-09-27 06:39:13.984000000
68096,2022-09-27 07:03:41.019000064
19155,2022-09-27 07:36:11.804000000
97603,2022-09-27 08:00:18.440000000
07311,2022-09-27 08:32:19.748999936
39020,2022-09-27 08:58:48.504000000
52543,2022-09-27 09:45:15.009999872
60446,2022-09-27 10:39:04.111000064
21021,2022-09-27 12:02:17.371000064
10002,2022-09-27 12:31:00.958000128
19215,2022-09-27 12:49:20.936000000
17053,2022-09-27 12:55:03.580999936
36228,2022-09-27 13:13:46.452000000
26164,2022-09-27 14:10:52.855000064
79125,2022-09-27 14:21:52.611000064
64093,2022-09-27 14:33:03.846000128
57680,2022-09-27 14:33:36.268000000
25496,2022-09-27 14:50:03.328999936
46227,2022-09-27 15:53:11.452000000
70079,2022-09-27 17:46:54.304999936
33126,2022-09-28 08:15:10.532000000
15067,2022-09-28 08:26:36.676000000
39077,2022-09-28 08:34:26.664000000
39199,2022-09-28 09:12:32.689999872
63247,2022-09-28 09:16:44.884000000
45067,2022-09-28 09:20:45.716000000
67368,2022-09-28 09:45:16.832000000
47163,2022-09-28 09:48:56.081999872
26082,2022-09-28 09:49:26.329999872
07231,2022-09-28 11:36:18.004999936
38113,2022-09-28 13:11:39.603000064
76295,2022-09-28 13:42:58.492000000
38366,2022-09-28 14:02:37.273999872
65428,2022-09-28 14:18:57.848999936
27259,2022-09-28 14:40:11.063000064
38514,2022-09-28 15:33:01.140000000
70567,2022-09-28 16:48:42.120999936
04184,2022-09-29 06:58:04.343000064
24176,2022-09-29 06:59:18.734000128
11099,2022-09-29 07:15:38.935000064
04163,2022-09-29 08:10:24.348999936
30129,2022-09-29 09:57:45.121999872
30042,2022-09-29 11:39:13.172000000
47097,2022-09-29 11:58:36.687000064
48018,2022-09-29 12:30:38.768000000
15212,2022-09-29 12:35:02.222000128
07100,2022-09-29 13:08:52.352000000
25220,2022-09-29 13:28:15.804999936
56219,2022-09-29 14:16:22.625999872
87170,2022-09-29 14:19:46.979000064
26323,2022-09-29 14:57:13.807000064
39262,2022-09-29 15:20:54.460000000
39040,2022-09-29 15:28:25.080000000
71047,2022-09-30 07:20:22.404999936
17194,2022-09-30 09:02:00.577999872
17386,2022-09-30 11:47:13.227000064
38069,2022-09-30 12:58:12.275000064
17245,2022-09-30 15:59:44.460999936
80132,2022-10-01 07:10:30.790000128
83010,2022-10-03 07:53:17.360999936
57357,2022-10-03 08:12:25.504999936
39452,2022-10-03 08:40:17.480000000
2B176,2022-10-03 10:13:49.284000000
01384,2022-10-03 11:09:34.412000000
25516,2022-10-03 11:11:53.769999872
57308,2022-10-03 11:31:50.736000000
67440,2022-10-03 12:50:15.084000000
31155,2022-10-03 13:10:53.540000000
03168,2022-10-03 13:30:20.480999936
60219,2022-10-03 19:50:47.779000064
29130,2022-10-04 07:33:05.796999936
26358,2022-10-04 08:26:19.070000128
17120,2022-10-04 08:30:23.128999936
17442,2022-10-04 08:47:26.350000128
46168,2022-10-04 08:49:22.937999872
63125,2022-10-04 09:14:59.399000064
2A189,2022-10-04 09:37:16.080999936
17462,2022-10-04 10:23:11.128999936
15103,2022-10-04 11:51:06.068000000
26123,2022-10-04 12:48:09.680999936
47245,2022-10-04 12:58:03.460000000
61397,2022-10-04 13:54:17.681999872
91225,2022-10-04 14:20:59.188999936
46004,2022-10-04 15:02:39.084000000
55573,2022-10-05 06:53:34.971000064
39449,2022-10-05 07:48:49.569999872
76592,2022-10-05 09:03:18.470000128
19252,2022-10-05 09:32:01.776999936
18194,2022-10-05 12:26:57.959000064
47265,2022-10-05 13:20:03.744999936
07167,2022-10-05 13:58:37.751000064
24268,2022-10-05 14:06:52.303000064
80387,2022-10-05 14:29:32.000999936
15144,2022-10-05 16:26:11.028999936
38124,2022-10-06 06:13:00.897999872
77472,2022-10-06 07:22:23.328999936
38443,2022-10-06 07:39:11.726000128
21407,2022-10-06 08:58:10.540999936
26074,2022-10-06 09:07:10.883000064
68091,2022-10-06 09:26:56.124000000
26180,2022-10-06 11:40:32.547000064
39561,2022-10-06 12:19:02.748999936
64472,2022-10-06 12:31:21.584999936
56137,2022-10-06 12:34:37.776000000
66134,2022-10-06 12:50:51.553999872
13071,2022-10-06 13:21:13.864000000
60297,2022-10-06 13:21:26.833999872
33237,2022-10-06 13:34:11.659000064
13114,2022-10-06 14:02:54.508000000
01017,2022-10-06 14:24:04.353999872
64019,2022-10-06 14:25:20.569999872
38127,2022-10-06 18:36:23.899000064
26242,2022-10-07 04:35:01.295000064
07188,2022-10-07 06:20:16.065999872
82070,2022-10-07 07:37:49.672999936
24505,2022-10-07 07:44:29.496000000
62497,2022-10-07 08:11:02.995000064
35304,2022-10-07 09:24:23.735000064
17435,2022-10-07 11:00:42.568000000
58192,2022-10-07 12:24:22.260000000
27390,2022-10-07 12:43:48.523000064
54039,2022-10-07 13:11:10.593999872
38006,2022-10-07 13:22:51.118000128
41089,2022-10-07 15:19:50.052999936
63175,2022-10-07 22:07:33.828999936
33418,2022-10-08 07:06:04.636000000
10369,2022-10-08 08:20:00.708000000
39305,2022-10-08 15:30:53.420000000
26087,2022-10-10 06:26:55.204000000
45120,2022-10-10 07:33:17.921999872
69167,2022-10-10 08:02:14.960000000
10256,2022-10-10 08:22:49.164999936
31164,2022-10-10 08:32:24.072000000
19062,2022-10-10 08:58:37.990000128
26253,2022-10-10 09:07:45.993999872
38380,2022-10-10 09:10:12.524999936
58148,2022-10-10 09:35:44.252000000
29033,2022-10-10 09:56:40.523000064
22064,2022-10-10 10:02:39.128000000
61036,2022-10-10 12:12:15.728000000
26300,2022-10-10 12:21:34.720999936
61288,2022-10-10 12:42:32.158000128
67346,2022-10-10 13:06:59.811000064
39029,2022-10-10 13:08:27.644000000
07115,2022-10-10 13:11:41.643000064
39337,2022-10-10 14:14:31.731000064
01053,2022-10-10 14:15:53.424000000
77222,2022-10-10 14:32:10.345999872
47260,2022-10-10 15:25:08.300999936
68054,2022-10-11 07:41:33.588000000
90025,2022-10-11 07:50:17.455000064
17063,2022-10-11 08:10:10.099000064
71354,2022-10-11 10:14:59.406000128
61002,2022-10-11 13:01:02.070000128
80280,2022-10-11 13:30:04.222000128
41103,2022-10-11 14:35:06.071000064
97615,2022-10-11 15:37:17.924999936
33396,2022-10-12 07:53:09.556000000
61503,2022-10-12 09:04:18.056000000
35170,2022-10-12 09:32:13.593999872
17404,2022-10-12 09:37:41.713999872
61393,2022-10-12 09:42:45.044000000
54033,2022-10-12 09:44:45.339000064
41012,2022-10-12 12:40:59.903000064
16280,2022-10-12 12:56:56.816000000
17274,2022-10-12 13:00:04.145999872
80819,2022-10-12 13:17:27.803000064
26139,2022-10-12 13:29:34.972999936
56116,2022-10-12 13:30:24.879000064
31497,2022-10-12 14:07:06.742000128
17171,2022-10-12 15:02:14.824000000
63336,2022-10-12 19:50:25.007000064
18193,2022-10-13 11:42:46.913999872
12140,2022-10-13 12:08:49.544000000
56072,2022-10-13 12:12:20.752000000
28249,2022-10-13 12:22:46.926000128
60483,2022-10-13 13:01:53.622000128
26004,2022-10-13 13:17:56.486000128
65417,2022-10-13 13:20:09.300000000
80480,2022-10-13 15:07:15.636000000
31503,2022-10-13 16:08:48.144000000
03250,2022-10-14 07:36:46.224000000
31368,2022-10-14 07:48:43.710000128
63421,2022-10-14 07:54:29.047000064
71491,2022-10-14 08:11:11.337999872
17200,2022-10-14 09:05:48.489999872
80591,2022-10-14 09:40:28.644999936
23006,2022-10-14 09:56:16.748999936
76283,2022-10-14 11:42:24.212999936
82094,2022-10-14 11:50:56.513999872
82016,2022-10-14 12:04:21.296999936
82168,2022-10-14 12:12:24.984000000
17179,2022-10-14 12:34:04.276999936
19052,2022-10-14 13:43:30.705999872
63076,2022-10-15 22:07:47.716000000
10396,2022-10-16 19:39:22.681999872
41150,2022-10-17 06:41:08.596999936
59094,2022-10-17 07:14:50.947000064
39323,2022-10-17 07:55:01.927000064
55358,2022-10-17 07:57:21.667000064
80787,2022-10-17 07:59:42.060000000
15156,2022-10-17 08:56:14.583000064
35358,2022-10-17 09:32:31.408000000
67422,2022-10-17 09:42:48.681999872
51512,2022-10-17 09:56:46.183000064
26239,2022-10-17 10:17:46.377999872
15090,2022-10-17 11:35:32.532999936
19145,2022-10-17 12:10:55.200999936
80236,2022-10-17 12:35:14.771000064
81141,2022-10-17 12:53:40.700999936
29071,2022-10-17 12:54:13.407000064
11366,2022-10-17 14:04:24.012999936
42174,2022-10-17 14:34:27.736999936
69298,2022-10-17 14:59:21.983000064
80821,2022-10-17 15:05:36.359000064
55217,2022-10-17 15:40:49.729999872
24566,2022-10-17 15:49:50.975000064
80191,2022-10-18 06:57:58.439000064
25448,2022-10-18 07:37:38.344000000
42112,2022-10-18 07:59:07.276000000
56057,2022-10-18 08:21:49.454000128
33496,2022-10-18 12:23:44.316000000
80799,2022-10-18 12:56:48.406000128
95306,2022-10-18 12:58:26.185999872
62736,2022-10-18 14:04:56.544999936
55128,2022-10-18 14:40:53.430000128
30196,2022-10-18 14:50:49.694000128
55409,2022-10-18 15:04:22.884999936
81092,2022-10-18 15:07:53.928000000
34150,2022-10-18 15:24:02.318000128
31304,2022-10-18 16:51:42.692000000
39288,2022-10-18 16:55:16.207000064
63117,2022-10-19 06:12:12.552000000
37055,2022-10-19 07:26:13.764999936
80718,2022-10-19 09:00:14.246000128
80407,2022-10-19 09:23:39.712000000
80746,2022-10-19 09:36:41.620000000
47297,2022-10-19 10:42:29.872000000
50536,2022-10-19 11:56:30.478000128
01157,2022-10-19 12:18:45.099000064
38403,2022-10-19 12:21:01.278000128
63440,2022-10-19 12:24:30.216999936
34323,2022-10-19 13:20:41.372000000
39268,2022-10-19 13:31:31.199000064
39405,2022-10-19 17:03:28.976999936
80527,2022-10-19 17:41:29.176000000
51491,2022-10-19 18:21:29.852000000
24519,2022-10-20 06:57:33.479000064
46182,2022-10-20 07:10:27.204999936
24254,2022-10-20 07:18:10.288999936
57272,2022-10-20 07:41:49.092000000
29222,2022-10-20 07:58:03.972000000
40272,2022-10-20 08:00:31.560999936
39090,2022-10-20 08:46:41.243000064
66005,2022-10-20 08:47:38.364000000
39402,2022-10-20 08:48:55.659000064
39537,2022-10-20 08:50:40.024000000
39131,2022-10-20 08:54:29.707000064
39013,2022-10-20 09:25:20.681999872
86092,2022-10-20 09:33:06.075000064
38208,2022-10-20 09:37:51.884999936
27393,2022-10-20 10:42:43.414000128
26039,2022-10-20 11:53:23.099000064
45220,2022-10-20 12:33:50.296000000
01309,2022-10-20 12:41:00.819000064
39422,2022-10-20 12:47:06.351000064
60361,2022-10-20 13:08:52.708000000
70561,2022-10-20 13:43:19.799000064
09025,2022-10-20 14:27:54.404999936
52321,2022-10-20 14:55:41.928000000
51616,2022-10-20 15:57:57.920999936
10248,2022-10-21 07:39:12.660999936
77055,2022-10-21 07:55:34.569999872
83120,2022-10-21 08:00:39.129999872
66025,2022-10-21 08:18:25.414000128
83123,2022-10-21 08:46:44.508999936
36236,2022-10-21 08:51:15.467000064
02279,2022-10-21 09:14:45.617999872
31014,2022-10-21 09:18:29.940000000
09235,2022-10-21 09:43:51.824000000
17106,2022-10-21 10:14:03.342000128
89430,2022-10-21 10:59:33.492999936
25500,2022-10-21 11:47:43.667000064
57438,2022-10-21 12:34:26.612999936
80284,2022-10-21 12:41:22.823000064
38536,2022-10-21 13:06:31.919000064
71269,2022-10-21 14:13:56.513999872
50021,2022-10-21 16:10:56.956000000
39378,2022-10-21 16:56:54.984000000
11417,2022-10-21 20:25:10.588000000
59308,2022-10-22 07:47:20.945999872
82022,2022-10-22 08:27:25.704999936
54591,2022-10-22 08:50:50.144999936
41086,2022-10-22 09:35:03.884000000
57561,2022-10-24 06:58:40.862000128
63183,2022-10-24 07:01:03.129999872
61475,2022-10-24 07:56:04.215000064
08427,2022-10-24 08:41:40.494000128
31173,2022-10-24 08:44:11.916999936
23210,2022-10-24 08:59:06.672999936
35105,2022-10-24 09:02:47.640999936
70422,2022-10-24 09:07:49.447000064
29133,2022-10-24 09:42:57.892000000
15122,2022-10-24 09:54:20.351000064
10133,2022-10-24 11:14:38.681999872
35023,2022-10-24 12:30:28.667000064
07002,2022-10-24 12:53:23.662000128
29263,2022-10-24 13:22:23.144999936
76141,2022-10-24 13:32:50.956999936
28207,2022-10-24 14:47:06.591000064
63364,2022-10-24 14:50:08.840000000
31516,2022-10-24 15:12:39.145999872
28408,2022-10-24 15:28:57.548999936
39095,2022-10-25 09:24:11.596999936
19154,2022-10-25 09:56:37.264000000
22233,2022-10-25 11:48:24.092000000
36086,2022-10-25 11:56:55.779000064
77287,2022-10-25 12:12:34.759000064
56126,2022-10-25 12:24:34.684000000
69156,2022-10-25 12:53:28.800999936
32076,2022-10-25 13:43:54.980999936
46132,2022-10-25 13:49:56.012999936
45004,2022-10-25 13:50:44.884000000
31197,2022-10-25 14:19:24.792000000
24168,2022-10-25 15:00:41.969999872
64549,2022-10-25 15:33:11.436999936
55532,2022-10-25 16:01:40.464999936
57504,2022-10-25 20:46:19.184999936
09002,2022-10-26 08:09:17.203000064
80437,2022-10-26 08:43:55.094000128
81244,2022-10-26 08:45:44.934000128
12298,2022-10-26 09:09:43.454000128
81060,2022-10-26 09:21:48.387000064
13011,2022-10-26 09:33:38.687000064
29262,2022-10-26 11:56:51.840000000
84050,2022-10-26 12:17:00.447000064
11192,2022-10-26 12:37:31.228999936
39118,2022-10-26 12:43:37.808999936
22361,2022-10-26 12:46:20.948999936
80770,2022-10-26 13:42:36.443000064
59053,2022-10-26 14:19:23.102000128
57725,2022-10-26 14:40:14.777999872
67106,2022-10-26 14:57:37.044000000
70256,2022-10-26 20:04:37.988999936
09110,2022-10-27 07:10:01.816000000
50023,2022-10-27 08:10:46.124000000
10287,2022-10-27 08:57:54.864000000
22347,2022-10-27 09:20:43.534000128
91228,2022-10-27 10:10:42.966000128
07049,2022-10-27 11:27:01.815000064
45033,2022-10-27 12:18:26.545999872
29072,2022-10-27 12:30:12.691000064
21126,2022-10-27 13:24:49.523000064
66218,2022-10-27 13:24:59.824999936
47068,2022-10-27 13:59:31.363000064
39121,2022-10-27 14:02:43.935000064
57097,2022-10-27 14:25:19.324999936
17153,2022-10-27 14:33:22.864000000
71558,2022-10-27 14:44:50.713999872
16140,2022-10-27 14:45:09.001999872
50578,2022-10-27 16:53:06.819000064
50610,2022-10-27 17:08:08.668999936
22180,2022-10-28 06:39:14.959000064
03005,2022-10-28 06:46:51.940000000
86254,2022-10-28 07:29:33.767000064
43153,2022-10-28 07:57:48.420999936
12130,2022-10-28 09:04:59.289999872
32184,2022-10-28 09:42:35.575000064
46137,2022-10-28 12:33:16.966000128
36108,2022-10-28 12:57:13.975000064
32240,2022-10-28 13:05:18.664000000
80659,2022-10-28 13:15:34.020999936
32450,2022-10-28 13:40:55.483000064
45199,2022-10-28 14:20:40.305999872
29063,2022-10-28 14:23:57.511000064
63305,2022-10-28 14:33:50.016999936
69014,2022-10-28 14:33:58.284999936
38144,2022-10-28 15:03:47.543000064
01165,2022-10-28 15:43:33.164000000
27217,2022-10-29 20:17:43.736999936
32460,2022-10-30 06:23:48.272000000
54121,2022-10-31 06:32:49.559000064
70122,2022-10-31 08:53:41.348000000
03196,2022-10-31 09:23:56.164000000
24321,2022-10-31 13:05:07.019000064
38348,2022-10-31 13:31:40.009999872
54356,2022-10-31 16:07:20.606000128
50571,2022-10-31 16:20:12.692000000
43195,2022-10-31 17:20:21.987000064
51058,2022-11-01 15:01:22.044999936
38340,2022-11-01 15:32:50.239000064
04173,2022-11-02 08:25:02.865999872
09279,2022-11-02 10:14:16.151000064
46109,2022-11-02 13:57:30.489999872
24226,2022-11-02 14:08:44.998000128
32100,2022-11-02 14:39:15.075000064
55038,2022-11-02 14:39:34.958000128
55017,2022-11-02 15:04:33.671000064
39073,2022-11-02 15:51:32.579000064
11079,2022-11-02 16:15:03.104999936
71523,2022-11-03 08:07:08.767000064
38358,2022-11-03 08:57:01.603000064
87019,2022-11-03 09:34:18.659000064
89124,2022-11-03 09:37:18.502000128
27031,2022-11-03 11:28:35.300000000
45281,2022-11-03 13:02:30.560000000
17073,2022-11-03 13:06:01.814000128
61007,2022-11-03 13:42:40.910000128
19130,2022-11-03 13:54:17.688000000
24366,2022-11-03 14:39:12.528000000
71427,2022-11-03 14:47:32.232999936
80575,2022-11-03 15:31:17.014000128
54461,2022-11-03 17:50:27.736000000
18203,2022-11-04 07:42:29.952000000
07211,2022-11-04 08:14:11.740999936
60017,2022-11-04 08:36:00.680999936
43107,2022-11-04 10:42:25.966000128
54261,2022-11-04 12:44:16.524000000
55065,2022-11-04 13:28:08.561999872
09091,2022-11-04 13:44:47.356999936
11209,2022-11-04 14:25:07.655000064
23237,2022-11-04 14:57:51.076000000
54471,2022-11-04 15:02:48.457999872
40073,2022-11-04 15:41:03.323000064
27475,2022-11-06 17:57:50.323000064
38344,2022-11-07 07:40:25.120999936
15015,2022-11-07 08:08:14.604999936
60265,2022-11-07 08:59:34.343000064
80485,2022-11-07 09:34:44.878000128
57671,2022-11-07 10:37:39.881999872
39150,2022-11-07 10:52:48.160000000
70210,2022-11-07 11:05:13.584999936
37002,2022-11-07 13:34:45.507000064
89143,2022-11-07 13:43:04.899000064
25507,2022-11-07 14:02:13.022000128
80645,2022-11-07 14:06:40.478000128
40061,2022-11-07 14:36:50.038000128
03249,2022-11-07 14:58:34.780999936
47299,2022-11-07 15:12:29.529999872
50175,2022-11-07 17:43:36.428999936
86174,2022-11-08 08:08:21.659000064
80127,2022-11-08 08:24:37.711000064
52044,2022-11-08 08:27:21.332000000
38263,2022-11-08 08:52:03.724000000
04039,2022-11-08 09:04:51.660999936
19143,2022-11-08 09:33:49.660000000
71275,2022-11-08 09:36:35.281999872
40333,2022-11-08 09:55:26.886000128
46292,2022-11-08 10:42:43.752000000
62276,2022-11-08 10:43:25.185999872
51637,2022-11-08 11:23:21.615000064
46334,2022-11-08 13:17:07.144999936
10074,2022-11-08 15:10:23.867000064
31281,2022-11-08 15:44:21.319000064
50365,2022-11-08 16:24:47.974000128
08341,2022-11-08 16:28:36.382000128
69059,2022-11-08 18:21:16.534000128
23253,2022-11-09 07:20:11.737999872
01134,2022-11-09 08:18:06.904999936
09145,2022-11-09 08:27:56.360999936
56157,2022-11-09 08:33:14.864999936
68381,2022-11-09 09:23:02.335000064
45069,2022-11-09 09:28:43.958000128
51182,2022-11-09 09:34:50.955000064
80420,2022-11-09 09:49:11.777999872
11351,2022-11-09 10:17:10.931000064
41047,2022-11-09 10:45:16.840000000
38456,2022-11-09 12:32:46.119000064
66046,2022-11-09 13:13:33.963000064
54580,2022-11-09 13:45:37.191000064
25065,2022-11-09 13:59:10.990000128
40132,2022-11-09 14:35:40.340999936
45103,2022-11-09 14:59:21.774000128
60518,2022-11-09 16:28:40.756999936
57365,2022-11-10 08:32:45.167000064
66178,2022-11-10 10:09:11.608000000
50246,2022-11-10 10:55:58.512000000
31531,2022-11-10 11:10:26.097999872
61100,2022-11-10 12:53:01.808999936
10381,2022-11-10 12:56:26.608999936
35106,2022-11-10 12:58:02.953999872
81061,2022-11-10 13:04:35.211000064
81197,2022-11-10 13:05:29.910000128
05095,2022-11-10 13:05:32.615000064
81082,2022-11-10 13:06:17.563000064
81237,2022-11-10 13:06:18.030000128
81212,2022-11-10 13:06:18.244999936
81282,2022-11-10 13:06:18.247000064
81234,2022-11-10 13:06:24.513999872
81172,2022-11-10 13:06:24.656999936
81085,2022-11-10 13:06:24.659000064
81110,2022-11-10 13:06:26.023000064
81199,2022-11-10 13:06:26.488000000
81268,2022-11-10 13:06:26.716999936
81287,2022-11-10 13:06:26.819000064
81247,2022-11-10 13:06:26.937999872
81126,2022-11-10 13:06:27.412999936
81044,2022-11-10 13:06:27.548000000
81176,2022-11-10 13:06:27.680000000
81071,2022-11-10 13:06:28.894000128
81086,2022-11-10 13:06:28.916999936
81259,2022-11-10 13:06:29.196000000
81040,2022-11-10 13:06:32.040999936
81245,2022-11-10 13:06:32.092999936
81161,2022-11-10 13:06:32.827000064
81186,2022-11-10 13:06:33.260999936
81134,2022-11-10 13:06:33.496000000
81023,2022-11-10 13:06:33.583000064
12015,2022-11-10 13:06:33.804999936
05115,2022-11-10 13:06:34.638000128
81083,2022-11-10 13:06:34.640000000
81275,2022-11-10 13:06:34.640000000
12211,2022-11-10 13:06:35.257999872
81047,2022-11-10 13:06:35.262000128
81119,2022-11-10 13:06:35.608000000
12029,2022-11-10 13:06:35.668999936
81200,2022-11-10 13:06:35.918000128
81277,2022-11-10 13:06:36.795000064
81274,2022-11-10 13:06:38.529999872
12303,2022-11-10 13:06:39.572999936
12210,2022-11-10 13:06:42.016000000
05029,2022-11-10 13:06:42.715000064
81311,2022-11-10 13:06:47.686000128
81306,2022-11-10 13:06:48.240000000
12061,2022-11-10 13:06:48.292999936
29089,2022-11-10 13:06:50.590000128
29029,2022-11-10 13:06:52.823000064
81266,2022-11-10 13:06:52.867000064
12105,2022-11-10 13:07:01.664999936
81069,2022-11-10 13:07:02.168999936
12011,2022-11-10 13:07:02.172999936
17158,2022-11-10 13:15:04.129999872
84056,2022-11-10 13:30:33.065999872
16373,2022-11-10 13:32:57.972000000
16342,2022-11-10 13:33:07.568999936
16315,2022-11-10 13:33:09.113999872
76206,2022-11-10 13:37:54.687000064
86268,2022-11-10 13:39:26.515000064
86261,2022-11-10 13:39:26.534000128
86239,2022-11-10 13:39:26.772999936
86214,2022-11-10 13:39:27.097999872
86226,2022-11-10 13:39:27.188999936
86024,2022-11-10 13:39:27.768000000
86027,2022-11-10 13:39:28.070000128
86088,2022-11-10 13:39:31.496000000
86031,2022-11-10 13:39:31.705999872
86198,2022-11-10 13:39:32.227000064
86222,2022-11-10 13:39:32.236999936
86163,2022-11-10 13:39:33.673999872
86157,2022-11-10 13:39:33.976999936
86213,2022-11-10 13:39:33.980000000
86158,2022-11-10 13:39:34.059000064
86297,2022-11-10 13:39:34.577999872
86133,2022-11-10 13:39:34.844999936
86244,2022-11-10 13:39:35.017999872
86139,2022-11-10 13:39:35.103000064
86253,2022-11-10 13:39:35.324999936
86041,2022-11-10 13:39:35.775000064
86058,2022-11-10 13:39:35.851000064
86256,2022-11-10 13:39:35.932999936
86019,2022-11-10 13:39:36.267000064
86045,2022-11-10 13:39:36.312999936
86115,2022-11-10 13:39:36.591000064
86080,2022-11-10 13:39:36.758000128
86028,2022-11-10 13:39:36.985999872
86095,2022-11-10 13:39:36.991000064
86114,2022-11-10 13:39:37.240000000
86070,2022-11-10 13:39:37.336000000
86124,2022-11-10 13:39:37.336999936
86091,2022-11-10 13:39:37.380000000
86135,2022-11-10 13:39:37.452999936
86202,2022-11-10 13:39:37.548999936
73265,2022-11-10 13:40:47.480000000
70259,2022-11-10 13:40:52.767000064
24529,2022-11-10 13:41:05.860999936
24493,2022-11-10 13:41:10.436999936
24381,2022-11-10 13:41:45.452999936
24144,2022-11-10 13:41:49.368999936
49060,2022-11-10 13:42:37.238000128
74233,2022-11-10 13:44:01.167000064
74009,2022-11-10 13:44:08.822000128
74145,2022-11-10 13:44:08.852000000
74260,2022-11-10 13:44:23.193999872
17482,2022-11-10 13:57:24.737999872
30309,2022-11-10 14:07:23.785999872
42187,2022-11-10 14:09:31.699000064
80529,2022-11-10 15:07:26.660999936
17298,2022-11-10 16:04:19.270000128
19118,2022-11-10 17:39:16.542000128
47042,2022-11-10 20:15:38.079000064
29162,2022-11-11 12:05:53.488000000
60465,2022-11-12 08:55:56.248999936
31498,2022-11-12 15:23:23.766000128
31314,2022-11-12 15:23:52.716999936
77369,2022-11-13 16:55:02.812000000
47143,2022-11-14 09:01:57.828999936
59319,2022-11-14 09:04:48.214000128
47213,2022-11-14 10:41:48.078000128
32309,2022-11-14 10:55:20.048999936
35046,2022-11-14 12:06:54.884999936
71565,2022-11-14 13:52:59.404000000
26306,2022-11-14 14:35:36.668999936
34204,2022-11-14 14:39:47.593999872
81139,2022-11-14 14:57:43.665999872
80700,2022-11-14 15:29:05.328999936
21027,2022-11-14 16:06:03.308000000
64137,2022-11-14 17:51:15.780999936
63277,2022-11-15 09:23:55.603000064
09259,2022-11-15 10:13:33.897999872
27130,2022-11-15 11:13:15.416999936
44089,2022-11-15 12:27:01.312000000
50533,2022-11-15 12:45:26.438000128
63094,2022-11-15 13:06:21.246000128
83140,2022-11-15 14:00:36.696000000
78164,2022-11-15 14:07:08.164000000
17472,2022-11-15 14:50:22.934000128
46042,2022-11-15 15:09:14.672999936
32434,2022-11-15 15:34:33.260000000
21148,2022-11-15 15:36:04.999000064
17271,2022-11-15 15:36:33.392000000
31195,2022-11-15 15:54:50.264000000
51559,2022-11-15 16:37:39.435000064
71338,2022-11-15 17:23:59.268999936
60163,2022-11-16 08:38:46.729999872
89333,2022-11-16 08:54:26.372000000
51343,2022-11-16 08:59:24.116000000
67544,2022-11-16 09:11:18.673999872
03092,2022-11-16 09:20:33.631000064
60692,2022-11-16 10:47:09.103000064
45189,2022-11-16 13:46:55.420000000
47006,2022-11-16 14:40:27.036000000
63408,2022-11-16 15:15:27.191000064
45025,2022-11-16 15:36:02.120999936
67532,2022-11-16 15:45:06.424999936
46054,2022-11-16 16:19:13.044999936
39481,2022-11-17 07:39:03.484000000
30192,2022-11-17 07:53:42.729999872
46241,2022-11-17 08:19:51.886000128
27457,2022-11-17 08:57:49.428999936
63228,2022-11-17 09:16:07.097999872
60058,2022-11-17 10:25:26.182000128
63273,2022-11-17 11:09:00.604000000
76451,2022-11-17 13:12:58.432000000
27555,2022-11-17 13:36:23.632999936
26005,2022-11-17 14:11:55.382000128
80775,2022-11-17 14:28:15.259000064
70385,2022-11-17 14:49:10.263000064
64487,2022-11-17 14:56:03.343000064
31384,2022-11-17 15:43:59.515000064
64218,2022-11-17 15:44:21.544000000
56014,2022-11-17 16:06:11.622000128
81016,2022-11-17 16:09:27.812000000
81158,2022-11-17 16:09:28.614000128
26140,2022-11-17 16:37:49.504999936
82067,2022-11-18 08:01:59.628000000
17380,2022-11-18 08:45:44.844999936
51256,2022-11-18 08:50:00.064999936
45346,2022-11-18 08:54:10.009999872
47216,2022-11-18 09:11:14.990000128
81228,2022-11-18 10:09:27.545999872
26214,2022-11-18 10:31:39.395000064
60627,2022-11-18 11:00:13.382000128
45219,2022-11-18 12:22:51.368999936
15181,2022-11-18 13:00:23.436999936
26241,2022-11-18 13:20:21.233999872
43160,2022-11-18 13:58:31.212000000
15185,2022-11-18 14:07:19.393999872
87007,2022-11-18 14:38:28.968000000
67465,2022-11-18 15:09:45.712999936
63243,2022-11-18 15:38:29.875000064
47212,2022-11-19 15:40:53.900999936
31019,2022-11-20 09:03:21.152999936
30177,2022-11-20 19:04:10.515000064
82051,2022-11-21 08:22:31.956000000
76585,2022-11-21 09:20:25.931000064
14449,2022-11-21 11:12:18.532999936
39539,2022-11-21 11:59:21.422000128
50428,2022-11-21 13:31:45.312999936
10241,2022-11-21 13:41:02.784000000
70466,2022-11-21 13:57:22.068000000
89136,2022-11-21 14:14:26.753999872
84006,2022-11-21 14:20:59.700000000
19113,2022-11-21 14:50:18.612000000
80390,2022-11-21 15:14:07.115000064
80317,2022-11-21 15:23:46.564000000
03184,2022-11-21 15:39:07.926000128
50577,2022-11-21 20:25:28.119000064
87120,2022-11-22 08:52:36.280000000
08200,2022-11-22 09:07:24.476000000
38537,2022-11-22 09:21:53.280999936
39510,2022-11-22 10:17:22.668999936
71551,2022-11-22 11:14:52.902000128
27214,2022-11-22 12:51:43.060999936
38439,2022-11-22 13:02:16.192000000
10194,2022-11-22 13:08:36.044999936
71119,2022-11-22 13:19:43.375000064
14137,2022-11-22 15:30:34.996000000
76410,2022-11-22 15:54:25.480999936
07324,2022-11-22 16:10:46.112000000
19082,2022-11-22 21:30:11.700999936
21268,2022-11-23 08:20:14.838000128
27038,2022-11-23 08:55:57.483000064
33323,2022-11-23 09:00:19.673999872
35188,2022-11-23 10:17:24.079000064
38054,2022-11-23 10:40:05.449999872
10366,2022-11-23 13:18:13.297999872
07081,2022-11-23 14:22:54.982000128
46267,2022-11-23 16:20:39.228000000
97612,2022-11-24 01:18:12.319000064
45205,2022-11-24 07:35:54.214000128
38404,2022-11-24 07:39:07.871000064
52057,2022-11-24 08:16:43.083000064
62152,2022-11-24 08:20:16.843000064
49161,2022-11-24 08:54:40.380000000
64448,2022-11-24 09:48:24.835000064
07318,2022-11-24 10:14:23.896000000
38440,2022-11-24 10:21:50.750000128
80151,2022-11-24 10:34:43.879000064
82057,2022-11-24 11:39:28.553999872
02289,2022-11-24 14:00:58.259000064
56113,2022-11-24 14:05:05.112999936
12142,2022-11-24 14:11:44.262000128
80200,2022-11-24 14:37:39.912000000
71428,2022-11-24 14:57:46.548999936
51287,2022-11-24 15:10:58.343000064
26067,2022-11-24 15:27:49.809999872
09026,2022-11-24 15:59:11.716000000
50528,2022-11-24 16:16:33.728000000
24458,2022-11-25 03:54:17.455000064
36005,2022-11-25 07:42:57.497999872
31203,2022-11-25 08:15:44.208000000
36143,2022-11-25 08:30:08.782000128
63370,2022-11-25 08:40:46.065999872
80832,2022-11-25 10:04:32.129999872
88334,2022-11-25 10:29:04.945999872
52007,2022-11-25 12:42:06.700999936
41094,2022-11-25 12:56:50.403000064
80792,2022-11-25 13:27:16.960000000
79268,2022-11-25 14:16:00.246000128
80577,2022-11-25 15:03:28.016999936
34268,2022-11-25 15:08:11.166000128
55241,2022-11-27 15:41:16.073999872
65141,2022-11-28 07:09:43.292999936
47273,2022-11-28 08:18:24.355000064
80590,2022-11-28 08:20:47.223000064
64451,2022-11-28 08:51:53.163000064
65207,2022-11-28 08:55:24.600999936
71393,2022-11-28 08:57:04.256000000
89058,2022-11-28 09:09:22.744999936
40262,2022-11-28 09:25:45.923000064
33180,2022-11-28 10:51:49.056999936
32368,2022-11-28 12:23:12.470000128
29218,2022-11-28 12:58:31.884000000
33272,2022-11-28 14:48:03.891000064
12115,2022-11-28 15:07:17.339000064
19220,2022-11-28 15:32:43.305999872
30186,2022-11-28 18:24:18.372000000
38033,2022-11-29 08:18:27.547000064
2B013,2022-11-29 08:36:44.342000128
06089,2022-11-29 08:57:11.684000000
73267,2022-11-29 09:04:53.683000064
33026,2022-11-29 09:36:47.116999936
22213,2022-11-29 09:37:51.568000000
81077,2022-11-29 09:52:57.721999872
81201,2022-11-29 09:52:57.871000064
17009,2022-11-29 10:23:28.352999936
46083,2022-11-29 10:24:58.192000000
80385,2022-11-29 15:57:15.441999872
47220,2022-11-29 16:01:55.761999872
38490,2022-11-29 16:13:10.544999936
27694,2022-11-29 16:49:13.804000000
19100,2022-11-29 17:16:32.860000000
09173,2022-11-30 08:42:23.056000000
58242,2022-11-30 08:43:50.280999936
61158,2022-11-30 08:44:43.136000000
35203,2022-11-30 08:47:24.468000000
64392,2022-11-30 10:07:06.215000064
10161,2022-11-30 10:13:03.944000000
61180,2022-11-30 13:26:41.352999936
80556,2022-11-30 13:43:14.927000064
38389,2022-11-30 15:13:31.830000128
38333,2022-11-30 15:32:16.232000000
32091,2022-11-30 17:39:34.927000064
46118,2022-12-01 08:06:45.055000064
31299,2022-12-01 08:09:03.249999872
54575,2022-12-01 09:12:46.960999936
49058,2022-12-01 09:38:14.363000064
21544,2022-12-01 09:41:12.177999872
68268,2022-12-01 09:52:58.958000128
81164,2022-12-01 09:57:40.287000064
38219,2022-12-01 10:38:49.416000000
19096,2022-12-01 10:53:52.756999936
52396,2022-12-01 13:16:01.264999936
39327,2022-12-01 13:26:08.743000064
09260,2022-12-01 13:30:53.662000128
89197,2022-12-01 13:52:19.844999936
38400,2022-12-01 13:57:33.012000000
57241,2022-12-01 14:27:53.360999936
46288,2022-12-01 14:28:24.343000064
24027,2022-12-01 14:29:15.048000000
17083,2022-12-01 14:53:32.640999936
64049,2022-12-01 14:59:32.031000064
84081,2022-12-01 15:11:20.552000000
23266,2022-12-01 15:17:52.179000064
64051,2022-12-01 15:42:03.539000064
56160,2022-12-02 08:46:25.979000064
77436,2022-12-02 08:56:29.910000128
64202,2022-12-02 08:58:43.065999872
38455,2022-12-02 09:01:39.192000000
80754,2022-12-02 09:14:20.867000064
80522,2022-12-02 09:35:30.932000000
61156,2022-12-02 10:17:59.919000064
53063,2022-12-02 10:52:11.012999936
15095,2022-12-02 13:39:03.126000128
42338,2022-12-02 14:50:44.164999936
26302,2022-12-02 15:23:10.960000000
76473,2022-12-02 15:36:49.582000128
61302,2022-12-04 15:38:39.884999936
10324,2022-12-05 06:39:52.491000064
80592,2022-12-05 09:29:53.824999936
35214,2022-12-05 09:37:11.380999936
30030,2022-12-05 10:28:24.126000128
54020,2022-12-05 12:44:55.984999936
86228,2022-12-05 12:45:05.852000000
51521,2022-12-05 12:47:31.059000064
10411,2022-12-05 13:01:37.480000000
24140,2022-12-05 13:53:21.856999936
80084,2022-12-05 14:41:16.151000064
51516,2022-12-06 08:04:02.342000128
63328,2022-12-06 09:09:05.072000000
09238,2022-12-06 09:52:48.792999936
71483,2022-12-06 10:33:20.368000000
40307,2022-12-06 11:08:35.647000064
10129,2022-12-06 12:12:36.227000064
62215,2022-12-06 13:10:22.424000000
26378,2022-12-06 13:54:57.160000000
32055,2022-12-06 14:19:41.444999936
66002,2022-12-06 14:29:10.974000128
55485,2022-12-06 14:34:47.310000128
38225,2022-12-06 14:36:36.512000000
80450,2022-12-06 14:38:03.083000064
17293,2022-12-06 14:58:38.968999936
17156,2022-12-06 15:47:21.424000000
69135,2022-12-06 16:01:58.544999936
63053,2022-12-06 16:36:52.872999936
39028,2022-12-07 08:18:46.123000064
17264,2022-12-07 08:51:46.326000128
27301,2022-12-07 09:29:16.185999872
17130,2022-12-07 09:36:52.731000064
64180,2022-12-07 10:04:52.456999936
36117,2022-12-07 10:22:21.060000000
78401,2022-12-07 10:34:23.199000064
24299,2022-12-07 10:46:53.672999936
21458,2022-12-07 12:42:44.371000064
26249,2022-12-07 12:59:30.065999872
46338,2022-12-07 13:20:01.433999872
32456,2022-12-07 14:30:12.393999872
71258,2022-12-07 16:37:21.532000000
09081,2022-12-08 09:32:44.243000064
11098,2022-12-08 09:46:59.446000128
32304,2022-12-08 09:47:38.667000064
39547,2022-12-08 09:57:58.664999936
32294,2022-12-08 09:59:01.071000064
33364,2022-12-08 10:31:37.444999936
17285,2022-12-08 10:51:03.719000064
46028,2022-12-08 12:19:16.656999936
17406,2022-12-08 13:13:46.529999872
17441,2022-12-08 13:59:29.260999936
17096,2022-12-08 14:45:12.916000000
09207,2022-12-08 15:24:53.212999936
31234,2022-12-08 15:53:03.062000128
03315,2022-12-09 05:04:02.188999936
69126,2022-12-09 07:47:41.918000128
55251,2022-12-09 08:14:38.052000000
40056,2022-12-09 08:27:42.348000000
52541,2022-12-09 09:01:05.808000000
70046,2022-12-09 09:19:57.609999872
84079,2022-12-09 09:25:05.672999936
17191,2022-12-09 13:57:13.311000064
19085,2022-12-09 14:12:38.723000064
55040,2022-12-09 14:34:57.960000000
90033,2022-12-09 14:51:57.612999936
64486,2022-12-09 15:08:40.096000000
11253,2022-12-09 15:10:00.294000128
63350,2022-12-09 15:28:43.144000000
03035,2022-12-09 15:29:26.279000064
80808,2022-12-09 17:24:34.916999936
07038,2022-12-10 09:23:13.358000128
2A100,2022-12-11 15:59:56.940000000
63450,2022-12-12 08:18:48.358000128
65084,2022-12-12 09:02:20.856000000
31448,2022-12-12 09:43:15.520000000
29084,2022-12-12 10:07:48.492000000
25070,2022-12-12 10:52:53.755000064
26049,2022-12-12 12:54:36.199000064
52475,2022-12-12 13:23:15.739000064
22350,2022-12-12 13:41:25.808000000
22359,2022-12-12 13:41:25.886000128
47323,2022-12-12 14:51:00.110000128
18204,2022-12-12 16:35:54.323000064
67200,2022-12-12 17:05:25.473999872
67151,2022-12-13 05:55:36.409999872
64043,2022-12-13 09:12:00.708000000
31381,2022-12-13 09:23:04.280999936
22362,2022-12-13 09:38:01.774000128
69111,2022-12-13 10:03:44.064999936
10097,2022-12-13 10:11:42.680000000
12276,2022-12-13 10:55:41.046000128
23165,2022-12-13 12:59:37.960999936
64096,2022-12-13 13:38:06.198000128
57084,2022-12-13 14:08:48.983000064
55015,2022-12-13 14:46:08.568000000
01042,2022-12-13 15:10:48.342000128
22056,2022-12-13 15:32:25.619000064
17128,2022-12-13 15:58:30.012999936
30300,2022-12-13 16:34:20.356000000
16267,2022-12-13 20:57:44.531000064
41042,2022-12-14 08:22:27.376000000
40134,2022-12-14 12:56:54.878000128
29146,2022-12-14 13:16:12.628000000
88163,2022-12-14 14:04:57.449999872
25479,2022-12-14 14:41:03.527000064
84095,2022-12-14 15:52:42.948000000
86294,2022-12-14 16:17:36.942000128
89309,2022-12-14 17:29:07.495000064
25527,2022-12-15 07:49:20.360999936
13025,2022-12-15 08:07:19.551000064
19007,2022-12-15 08:25:16.972999936
64085,2022-12-15 08:37:17.547000064
40135,2022-12-15 08:38:31.200000000
66009,2022-12-15 09:16:03.324000000
11115,2022-12-15 09:25:23.180000000
30218,2022-12-15 09:41:56.713999872
02281,2022-12-15 09:59:36.568999936
67123,2022-12-15 10:17:55.395000064
18173,2022-12-15 10:52:39.537999872
27407,2022-12-15 13:09:50.284999936
38105,2022-12-15 14:56:06.800999936
64064,2022-12-15 14:59:09.806000128
21322,2022-12-15 17:32:58.723000064
31404,2022-12-16 07:47:02.704999936
28124,2022-12-16 08:29:20.972999936
27493,2022-12-16 08:31:19.262000128
64029,2022-12-16 09:44:04.526000128
46145,2022-12-16 13:02:26.572999936
38005,2022-12-16 14:08:32.880000000
35141,2022-12-16 14:38:46.300000000
39523,2022-12-16 14:46:06.616999936
11017,2022-12-16 15:33:35.855000064
31419,2022-12-16 22:00:12.031000064
38252,2022-12-17 13:48:47.095000064
35094,2022-12-18 12:59:29.511000064
34186,2022-12-19 09:22:52.534000128
64425,2022-12-19 09:43:15.435000064
88285,2022-12-19 13:19:29.055000064
81103,2022-12-19 13:58:51.251000064
81188,2022-12-19 13:58:52.759000064
81314,2022-12-19 13:58:53.144999936
55114,2022-12-19 16:27:50.188000000
61467,2022-12-20 09:10:17.483000064
64219,2022-12-20 09:11:52.160000000
34159,2022-12-20 09:33:36.636999936
46039,2022-12-20 09:50:47.267000064
46220,2022-12-20 10:20:58.616999936
50177,2022-12-20 13:36:30.848000000
38257,2022-12-20 13:56:38.643000064
77370,2022-12-20 14:02:34.432999936
09119,2022-12-20 14:13:51.780000000
2B009,2022-12-21 08:20:49.713999872
58178,2022-12-21 09:33:01.860000000
35331,2022-12-21 13:12:57.472000000
40040,2022-12-22 08:54:44.008999936
88243,2022-12-22 09:13:26.668999936
63253,2022-12-22 09:20:04.835000064
92071,2022-12-22 15:31:53.051000064
81208,2022-12-23 04:59:25.886000128
05124,2022-12-23 05:59:32.968999936
91553,2022-12-23 07:43:36.080000000
46022,2022-12-23 09:45:03.416999936
71281,2022-12-23 10:46:36.840999936
01002,2022-12-23 11:25:22.671000064
17278,2022-12-23 13:05:32.737999872
32386,2022-12-23 13:16:23.833999872
72158,2022-12-24 07:02:12.472999936
31196,2022-12-26 10:44:24.628999936
01338,2022-12-27 09:02:47.664999936
29015,2022-12-27 11:01:07.352999936
47185,2022-12-28 08:42:11.700999936
55127,2022-12-28 08:46:23.750000128
32183,2022-12-28 09:28:30.179000064
17044,2022-12-28 15:22:18.620999936
38425,2022-12-29 08:52:52.443000064
23127,2022-12-29 10:00:12.500999936
38187,2022-12-29 10:09:57.251000064
46175,2022-12-29 10:27:20.167000064
77223,2022-12-29 10:48:30.776000000
67108,2022-12-29 13:38:55.063000064
22182,2022-12-29 13:55:08.919000064
69170,2022-12-29 15:27:09.312999936
97407,2022-12-30 07:25:49.736999936
82091,2022-12-30 08:56:57.260000000
07070,2022-12-30 14:53:18.799000064
41254,2022-12-30 15:01:54.711000064
25264,2022-12-30 15:23:29.680999936
84108,2023-01-02 08:39:09.836000000
17291,2023-01-02 09:05:47.852999936
33005,2023-01-02 11:21:46.646000128
56181,2023-01-02 14:04:01.988999936
31481,2023-01-02 14:24:34.204999936
56013,2023-01-02 15:09:35.107000064
15170,2023-01-02 15:56:23.768000000
19030,2023-01-02 15:59:48.772000000
19094,2023-01-02 15:59:52.407000064
19147,2023-01-02 15:59:53.072000000
19278,2023-01-02 15:59:55.384000000
63016,2023-01-02 16:15:26.771000064
67448,2023-01-02 17:41:15.767000064
80699,2023-01-02 20:49:05.415000064
28265,2023-01-02 21:27:45.507000064
07344,2023-01-03 10:31:58.920000000
57670,2023-01-03 10:38:14.472000000
47133,2023-01-03 12:34:50.812999936
54456,2023-01-03 13:20:52.544999936
07169,2023-01-03 16:59:37.273999872
67298,2023-01-03 17:12:37.990000128
07064,2023-01-04 08:06:23.491000064
38268,2023-01-04 08:23:33.505999872
61072,2023-01-04 08:28:23.320000000
61262,2023-01-04 08:29:06.560999936
50435,2023-01-04 08:32:20.672999936
61366,2023-01-04 09:33:37.168999936
03041,2023-01-04 14:20:24.756000000
88408,2023-01-04 14:25:50.889999872
52377,2023-01-04 17:18:25.864999936
31222,2023-01-04 18:05:51.428999936
38524,2023-01-05 07:46:01.590000128
03132,2023-01-05 07:59:08.519000064
55407,2023-01-05 08:42:29.528999936
69265,2023-01-05 08:50:15.263000064
39441,2023-01-05 10:32:12.369999872
47289,2023-01-05 10:58:10.540999936
55321,2023-01-05 12:39:35.160999936
03034,2023-01-05 12:40:01.496999936
31396,2023-01-05 12:53:46.043000064
29100,2023-01-05 12:54:06.240999936
15053,2023-01-05 13:29:04.337999872
31515,2023-01-05 13:40:09.777999872
09327,2023-01-05 13:46:53.967000064
22317,2023-01-05 14:01:37.252999936
71550,2023-01-05 15:39:16.177999872
24393,2023-01-05 18:59:24.508999936
89482,2023-01-06 08:21:09.176000000
54069,2023-01-06 09:31:20.936999936
71342,2023-01-06 10:31:13.985999872
12280,2023-01-06 10:37:50.259000064
92007,2023-01-06 10:53:13.572999936
88076,2023-01-06 13:01:41.483000064
67201,2023-01-06 14:11:05.731000064
18183,2023-01-06 14:31:12.604000000
31004,2023-01-06 16:15:21.995000064
55094,2023-01-06 16:19:48.052999936
07172,2023-01-08 12:54:55.017999872
63358,2023-01-08 14:17:26.328999936
22139,2023-01-08 17:20:54.566000128
22092,2023-01-08 17:28:14.516000000
46009,2023-01-08 20:33:27.105999872
61076,2023-01-09 07:22:07.638000128
29153,2023-01-09 08:05:31.783000064
80729,2023-01-09 08:13:07.812999936
71490,2023-01-09 09:24:19.086000128
86049,2023-01-09 09:25:03.596999936
51367,2023-01-09 11:12:41.022000128
76289,2023-01-09 12:03:42.972000000
87193,2023-01-09 16:03:13.688000000
39570,2023-01-09 16:17:10.417999872
42327,2023-01-09 16:50:56.287000064
05065,2023-01-09 21:59:29.471000064
38061,2023-01-10 06:56:37.076000000
44208,2023-01-10 07:31:55.108999936
17244,2023-01-10 07:51:24.944000000
82014,2023-01-10 08:56:55.135000064
31487,2023-01-10 09:11:30.328000000
45083,2023-01-10 10:02:55.601999872
26288,2023-01-10 10:25:53.972000000
05168,2023-01-10 11:00:04.023000064
07116,2023-01-10 11:26:15.199000064
71426,2023-01-10 14:17:20.763000064
36053,2023-01-10 15:39:21.545999872
38141,2023-01-10 16:05:00.139000064
08173,2023-01-10 18:11:41.943000064
16258,2023-01-10 23:39:16.745999872
57104,2023-01-11 08:21:55.049999872
07085,2023-01-11 10:01:27.632999936
33387,2023-01-11 11:19:47.385999872
64552,2023-01-11 11:28:27.763000064
28346,2023-01-11 11:33:57.208999936
94076,2023-01-11 13:50:14.763000064
67073,2023-01-11 14:01:08.950000128
63066,2023-01-11 15:12:26.659000064
22387,2023-01-11 16:23:13.481999872
84107,2023-01-11 20:37:55.152000000
97607,2023-01-12 07:16:27.244000000
33049,2023-01-12 07:57:58.392999936
29058,2023-01-12 08:13:13.284999936
17415,2023-01-12 09:14:11.414000128
38188,2023-01-12 10:51:21.120999936
26161,2023-01-12 12:41:16.256999936
80404,2023-01-12 13:05:09.688999936
28003,2023-01-12 13:21:50.096000000
32339,2023-01-12 14:02:15.657999872
40318,2023-01-12 14:46:34.756999936
10338,2023-01-12 15:28:54.368000000
63219,2023-01-12 15:52:37.024999936
01194,2023-01-12 16:04:57.376999936
31563,2023-01-12 17:49:22.513999872
52294,2023-01-13 08:37:36.353999872
28151,2023-01-13 09:31:15.433999872
37242,2023-01-13 10:05:13.150000128
41157,2023-01-13 10:07:29.103000064
28136,2023-01-13 11:10:06.064999936
64039,2023-01-13 11:54:25.180999936
28076,2023-01-13 13:25:37.984999936
29199,2023-01-13 14:32:49.201999872
61361,2023-01-13 15:27:55.167000064
89222,2023-01-13 15:41:31.265999872
23141,2023-01-14 10:02:37.308999936
31492,2023-01-14 11:14:41.892999936
2B261,2023-01-16 07:39:17.318000128
47012,2023-01-16 09:20:01.055000064
33122,2023-01-16 10:08:39.950000128
32122,2023-01-16 10:11:11.974000128
19248,2023-01-16 10:25:03.923000064
60689,2023-01-16 10:29:20.188999936
30168,2023-01-16 10:31:20.219000064
09008,2023-01-16 11:04:18.172000000
04020,2023-01-16 12:48:46.024999936
68242,2023-01-16 13:10:48.758000128
57572,2023-01-16 13:27:07.132999936
65124,2023-01-16 13:32:04.244000000
38180,2023-01-16 13:35:56.704999936
88481,2023-01-16 14:18:10.680999936
34010,2023-01-16 15:55:54.284000000
63041,2023-01-16 15:56:27.060999936
67446,2023-01-16 16:23:55.815000064
76045,2023-01-16 16:53:53.475000064
42295,2023-01-16 17:52:06.528000000
22207,2023-01-17 08:24:50.652999936
97602,2023-01-17 08:25:17.092000000
32219,2023-01-17 09:21:21.422000128
64409,2023-01-17 09:46:16.294000128
32144,2023-01-17 10:11:24.889999872
31547,2023-01-17 10:48:27.128000000
69186,2023-01-17 11:05:13.496999936
62048,2023-01-17 12:37:43.595000064
34293,2023-01-17 12:42:49.702000128
71395,2023-01-17 13:37:40.016999936
12113,2023-01-17 13:51:58.064000000
22028,2023-01-17 14:06:48.937999872
42005,2023-01-17 14:12:30.443000064
60048,2023-01-17 15:08:45.899000064
12125,2023-01-17 15:51:58.076000000
66051,2023-01-17 16:02:06.280000000
17050,2023-01-17 16:08:02.137999872
61407,2023-01-17 17:06:52.974000128
80137,2023-01-17 23:05:11.664999936
77188,2023-01-18 07:48:19.052000000
03008,2023-01-18 09:08:11.337999872
65471,2023-01-18 09:33:34.571000064
40095,2023-01-18 09:39:03.575000064
38192,2023-01-18 09:45:26.432000000
19126,2023-01-18 10:15:11.612999936
17413,2023-01-18 11:17:19.020000000
28308,2023-01-18 14:22:56.867000064
41129,2023-01-18 14:27:33.726000128
71308,2023-01-18 14:54:05.587000064
71385,2023-01-18 15:19:25.999000064
57605,2023-01-18 15:31:23.649999872
60043,2023-01-18 16:39:28.038000128
60642,2023-01-18 16:42:12.601999872
60147,2023-01-18 16:45:03.982000128
60654,2023-01-18 16:48:01.904999936
60150,2023-01-18 16:48:01.936000000
60582,2023-01-18 16:48:01.936000000
28371,2023-01-18 18:40:14.243000064
60373,2023-01-18 21:00:29.796999936
63406,2023-01-19 09:52:04.868000000
63198,2023-01-19 10:12:30.312999936
42110,2023-01-19 10:28:06.670000128
62617,2023-01-19 10:59:39.515000064
50592,2023-01-19 11:01:01.387000064
43020,2023-01-19 11:14:06.888999936
28143,2023-01-19 11:25:17.460000000
42224,2023-01-19 13:34:03.304000000
24496,2023-01-19 14:00:53.711000064
01158,2023-01-19 14:04:27.876000000
17233,2023-01-19 14:56:01.275000064
32282,2023-01-19 15:52:28.860999936
17466,2023-01-19 16:25:43.660999936
84046,2023-01-20 06:52:19.244999936
85053,2023-01-20 06:57:09.496000000
12226,2023-01-20 08:30:15.806000128
80272,2023-01-20 08:50:56.030000128
62019,2023-01-20 09:10:22.380000000
77454,2023-01-20 09:46:34.960999936
80261,2023-01-20 09:58:14.556000000
58031,2023-01-20 10:54:17.776000000
56194,2023-01-20 12:55:44.312000000
63084,2023-01-20 13:52:19.967000064
37006,2023-01-20 14:12:59.611000064
28053,2023-01-20 14:56:10.324000000
56008,2023-01-20 15:04:28.879000064
25056,2023-01-20 15:09:04.670000128
28117,2023-01-20 15:24:24.358000128
85037,2023-01-21 07:57:19.022000128
21555,2023-01-21 10:05:42.019000064
26055,2023-01-22 09:14:01.775000064
87156,2023-01-23 08:46:52.396999936
04118,2023-01-23 09:44:50.550000128
65465,2023-01-23 10:55:38.996000000
08363,2023-01-23 10:59:02.111000064
54118,2023-01-23 12:44:09.392999936
32196,2023-01-23 12:53:38.079000064
29049,2023-01-23 13:00:00.636999936
08237,2023-01-23 13:31:47.235000064
40188,2023-01-23 13:36:26.331000064
64421,2023-01-23 14:25:59.379000064
55288,2023-01-23 14:36:04.527000064
69263,2023-01-23 15:17:45.646000128
39322,2023-01-23 15:22:03.777999872
58181,2023-01-23 19:17:34.174000128
11358,2023-01-24 08:36:59.542000128
88087,2023-01-24 08:39:47.191000064
43072,2023-01-24 08:45:06.510000128
80615,2023-01-24 09:10:57.937999872
71300,2023-01-24 09:25:17.072999936
33187,2023-01-24 09:55:04.652999936
02458,2023-01-24 10:23:09.492000000
58285,2023-01-24 10:39:15.889999872
33310,2023-01-24 13:25:42.964999936
82047,2023-01-24 13:38:55.579000064
54032,2023-01-24 14:08:43.687000064
32033,2023-01-24 15:12:19.876999936
81010,2023-01-24 15:25:12.622000128
62065,2023-01-24 16:11:58.452000000
68355,2023-01-24 16:27:58.668000000
19022,2023-01-24 20:03:18.513999872
62746,2023-01-25 08:18:02.907000064
31245,2023-01-25 09:46:42.519000064
80365,2023-01-25 12:37:25.795000064
39056,2023-01-25 13:42:57.292000000
46256,2023-01-25 13:53:11.228000000
12227,2023-01-25 13:57:21.385999872
70290,2023-01-25 15:55:49.198000128
29032,2023-01-25 15:58:06.212000000
69052,2023-01-25 17:13:10.615000064
60378,2023-01-25 21:00:26.875000064
69018,2023-01-26 08:20:20.184999936
18079,2023-01-26 08:25:53.907000064
08339,2023-01-26 09:20:41.135000064
01301,2023-01-26 09:27:56.148000000
31375,2023-01-26 09:36:26.049999872
63377,2023-01-26 10:21:32.063000064
77179,2023-01-26 12:47:37.284999936
45294,2023-01-26 13:09:04.961999872
28426,2023-01-26 13:24:53.209999872
30214,2023-01-26 13:34:30.702000128
12234,2023-01-26 13:51:58.160999936
72264,2023-01-26 14:13:39.504000000
55328,2023-01-26 14:37:15.012999936
55229,2023-01-26 15:07:11.632999936
66225,2023-01-26 15:08:41.958000128
66093,2023-01-26 15:16:09.918000128
66065,2023-01-27 07:46:58.620999936
69139,2023-01-27 08:11:55.159000064
38512,2023-01-27 08:20:47.399000064
82160,2023-01-27 08:23:09.704999936
11010,2023-01-27 08:40:18.195000064
09060,2023-01-27 10:22:04.198000128
62727,2023-01-27 10:52:41.697999872
67458,2023-01-27 12:48:27.208999936
05119,2023-01-27 12:53:03.433999872
12194,2023-01-27 12:53:04.303000064
05152,2023-01-27 13:52:58.371000064
63354,2023-01-27 14:12:38.510000128
05159,2023-01-27 14:51:23.956999936
55088,2023-01-27 14:51:38.183000064
03311,2023-01-27 16:50:08.103000064
06086,2023-01-28 10:03:54.574000128
38131,2023-01-29 10:38:40.888999936
76319,2023-01-30 08:22:33.224000000
43087,2023-01-30 08:43:16.415000064
32141,2023-01-30 08:48:22.208000000
51046,2023-01-30 09:03:32.206000128
40226,2023-01-30 09:21:32.371000064
40104,2023-01-30 09:42:17.116000000
71002,2023-01-30 10:28:56.438000128
37156,2023-01-30 10:34:01.060000000
88115,2023-01-30 10:39:33.736000000
30102,2023-01-30 11:18:52.735000064
88482,2023-01-30 13:12:58.950000128
40309,2023-01-30 14:06:45.539000064
54416,2023-01-30 15:27:38.720000000
63363,2023-01-30 15:30:06.360999936
24396,2023-01-30 16:52:11.240000000
24513,2023-01-30 16:52:12.919000064
24289,2023-01-30 16:52:22.902000128
04101,2023-01-30 16:52:38.707000064
24241,2023-01-30 16:52:45.726000128
24126,2023-01-30 16:54:14.217999872
24331,2023-01-30 16:54:21.132999936
24161,2023-01-30 16:55:10.142000128
24240,2023-01-30 16:55:17.964000000
24121,2023-01-30 16:56:15.976000000
24012,2023-01-30 16:56:17.304999936
08160,2023-01-30 17:05:54.860000000
67521,2023-01-30 17:11:58.792999936
80322,2023-01-30 17:21:51.359000064
04107,2023-01-31 07:54:08.459000064
22196,2023-01-31 07:58:31.304999936
39300,2023-01-31 08:06:18.905999872
54322,2023-01-31 08:21:52.280000000
07098,2023-01-31 08:49:06.508999936
22189,2023-01-31 09:09:37.153999872
11295,2023-01-31 09:29:54.376999936
80291,2023-01-31 10:03:09.108999936
17426,2023-01-31 11:21:56.208000000
63064,2023-01-31 11:45:10.926000128
01325,2023-01-31 12:38:26.788999936
29174,2023-01-31 12:58:49.288000000
48117,2023-01-31 13:15:48.859000064
88197,2023-01-31 13:43:00.396999936
67031,2023-01-31 14:28:27.547000064
64201,2023-01-31 14:48:33.523000064
80193,2023-01-31 15:18:17.926000128
43024,2023-01-31 15:25:35.204999936
67329,2023-01-31 15:29:32.747000064
32353,2023-01-31 15:49:18.204999936
32276,2023-01-31 15:52:28.768999936
68212,2023-02-01 08:26:11.760000000
43184,2023-02-01 09:29:10.932000000
42334,2023-02-01 09:45:41.292000000
46198,2023-02-01 10:30:01.187000064
21294,2023-02-01 10:34:07.200000000
36054,2023-02-01 11:18:16.652999936
59285,2023-02-01 13:47:28.388999936
11367,2023-02-01 14:07:11.508999936
21472,2023-02-01 14:08:31.072999936
12134,2023-02-01 14:51:58.161999872
88267,2023-02-01 15:44:27.632000000
51444,2023-02-02 06:52:25.174000128
2A094,2023-02-02 06:54:06.278000128
55474,2023-02-02 10:06:52.167000064
32332,2023-02-02 10:07:17.960999936
46314,2023-02-02 10:13:11.145999872
47059,2023-02-02 11:27:18.884999936
29060,2023-02-02 13:10:02.635000064
56020,2023-02-02 13:40:02.104000000
34066,2023-02-02 13:51:30.687000064
56215,2023-02-02 15:57:56.033999872
22282,2023-02-02 16:19:16.785999872
80037,2023-02-02 17:17:46.193999872
42211,2023-02-02 19:53:53.340000000
42299,2023-02-02 19:53:53.592000000
80050,2023-02-03 05:04:05.168000000
67266,2023-02-03 08:07:05.115000064
55080,2023-02-03 08:47:01.886000128
89390,2023-02-03 08:57:26.624999936
55362,2023-02-03 09:20:46.598000128
38406,2023-02-03 09:21:02.336000000
31052,2023-02-03 09:34:42.238000128
18036,2023-02-03 10:05:23.120999936
61189,2023-02-03 10:52:47.460999936
24048,2023-02-03 11:50:03.531000064
71280,2023-02-03 12:43:30.848999936
34168,2023-02-03 12:52:04.735000064
86061,2023-02-03 13:24:55.536000000
69043,2023-02-03 14:18:04.787000064
34273,2023-02-03 15:18:25.676999936
63416,2023-02-04 09:35:29.936999936
70248,2023-02-06 08:02:28.622000128
04240,2023-02-06 08:09:45.640999936
01421,2023-02-06 09:00:32.195000064
40037,2023-02-06 09:12:31.393999872
01138,2023-02-06 10:48:16.508999936
88310,2023-02-06 11:03:01.971000064
67214,2023-02-06 11:40:03.067000064
31073,2023-02-06 13:57:33.696000000
76203,2023-02-06 14:29:51.886000128
71036,2023-02-06 14:31:45.280000000
54271,2023-02-06 14:32:10.503000064
71392,2023-02-06 14:52:01.563000064
64070,2023-02-06 15:37:18.905999872
71448,2023-02-06 15:57:20.764999936
24209,2023-02-06 23:52:13.055000064
16037,2023-02-06 23:52:14.838000128
81180,2023-02-07 08:26:52.921999872
80786,2023-02-07 09:34:06.547000064
01259,2023-02-07 10:10:46.403000064
27015,2023-02-07 11:57:17.332000000
80271,2023-02-07 13:04:03.336000000
54065,2023-02-07 13:51:14.092000000
12096,2023-02-07 14:05:19.972999936
80630,2023-02-07 14:41:56.622000128
88451,2023-02-07 15:13:40.833999872
33191,2023-02-07 16:26:45.755000064
66230,2023-02-07 17:03:10.196999936
80834,2023-02-07 17:04:51.571000064
71060,2023-02-07 17:10:48.726000128
46127,2023-02-07 17:59:40.415000064
51553,2023-02-08 08:20:27.500000000
11226,2023-02-08 09:32:41.916999936
27444,2023-02-08 09:58:39.153999872
50058,2023-02-08 10:01:44.726000128
38492,2023-02-08 10:21:43.097999872
80198,2023-02-08 10:30:54.440999936
49215,2023-02-08 10:47:47.012000000
57206,2023-02-08 11:23:05.935000064
28178,2023-02-08 14:07:18.339000064
71542,2023-02-08 14:38:12.902000128
28030,2023-02-08 15:07:05.864999936
43044,2023-02-08 15:07:49.284999936
51210,2023-02-08 15:36:40.400999936
28323,2023-02-08 15:37:37.782000128
33473,2023-02-08 18:40:03.967000064
40311,2023-02-09 08:34:42.651000064
28235,2023-02-09 09:27:22.991000064
78133,2023-02-09 09:30:11.136000000
63093,2023-02-09 10:18:49.128000000
25086,2023-02-09 10:59:32.536999936
36099,2023-02-09 13:22:16.255000064
38136,2023-02-09 13:43:04.740999936
18023,2023-02-09 14:03:16.140999936
77378,2023-02-09 14:25:52.966000128
36120,2023-02-09 14:29:48.592999936
32441,2023-02-09 14:38:06.932999936
65234,2023-02-09 15:14:39.296999936
19042,2023-02-09 15:26:39.281999872
07139,2023-02-09 15:56:54.796999936
24454,2023-02-10 02:52:17.080999936
38480,2023-02-10 06:58:24.044999936
43117,2023-02-10 08:05:44.044000000
31106,2023-02-10 08:36:38.952000000
27406,2023-02-10 08:54:53.056000000
45050,2023-02-10 09:24:43.380999936
40303,2023-02-10 09:33:45.232000000
29226,2023-02-10 10:43:06.620999936
89018,2023-02-10 12:26:36.504000000
54034,2023-02-10 14:01:49.873999872
77235,2023-02-10 14:04:43.140000000
61331,2023-02-10 15:04:48.471000064
95177,2023-02-10 15:22:05.080000000
43155,2023-02-10 16:58:12.291000064
54171,2023-02-13 13:35:36.207000064
15175,2023-02-13 13:51:22.222000128
26050,2023-02-13 14:27:17.897999872
40108,2023-02-13 14:33:16.121999872
29006,2023-02-13 15:11:22.448000000
39124,2023-02-14 08:43:14.312999936
18190,2023-02-14 09:10:28.900999936
46010,2023-02-14 09:42:27.640999936
33254,2023-02-14 10:13:31.246000128
07303,2023-02-14 12:40:33.804999936
11396,2023-02-14 13:49:39.380000000
89328,2023-02-14 13:50:23.344000000
66090,2023-02-14 13:57:55.780999936
38554,2023-02-14 14:08:58.424000000
18086,2023-02-14 14:27:13.758000128
28180,2023-02-14 15:22:26.041999872
57373,2023-02-14 15:26:07.287000064
32242,2023-02-14 16:43:41.108999936
24379,2023-02-15 07:52:14.731000064
19014,2023-02-15 07:59:54.198000128
07163,2023-02-15 07:59:58.076000000
19150,2023-02-15 08:15:53.788000000
69019,2023-02-15 08:37:17.758000128
07137,2023-02-15 08:48:59.268999936
11434,2023-02-15 09:15:14.243000064
29256,2023-02-15 09:22:10.295000064
80194,2023-02-15 09:33:46.257999872
19194,2023-02-15 09:53:40.216999936
31357,2023-02-15 11:07:48.774000128
22141,2023-02-15 12:01:18.932999936
21710,2023-02-15 13:54:15.419000064
76432,2023-02-15 17:47:31.803000064
38370,2023-02-16 08:36:26.016999936
88438,2023-02-16 09:31:52.176999936
42086,2023-02-16 09:44:33.440999936
38204,2023-02-16 10:05:21.216000000
90041,2023-02-16 10:27:16.752000000
34144,2023-02-16 11:12:14.998000128
12192,2023-02-16 11:38:14.118000128
71022,2023-02-16 13:18:21.078000128
81105,2023-02-16 13:51:59.495000064
32052,2023-02-16 14:09:22.740999936
30156,2023-02-16 14:40:34.123000064
40281,2023-02-16 15:29:18.655000064
52432,2023-02-16 15:36:35.175000064
77101,2023-02-16 15:38:15.313999872
54576,2023-02-16 15:51:42.471000064
46188,2023-02-16 15:55:48.320000000
80163,2023-02-17 07:16:20.942000128
86152,2023-02-17 08:26:08.416999936
29184,2023-02-17 08:59:54.896000000
14385,2023-02-17 09:33:54.702000128
66168,2023-02-17 09:42:45.640999936
23189,2023-02-17 09:55:38.979000064
76548,2023-02-17 10:01:00.352999936
46189,2023-02-17 11:30:33.099000064
58246,2023-02-17 11:34:49.903000064
60486,2023-02-17 14:44:26.790000128
82148,2023-02-17 14:47:16.332000000
21351,2023-02-17 15:46:16.614000128
45152,2023-02-17 16:59:19.891000064
27021,2023-02-17 17:45:40.703000064
47015,2023-02-18 09:22:24.668000000
91630,2023-02-18 09:49:47.308999936
32412,2023-02-19 09:22:01.972999936
91390,2023-02-19 12:45:13.380999936
21297,2023-02-19 17:25:23.200000000
54149,2023-02-20 09:23:03.583000064
31526,2023-02-20 09:45:18.088000000
01209,2023-02-20 10:00:24.136999936
11117,2023-02-20 10:08:36.708000000
14110,2023-02-20 11:04:56.504000000
14368,2023-02-20 11:04:56.516999936
14289,2023-02-20 11:04:56.532000000
14426,2023-02-20 11:04:56.555000064
14435,2023-02-20 11:04:56.705999872
14496,2023-02-20 11:04:57.468000000
14230,2023-02-20 11:04:57.473999872
14737,2023-02-20 11:04:57.483000064
14240,2023-02-20 11:04:57.494000128
14731,2023-02-20 11:04:57.496999936
14283,2023-02-20 11:04:57.500999936
14206,2023-02-20 11:04:57.512999936
14291,2023-02-20 11:04:57.848000000
14394,2023-02-20 11:04:57.848000000
14180,2023-02-20 11:04:57.859000064
14183,2023-02-20 11:04:57.860999936
14149,2023-02-20 11:04:57.862000128
14214,2023-02-20 11:04:58.212999936
14280,2023-02-20 11:04:58.214000128
14657,2023-02-20 11:04:58.275000064
14082,2023-02-20 11:04:58.339000064
14248,2023-02-20 11:04:58.891000064
14687,2023-02-20 11:05:59.302000128
14278,2023-02-20 11:05:59.360000000
14558,2023-02-20 11:05:59.393999872
14196,2023-02-20 11:05:59.832000000
14453,2023-02-20 11:05:59.915000064
14439,2023-02-20 11:06:00.340000000
14519,2023-02-20 11:06:00.692000000
14374,2023-02-20 11:06:00.716999936
14203,2023-02-20 11:06:00.718000128
14171,2023-02-20 11:06:00.723000064
14003,2023-02-20 11:06:00.724000000
14402,2023-02-20 11:06:00.736000000
14421,2023-02-20 11:06:00.747000064
14474,2023-02-20 11:06:00.768999936
14538,2023-02-20 11:06:00.824999936
14592,2023-02-20 11:06:00.825999872
14751,2023-02-20 11:06:03.734000128
14588,2023-02-20 11:06:17.000000000
14665,2023-02-20 11:06:27.182000128
14669,2023-02-20 11:06:30.742000128
14446,2023-02-20 11:06:30.745999872
14742,2023-02-20 11:06:30.745999872
14287,2023-02-20 11:06:30.884999936
14059,2023-02-20 11:06:43.316999936
14107,2023-02-20 11:07:27.676999936
14467,2023-02-20 11:07:27.952000000
14216,2023-02-20 11:07:29.593999872
14494,2023-02-20 11:07:29.744000000
14502,2023-02-20 11:07:29.745999872
14720,2023-02-20 11:07:29.817999872
14501,2023-02-20 11:07:45.224999936
14116,2023-02-20 11:08:13.704000000
14482,2023-02-20 11:08:13.723000064
14111,2023-02-20 11:08:13.748999936
14033,2023-02-20 11:08:14.329999872
14343,2023-02-20 11:08:14.351000064
14037,2023-02-20 11:08:14.427000064
14316,2023-02-20 11:08:44.356000000
14487,2023-02-20 11:08:44.409999872
14753,2023-02-20 11:09:05.620000000
14237,2023-02-20 11:09:05.644999936
40023,2023-02-20 11:24:08.164999936
28315,2023-02-20 12:43:25.660000000
21317,2023-02-20 13:21:54.124999936
21158,2023-02-20 13:29:25.350000128
38505,2023-02-20 13:41:59.887000064
78586,2023-02-20 14:03:07.044000000
45269,2023-02-20 15:21:05.800000000
28247,2023-02-20 16:26:24.024999936
19037,2023-02-20 16:28:20.140000000
52461,2023-02-20 17:30:46.372000000
37060,2023-02-20 21:03:48.328000000
59038,2023-02-21 08:28:23.768000000
50317,2023-02-21 08:45:42.000000000
70361,2023-02-21 08:46:44.633999872
77263,2023-02-21 08:55:38.652000000
66066,2023-02-21 08:59:30.884999936
34021,2023-02-21 09:19:41.035000064
79096,2023-02-21 10:04:26.180000000
42200,2023-02-21 10:33:47.315000064
80634,2023-02-21 10:47:09.959000064
18267,2023-02-21 14:46:32.790000128
31136,2023-02-21 15:03:10.128999936
61101,2023-02-21 15:22:17.377999872
62901,2023-02-21 15:32:46.924999936
61492,2023-02-21 16:21:51.460999936
67061,2023-02-21 18:19:54.078000128
58183,2023-02-21 20:01:48.939000064
60423,2023-02-21 21:00:36.772999936
87143,2023-02-22 08:11:56.638000128
89437,2023-02-22 09:24:55.785999872
16234,2023-02-22 13:08:17.167000064
82006,2023-02-22 13:31:00.096999936
28322,2023-02-22 14:11:25.044000000
05165,2023-02-22 15:01:06.660000000
37093,2023-02-22 15:26:02.468999936
76504,2023-02-23 07:29:38.320000000
11313,2023-02-23 08:01:59.776000000
06148,2023-02-23 08:41:33.288999936
32350,2023-02-23 09:16:24.656000000
45320,2023-02-23 09:53:22.585999872
45275,2023-02-23 09:56:24.268999936
28082,2023-02-23 10:28:06.272999936
42241,2023-02-23 12:55:27.371000064
54135,2023-02-23 13:08:56.460999936
38094,2023-02-23 13:11:25.663000064
26290,2023-02-23 13:14:14.500999936
22202,2023-02-23 14:55:23.520000000
31535,2023-02-23 14:56:04.070000128
17223,2023-02-23 15:04:48.404000000
19040,2023-02-23 15:10:23.108999936
40194,2023-02-23 16:25:03.020999936
36023,2023-02-23 20:34:30.929999872
11123,2023-02-24 07:01:10.919000064
54412,2023-02-24 07:43:29.892000000
45279,2023-02-24 07:59:50.799000064
30101,2023-02-24 08:54:50.492999936
30224,2023-02-24 08:58:00.406000128
29161,2023-02-24 09:41:25.804000000
71204,2023-02-24 09:52:46.407000064
11083,2023-02-24 10:05:43.265999872
71372,2023-02-24 10:18:23.012999936
15025,2023-02-24 10:37:03.870000128
11411,2023-02-24 10:40:39.793999872
38532,2023-02-24 13:14:22.571000064
11062,2023-02-24 13:14:48.504999936
66175,2023-02-24 13:32:19.201999872
51478,2023-02-24 14:14:51.860999936
57387,2023-02-24 15:51:27.200000000
31533,2023-02-24 16:51:55.216999936
60597,2023-02-24 21:00:35.215000064
22335,2023-02-24 22:06:32.936999936
11149,2023-02-25 08:42:07.350000128
69154,2023-02-25 10:58:48.784000000
57488,2023-02-27 08:41:26.716999936
40300,2023-02-27 09:25:19.132999936
30330,2023-02-27 12:54:53.166000128
01197,2023-02-27 13:31:17.032999936
11340,2023-02-27 13:32:41.312999936
28024,2023-02-27 14:01:37.456000000
54429,2023-02-27 15:12:30.131000064
47009,2023-02-27 15:34:11.075000064
65283,2023-02-27 16:09:28.387000064
39015,2023-02-27 16:48:14.876999936
38373,2023-02-27 17:36:26.348000000
39002,2023-02-27 21:10:43.504999936
48026,2023-02-28 09:07:45.591000064
32349,2023-02-28 09:08:02.863000064
11440,2023-02-28 09:53:28.612000000
01047,2023-02-28 10:00:40.824999936
62832,2023-02-28 10:10:15.412000000
31169,2023-02-28 10:18:02.064999936
71194,2023-02-28 10:25:21.646000128
64081,2023-02-28 10:32:59.028000000
15183,2023-02-28 10:56:45.528999936
01149,2023-02-28 12:21:20.353999872
29003,2023-02-28 12:49:19.582000128
84137,2023-02-28 13:29:20.003000064
59159,2023-02-28 13:34:30.240999936
17479,2023-02-28 14:12:48.819000064
70134,2023-02-28 14:27:57.054000128
38483,2023-02-28 14:39:14.745999872
07106,2023-02-28 14:59:01.719000064
68214,2023-02-28 15:01:59.779000064
69281,2023-02-28 15:08:00.888000000
47035,2023-02-28 15:10:48.876999936
61244,2023-02-28 15:48:14.876999936
22265,2023-02-28 15:52:45.937999872
11388,2023-02-28 15:57:26.161999872
62097,2023-02-28 16:07:46.555000064
14077,2023-02-28 22:32:04.267000064
11245,2023-03-01 06:59:20.503000064
71388,2023-03-01 08:59:19.296000000
67228,2023-03-01 09:40:04.254000128
63426,2023-03-01 09:55:33.988999936
21607,2023-03-01 10:14:59.310000128
22245,2023-03-01 10:47:58.750000128
11311,2023-03-01 11:04:29.347000064
17006,2023-03-01 13:29:13.912000000
18065,2023-03-01 13:47:26.062000128
26046,2023-03-01 14:11:07.648999936
08060,2023-03-01 14:22:24.407000064
01203,2023-03-01 14:53:56.952000000
56241,2023-03-01 14:59:51.251000064
61145,2023-03-02 07:30:29.937999872
57191,2023-03-02 09:24:24.060000000
11065,2023-03-02 09:48:43.903000064
21388,2023-03-02 13:39:43.184999936
01385,2023-03-02 14:03:34.932999936
17026,2023-03-02 14:37:52.313999872
39026,2023-03-02 14:43:12.142000128
22041,2023-03-02 14:56:28.787000064
33160,2023-03-02 14:59:44.383000064
38544,2023-03-02 15:17:23.360000000
01443,2023-03-02 15:41:56.187000064
80644,2023-03-02 16:22:14.611000064
21032,2023-03-02 16:26:12.736999936
39004,2023-03-03 07:19:37.550000128
61214,2023-03-03 07:42:30.888000000
83005,2023-03-03 08:11:05.563000064
69245,2023-03-03 08:45:42.996000000
60173,2023-03-03 09:05:14.244999936
45247,2023-03-03 09:15:47.472000000
78548,2023-03-03 09:20:29.057999872
80164,2023-03-03 09:32:31.028000000
32017,2023-03-03 09:45:39.904999936
22040,2023-03-03 13:08:43.411000064
03281,2023-03-03 13:35:23.339000064
27369,2023-03-03 14:34:52.392999936
15045,2023-03-03 14:41:49.836999936
88225,2023-03-03 15:05:06.833999872
71553,2023-03-03 15:37:35.732000000
14224,2023-03-03 22:31:57.753999872
18058,2023-03-06 10:14:15.152000000
36148,2023-03-06 10:34:11.135000064
64511,2023-03-06 10:34:50.184999936
80061,2023-03-06 13:33:57.587000064
07009,2023-03-06 13:57:03.587000064
54366,2023-03-06 14:28:57.476000000
21277,2023-03-06 15:11:11.636999936
01103,2023-03-06 15:25:11.214000128
54596,2023-03-06 15:34:08.592000000
22333,2023-03-06 15:42:37.513999872
61473,2023-03-06 15:43:07.227000064
76065,2023-03-06 16:04:49.160999936
19061,2023-03-06 16:47:07.390000128
21210,2023-03-06 18:23:59.912000000
91477,2023-03-07 08:03:01.128999936
88161,2023-03-07 08:31:22.188999936
88417,2023-03-07 08:37:03.980999936
30130,2023-03-07 10:03:25.617999872
77127,2023-03-07 10:10:19.105999872
29300,2023-03-07 10:18:04.892999936
67166,2023-03-07 10:57:32.118000128
31374,2023-03-07 14:03:47.100999936
26168,2023-03-07 14:39:37.732000000
38194,2023-03-07 15:14:56.812999936
82092,2023-03-07 15:38:56.993999872
02504,2023-03-07 15:47:12.289999872
48198,2023-03-07 16:12:44.166000128
14692,2023-03-07 22:32:18.692999936
13001,2023-03-08 02:58:09.478000128
32170,2023-03-08 07:25:44.555000064
52383,2023-03-08 08:14:49.561999872
63233,2023-03-08 09:10:18.452000000
89387,2023-03-08 09:32:37.235000064
76094,2023-03-08 11:46:32.705999872
22224,2023-03-08 13:23:20.950000128
31248,2023-03-08 14:00:44.727000064
40199,2023-03-08 15:02:22.092999936
23101,2023-03-08 15:10:56.904000000
33429,2023-03-09 06:48:08.704999936
38091,2023-03-09 07:25:30.196999936
52104,2023-03-09 09:24:20.499000064
12165,2023-03-09 09:55:14.158000128
11404,2023-03-09 10:08:26.363000064
81124,2023-03-09 10:55:14.414000128
80171,2023-03-09 14:10:37.643000064
29035,2023-03-09 14:34:34.326000128
32333,2023-03-09 14:42:58.596999936
21332,2023-03-09 14:46:46.463000064
26305,2023-03-09 14:59:53.563000064
88304,2023-03-09 15:01:34.724000000
63374,2023-03-09 15:22:08.623000064
80208,2023-03-09 16:22:38.164000000
14302,2023-03-09 22:32:20.529999872
14055,2023-03-09 22:32:20.568000000
98811,2023-03-10 00:55:16.547000064
38003,2023-03-10 10:17:56.588999936
43070,2023-03-10 10:38:46.398000128
76476,2023-03-10 11:07:38.428000000
38349,2023-03-10 11:16:53.696999936
57038,2023-03-10 12:13:59.193999872
21577,2023-03-10 13:02:45.735000064
32380,2023-03-10 15:13:58.188999936
06039,2023-03-10 15:26:25.156000000
67547,2023-03-10 16:29:01.865999872
24245,2023-03-13 06:55:36.432000000
54129,2023-03-13 08:13:00.231000064
37011,2023-03-13 08:14:59.760000000
17476,2023-03-13 08:46:36.855000064
25074,2023-03-13 09:26:52.155000064
50552,2023-03-13 09:38:22.598000128
91359,2023-03-13 09:44:54.705999872
61078,2023-03-13 09:55:53.351000064
64411,2023-03-13 11:26:25.945999872
77534,2023-03-13 11:58:22.828999936
71170,2023-03-13 14:48:37.768999936
61178,2023-03-13 15:03:26.289999872
32390,2023-03-13 15:11:07.660999936
38270,2023-03-13 15:28:15.312999936
26178,2023-03-14 07:24:09.668000000
11221,2023-03-14 07:51:43.607000064
05104,2023-03-14 08:56:22.665999872
56054,2023-03-14 10:01:47.625999872
29034,2023-03-14 10:43:53.907000064
68060,2023-03-14 10:53:28.424999936
19128,2023-03-14 12:42:02.590000128
18209,2023-03-14 13:08:10.295000064
59596,2023-03-14 13:14:57.177999872
81128,2023-03-14 13:53:37.040999936
17366,2023-03-15 10:57:01.014000128
76125,2023-03-15 11:47:55.172999936
11287,2023-03-15 12:14:09.942000128
67361,2023-03-15 12:23:08.128999936
67414,2023-03-15 12:48:39.336000000
32136,2023-03-15 13:04:06.830000128
21183,2023-03-15 16:06:58.102000128
84018,2023-03-16 08:21:34.572999936
11084,2023-03-16 08:58:46.512000000
39173,2023-03-16 09:15:48.796000000
06048,2023-03-16 11:01:44.689999872
17483,2023-03-16 12:59:15.100000000
47224,2023-03-16 13:23:19.727000064
71003,2023-03-16 14:12:33.939000064
11155,2023-03-16 15:22:46.931000064
71123,2023-03-16 17:04:05.016000000
33121,2023-03-17 09:00:17.865999872
49099,2023-03-17 10:17:35.203000064
43230,2023-03-17 11:55:58.152000000
43071,2023-03-17 11:55:58.984000000
43196,2023-03-17 11:55:59.488000000
43045,2023-03-17 11:55:59.816999936
43036,2023-03-17 11:56:00.868999936
26346,2023-03-17 12:53:59.120000000
56259,2023-03-17 13:42:16.480999936
60492,2023-03-17 21:00:36.516000000
14483,2023-03-17 22:32:12.071000064
14211,2023-03-17 22:32:12.508999936
46319,2023-03-20 07:50:37.336000000
46068,2023-03-20 10:05:14.720000000
35228,2023-03-20 10:41:30.531000064
63452,2023-03-20 10:53:43.617999872
24306,2023-03-20 13:57:05.920999936
24456,2023-03-20 13:57:06.406000128
53172,2023-03-20 14:25:59.616000000
32207,2023-03-20 15:03:39.108000000
62900,2023-03-20 15:11:31.353999872
80337,2023-03-20 20:22:56.363000064
14123,2023-03-20 22:32:15.022000128
34031,2023-03-21 07:07:02.507000064
55200,2023-03-21 07:42:44.539000064
31421,2023-03-21 08:01:22.156999936
16015,2023-03-21 08:14:25.152999936
57588,2023-03-21 08:16:31.940000000
14243,2023-03-21 08:40:33.632000000
03054,2023-03-21 08:48:15.272999936
31081,2023-03-21 09:16:14.027000064
46202,2023-03-21 09:25:22.088999936
21369,2023-03-21 12:36:33.660000000
61051,2023-03-21 14:11:05.896999936
17414,2023-03-21 15:34:55.312999936
43245,2023-03-21 15:38:29.444000000
19223,2023-03-21 17:17:05.326000128
21641,2023-03-22 06:36:17.868000000
67101,2023-03-22 07:11:14.412999936
57639,2023-03-22 07:15:12.187000064
80292,2023-03-22 08:04:14.761999872
58145,2023-03-22 10:10:02.028999936
07343,2023-03-22 10:52:52.716000000
56180,2023-03-22 11:11:10.776999936
54338,2023-03-22 13:46:45.192999936
17184,2023-03-22 14:02:53.519000064
24426,2023-03-22 14:56:56.649999872
58044,2023-03-22 15:11:48.324999936
21346,2023-03-22 16:18:58.216999936
14251,2023-03-22 22:32:06.472999936
17356,2023-03-23 06:52:13.743000064
31429,2023-03-23 07:56:55.288999936
78372,2023-03-23 08:05:07.329999872
19098,2023-03-23 09:32:10.112999936
33306,2023-03-23 09:38:32.424999936
89419,2023-03-23 09:40:32.440000000
11377,2023-03-23 10:28:43.438000128
27094,2023-03-23 13:29:22.368999936
28310,2023-03-23 13:43:28.600000000
33146,2023-03-23 13:49:36.689999872
29272,2023-03-23 13:49:51.504000000
68340,2023-03-23 14:41:04.707000064
19020,2023-03-23 14:48:07.968000000
24107,2023-03-23 15:10:07.572999936
32145,2023-03-23 16:02:10.159000064
77376,2023-03-23 17:59:01.788000000
14469,2023-03-23 22:32:01.131000064
14140,2023-03-23 22:32:01.483000064
14500,2023-03-23 22:32:01.484000000
89459,2023-03-24 07:37:07.932999936
19186,2023-03-24 09:09:09.600000000
07199,2023-03-24 09:12:59.452000000
19199,2023-03-24 09:28:52.095000064
72373,2023-03-24 10:57:38.132999936
04066,2023-03-24 16:09:15.976999936
24504,2023-03-24 16:09:35.560999936
16253,2023-03-24 18:09:00.072999936
50368,2023-03-25 13:39:56.879000064
17109,2023-03-27 07:44:25.271000064
45300,2023-03-27 08:00:56.336000000
23196,2023-03-27 09:14:31.496999936
82170,2023-03-27 12:39:07.838000128
31287,2023-03-27 14:11:47.969999872
69269,2023-03-27 17:54:27.152000000
05177,2023-03-27 18:31:06.052000000
12190,2023-03-28 07:30:43.408999936
08017,2023-03-28 08:25:57.668999936
21137,2023-03-28 09:09:07.488000000
35335,2023-03-28 09:57:21.262000128
29046,2023-03-28 14:03:02.350000128
80227,2023-03-28 14:36:05.137999872
67336,2023-03-28 14:53:57.873999872
24526,2023-03-28 19:31:10.932000000
14238,2023-03-28 21:33:24.944999936
38276,2023-03-29 07:01:16.745999872
38212,2023-03-29 07:32:33.540999936
61391,2023-03-29 09:21:38.548000000
41122,2023-03-29 09:30:18.360000000
21263,2023-03-29 10:02:37.488999936
31148,2023-03-29 10:19:43.496999936
76613,2023-03-29 11:18:53.867000064
61140,2023-03-29 13:02:49.494000128
31128,2023-03-29 15:29:45.296000000
19108,2023-03-29 19:18:08.481999872
24401,2023-03-29 20:32:16.407000064
43013,2023-03-30 06:23:04.831000064
19141,2023-03-30 07:56:34.887000064
73323,2023-03-30 08:30:28.260000000
61021,2023-03-30 12:06:15.496999936
40011,2023-03-30 12:20:56.724000000
32203,2023-03-30 12:40:07.740000000
45254,2023-03-30 13:26:24.567000064
21691,2023-03-30 13:28:58.415000064
01323,2023-03-30 13:53:58.080999936
64046,2023-03-30 14:01:38.607000064
30175,2023-03-30 14:42:21.208000000
88324,2023-03-30 15:01:36.518000128
12260,2023-03-30 20:55:33.407000064
46263,2023-03-30 21:02:37.884000000
14407,2023-03-30 21:32:19.153999872
59532,2023-03-31 07:17:51.188999936
54203,2023-03-31 07:53:30.508000000
69169,2023-03-31 08:40:19.478000128
64533,2023-03-31 10:20:41.438000128
60510,2023-03-31 12:10:02.196999936
31486,2023-03-31 12:41:06.392999936
11141,2023-03-31 12:46:44.454000128
19004,2023-03-31 13:31:34.440000000
61048,2023-03-31 15:26:54.476000000
44019,2023-03-31 17:55:24.425999872
44032,2023-03-31 17:55:32.959000064
44078,2023-03-31 17:55:48.553999872
44090,2023-03-31 17:55:54.588000000
44119,2023-03-31 17:56:02.660000000
44124,2023-03-31 17:56:03.913999872
44140,2023-03-31 17:56:11.600000000
44142,2023-03-31 17:56:12.843000064
44207,2023-03-31 17:56:29.584999936
49003,2023-03-31 17:56:36.375000064
49067,2023-03-31 17:56:47.472999936
49102,2023-03-31 17:56:54.182000128
49205,2023-03-31 17:57:10.103000064
49236,2023-03-31 17:57:15.455000064
49247,2023-03-31 17:57:16.073999872
53105,2023-03-31 17:57:44.147000064
53153,2023-03-31 17:57:48.961999872
53220,2023-03-31 17:57:54.732999936
53249,2023-03-31 17:57:55.948999936
72001,2023-03-31 17:57:57.195000064
72005,2023-03-31 17:57:59.087000064
72012,2023-03-31 17:58:00.395000064
72016,2023-03-31 17:58:01.049999872
72019,2023-03-31 17:58:01.604999936
72036,2023-03-31 17:58:03.655000064
72046,2023-03-31 17:58:04.372000000
72049,2023-03-31 17:58:04.896999936
72054,2023-03-31 17:58:05.569999872
72062,2023-03-31 17:58:06.139000064
72065,2023-03-31 17:58:07.302000128
72067,2023-03-31 17:58:08.011000064
72073,2023-03-31 17:58:09.203000064
72076,2023-03-31 17:58:10.286000128
72078,2023-03-31 17:58:10.836999936
72079,2023-03-31 17:58:11.382000128
72083,2023-03-31 17:58:11.904999936
72095,2023-03-31 17:58:17.550000128
72121,2023-03-31 17:58:18.118000128
72131,2023-03-31 17:58:22.088999936
72133,2023-03-31 17:58:22.694000128
72163,2023-03-31 17:58:26.496000000
72167,2023-03-31 17:58:27.076000000
72171,2023-03-31 17:58:31.193999872
72190,2023-03-31 17:58:35.563000064
72192,2023-03-31 17:58:36.095000064
72197,2023-03-31 17:58:37.334000128
72198,2023-03-31 17:58:37.982000128
72201,2023-03-31 17:58:38.566000128
72208,2023-03-31 17:58:39.108999936
72221,2023-03-31 17:58:41.583000064
72227,2023-03-31 17:58:42.606000128
72238,2023-03-31 17:58:46.239000064
72246,2023-03-31 17:58:46.761999872
72277,2023-03-31 17:58:54.121999872
72289,2023-03-31 17:58:55.448999936
72307,2023-03-31 17:58:55.963000064
72316,2023-03-31 17:59:01.528999936
72320,2023-03-31 17:59:02.216000000
72324,2023-03-31 17:59:02.800999936
72327,2023-03-31 17:59:03.331000064
72337,2023-03-31 17:59:06.080999936
72338,2023-03-31 17:59:06.616999936
72345,2023-03-31 17:59:07.689999872
72353,2023-03-31 17:59:08.849999872
72361,2023-03-31 17:59:12.913999872
72372,2023-03-31 17:59:14.248000000
72374,2023-03-31 17:59:15.427000064
72375,2023-03-31 17:59:15.992000000
14261,2023-03-31 21:32:12.281999872
10403,2023-04-03 12:36:25.006000128
02592,2023-04-03 12:52:38.668999936
80757,2023-04-03 12:56:49.800999936
61295,2023-04-03 13:01:39.600000000
54483,2023-04-03 14:06:31.798000128
16406,2023-04-04 02:55:41.856000000
19246,2023-04-04 02:57:04.728000000
67485,2023-04-04 06:46:48.239000064
81220,2023-04-04 11:55:34.369999872
31286,2023-04-04 12:55:21.136999936
12055,2023-04-04 12:55:33.944999936
26264,2023-04-04 13:38:48.104999936
89274,2023-04-04 15:53:57.105999872
72386,2023-04-04 17:59:12.916000000
72382,2023-04-05 03:50:14.887000064
72041,2023-04-05 08:03:49.016000000
69065,2023-04-05 08:15:13.812999936
27397,2023-04-05 08:24:03.364999936
62501,2023-04-05 08:28:22.404999936
46055,2023-04-05 08:28:57.332999936
61159,2023-04-05 08:33:18.307000064
08498,2023-04-05 08:39:33.596999936
78439,2023-04-05 08:39:37.060000000
27346,2023-04-05 08:42:18.243000064
65265,2023-04-05 08:53:37.788999936
32398,2023-04-05 08:54:00.097999872
79210,2023-04-05 08:55:30.440000000
84044,2023-04-05 08:55:39.051000064
60001,2023-04-05 08:57:34.751000064
62852,2023-04-05 08:59:27.040999936
26023,2023-04-05 09:05:31.774000128
71531,2023-04-05 09:06:08.535000064
86069,2023-04-05 09:14:28.012999936
16211,2023-04-05 09:29:56.020000000
65185,2023-04-05 10:00:52.360000000
86269,2023-04-05 10:01:28.974000128
58186,2023-04-05 10:01:36.241999872
58224,2023-04-05 10:01:36.665999872
58040,2023-04-05 10:01:37.892000000
33341,2023-04-05 10:14:12.054000128
61118,2023-04-05 11:27:43.164000000
71069,2023-04-05 11:33:52.096999936
70058,2023-04-05 11:50:17.273999872
09206,2023-04-05 11:57:32.244999936
28149,2023-04-05 11:57:57.631000064
26131,2023-04-05 12:14:51.296000000
77358,2023-04-05 12:34:16.980000000
43225,2023-04-05 12:35:42.604000000
63107,2023-04-05 12:42:57.007000064
23073,2023-04-05 12:58:36.144999936
78557,2023-04-05 12:59:55.716999936
17424,2023-04-05 13:02:00.308999936
81229,2023-04-05 13:04:06.200000000
27669,2023-04-05 13:24:15.297999872
45165,2023-04-05 13:42:00.579000064
76006,2023-04-05 13:59:36.571000064
77194,2023-04-05 14:00:36.849999872
68115,2023-04-05 14:10:31.508999936
51374,2023-04-05 14:14:41.760999936
24282,2023-04-05 14:35:06.726000128
67319,2023-04-05 16:59:18.544000000
62565,2023-04-05 18:54:00.615000064
77504,2023-04-06 05:13:44.892999936
52380,2023-04-06 06:28:26.206000128
07176,2023-04-06 06:34:21.324999936
07065,2023-04-06 06:53:38.228000000
46179,2023-04-06 07:04:03.820000000
77221,2023-04-06 07:09:04.259000064
77022,2023-04-06 07:10:29.976999936
47089,2023-04-06 07:18:22.647000064
28019,2023-04-06 07:21:34.376999936
55331,2023-04-06 07:25:00.724000000
03276,2023-04-06 07:34:38.120000000
76726,2023-04-06 07:37:23.574000128
55456,2023-04-06 07:43:39.256999936
30215,2023-04-06 07:43:41.136999936
88156,2023-04-06 07:53:11.275000064
79131,2023-04-06 07:53:21.764999936
80736,2023-04-06 08:07:15.905999872
54227,2023-04-06 08:17:38.108000000
52128,2023-04-06 09:00:58.948000000
36030,2023-04-06 09:01:59.308999936
51082,2023-04-06 09:38:31.897999872
80810,2023-04-06 10:09:14.516999936
12056,2023-04-06 10:26:39.736999936
77489,2023-04-06 10:48:24.142000128
63447,2023-04-06 11:24:15.868000000
71444,2023-04-06 11:41:50.744000000
62471,2023-04-06 11:52:40.571000064
68333,2023-04-06 12:18:07.718000128
38402,2023-04-06 12:27:26.691000064
76494,2023-04-06 12:45:44.124000000
81003,2023-04-06 13:26:46.096000000
60428,2023-04-06 13:40:31.583000064
37185,2023-04-06 13:45:40.095000064
10282,2023-04-06 14:22:00.912000000
17385,2023-04-06 14:27:06.985999872
39334,2023-04-06 15:05:02.825999872
08492,2023-04-06 15:09:00.476999936
63276,2023-04-06 15:53:44.512999936
70496,2023-04-06 16:29:46.897999872
27700,2023-04-06 17:25:46.347000064
02417,2023-04-06 19:41:32.607000064
14282,2023-04-06 21:32:39.848000000
24444,2023-04-07 01:27:19.452999936
24301,2023-04-07 01:27:20.631000064
81305,2023-04-07 04:29:08.182000128
33086,2023-04-07 05:59:02.523000064
71041,2023-04-07 06:15:56.932000000
90024,2023-04-07 07:06:09.961999872
32191,2023-04-07 08:01:59.724000000
77135,2023-04-07 08:08:55.358000128
78416,2023-04-07 08:39:37.337999872
47171,2023-04-07 09:11:06.675000064
60415,2023-04-07 09:14:04.752000000
54201,2023-04-07 09:14:57.328000000
21262,2023-04-07 09:28:11.511000064
40295,2023-04-07 09:42:02.672000000
71390,2023-04-07 13:44:45.609999872
41148,2023-04-07 14:17:10.183000064
65432,2023-04-07 15:15:06.656999936
41053,2023-04-07 15:29:44.816000000
80077,2023-04-07 16:05:28.248000000
69090,2023-04-07 16:47:20.487000064
44174,2023-04-07 17:51:23.852999936
72360,2023-04-07 17:51:28.633999872
43080,2023-04-08 05:27:17.664000000
39057,2023-04-08 06:12:28.884000000
31209,2023-04-08 10:14:20.256000000
62396,2023-04-09 21:33:09.670000128
54084,2023-04-11 06:57:07.040999936
89244,2023-04-11 07:12:43.972000000
02173,2023-04-11 08:37:43.400999936
28073,2023-04-11 08:47:34.497999872
51631,2023-04-11 09:10:46.340000000
64256,2023-04-11 09:23:58.641999872
18151,2023-04-11 09:52:51.915000064
54186,2023-04-11 10:43:29.774000128
64342,2023-04-11 10:58:30.847000064
90057,2023-04-11 11:15:25.432999936
38465,2023-04-11 12:16:06.780999936
36238,2023-04-11 13:09:39.016000000
64404,2023-04-11 13:41:41.425999872
68362,2023-04-11 14:13:28.974000128
55335,2023-04-11 14:14:42.095000064
10111,2023-04-11 14:22:04.916999936
54556,2023-04-11 14:24:28.820000000
62765,2023-04-11 14:33:13.968000000
81011,2023-04-11 14:37:59.972000000
18252,2023-04-11 14:38:28.929999872
77494,2023-04-11 15:15:35.652000000
51627,2023-04-11 15:50:26.055000064
30296,2023-04-11 16:08:08.608999936
62433,2023-04-11 16:25:36.815000064
38330,2023-04-11 16:40:41.558000128
51215,2023-04-11 16:52:30.659000064
49358,2023-04-11 18:55:24.353999872
19281,2023-04-11 19:10:17.323000064
19152,2023-04-11 20:46:10.236000000
14640,2023-04-11 21:32:06.238000128
14571,2023-04-11 21:32:06.267000064
14682,2023-04-11 21:32:06.502000128
81038,2023-04-12 06:26:51.793999872
69209,2023-04-12 08:24:12.284999936
88041,2023-04-12 08:26:56.996000000
27680,2023-04-12 08:27:14.278000128
88277,2023-04-12 09:48:55.481999872
79002,2023-04-12 11:07:28.271000064
64106,2023-04-12 12:16:57.404000000
38494,2023-04-12 13:05:16.438000128
17210,2023-04-12 14:44:22.152999936
76119,2023-04-12 15:35:24.448999936
88093,2023-04-12 16:14:44.344999936
14246,2023-04-12 21:32:30.348999936
32075,2023-04-13 07:03:25.799000064
81264,2023-04-13 07:53:20.396999936
27104,2023-04-13 08:36:56.057999872
19226,2023-04-13 09:11:02.001999872
27645,2023-04-13 09:35:23.535000064
57604,2023-04-13 09:37:10.272000000
08198,2023-04-13 11:25:27.292000000
26286,2023-04-13 12:14:03.998000128
80576,2023-04-13 12:48:30.764999936
70197,2023-04-13 12:52:33.710000128
81013,2023-04-13 15:25:25.628000000
58078,2023-04-13 17:41:07.907000064
72114,2023-04-13 17:57:20.774000128
57437,2023-04-13 18:47:07.640000000
84022,2023-04-13 20:54:28.960000000
39250,2023-04-14 07:27:16.862000128
68018,2023-04-14 07:42:26.087000064
17309,2023-04-14 08:17:16.335000064
53271,2023-04-14 08:45:22.552000000
23122,2023-04-14 08:50:31.904000000
71468,2023-04-14 09:34:21.096000000
77034,2023-04-14 10:20:24.633999872
19041,2023-04-14 10:45:22.230000128
19039,2023-04-14 11:20:22.572000000
82151,2023-04-14 13:41:22.811000064
65319,2023-04-14 13:57:17.428000000
64437,2023-04-14 14:09:25.455000064
64260,2023-04-14 14:11:09.055000064
48037,2023-04-14 14:19:26.703000064
21076,2023-04-14 14:42:37.251000064
88519,2023-04-14 17:20:23.784000000
89242,2023-04-15 09:35:20.182000128
34082,2023-04-15 11:30:22.800000000
70199,2023-04-17 08:26:09.137999872
39184,2023-04-17 09:14:18.284000000
58158,2023-04-17 09:24:46.063000064
39473,2023-04-17 09:56:27.134000128
47266,2023-04-17 11:06:07.984000000
47050,2023-04-17 12:12:42.304999936
40049,2023-04-17 12:30:31.745999872
62567,2023-04-17 13:42:20.254000128
52526,2023-04-17 14:18:47.321999872
43021,2023-04-17 14:27:18.398000128
31246,2023-04-17 15:10:12.207000064
72008,2023-04-17 17:57:46.248000000
63294,2023-04-17 18:35:10.476000000
60119,2023-04-17 19:00:48.678000128
14090,2023-04-17 21:32:17.196999936
14721,2023-04-17 21:32:17.216000000
54212,2023-04-18 07:26:27.139000064
31549,2023-04-18 08:47:27.972999936
27565,2023-04-18 08:55:16.193999872
08239,2023-04-18 11:59:42.800000000
74065,2023-04-18 12:07:57.599000064
24349,2023-04-18 12:29:16.700000000
58293,2023-04-18 12:50:39.487000064
35026,2023-04-18 13:14:19.553999872
38086,2023-04-18 13:38:48.139000064
34173,2023-04-18 14:29:59.439000064
52529,2023-04-18 14:45:21.736999936
19063,2023-04-18 15:27:56.464000000
11002,2023-04-18 15:40:05.606000128
14563,2023-04-18 21:32:12.638000128
80226,2023-04-19 07:54:46.107000064
19071,2023-04-19 08:27:01.958000128
79277,2023-04-19 08:39:46.287000064
06093,2023-04-19 09:40:54.112000000
64378,2023-04-19 09:42:31.984000000
67195,2023-04-19 09:54:01.310000128
64509,2023-04-19 09:54:56.951000064
61252,2023-04-19 12:08:28.704000000
24355,2023-04-19 13:27:25.614000128
21502,2023-04-19 13:40:14.792999936
15059,2023-04-19 14:08:10.864000000
47053,2023-04-19 14:14:12.271000064
67028,2023-04-19 14:17:02.988999936
80455,2023-04-19 16:02:29.196999936
80359,2023-04-19 16:15:46.248000000
72003,2023-04-19 17:54:59.679000064
14438,2023-04-19 21:32:15.836999936
50338,2023-04-20 08:17:18.987000064
47287,2023-04-20 08:31:01.924999936
65445,2023-04-20 08:41:44.679000064
65135,2023-04-20 08:46:42.071000064
23264,2023-04-20 10:10:09.132000000
55124,2023-04-20 11:11:33.724999936
18218,2023-04-20 11:44:20.244000000
59454,2023-04-20 11:55:12.016000000
46122,2023-04-20 12:22:22.537999872
89268,2023-04-20 12:36:39.855000064
41189,2023-04-20 12:39:14.455000064
38226,2023-04-20 13:29:51.160000000
52399,2023-04-20 15:15:12.132000000
26347,2023-04-20 15:23:30.140000000
38037,2023-04-20 16:23:37.803000064
77197,2023-04-20 17:05:13.524000000
65158,2023-04-20 17:20:09.583000064
49330,2023-04-20 17:57:11.923000064
14160,2023-04-20 21:32:22.328999936
56043,2023-04-20 23:40:11.137999872
26218,2023-04-21 06:28:57.438000128
66137,2023-04-21 07:44:27.352000000
02559,2023-04-21 08:22:46.700999936
33547,2023-04-21 08:58:10.799000064
01252,2023-04-21 09:15:04.524999936
2A211,2023-04-21 09:29:13.275000064
60247,2023-04-21 10:10:45.096999936
57042,2023-04-21 10:34:52.823000064
50059,2023-04-21 10:37:06.099000064
31285,2023-04-21 10:53:19.019000064
63331,2023-04-21 13:37:45.776000000
65033,2023-04-21 14:00:11.820000000
26134,2023-04-21 14:27:06.984000000
62551,2023-04-21 16:28:36.084000000
60288,2023-04-21 17:09:26.624999936
80657,2023-04-22 15:14:49.608000000
26105,2023-04-24 07:42:24.599000064
38291,2023-04-24 07:49:10.112999936
36075,2023-04-24 08:35:24.699000064
58045,2023-04-24 08:44:55.296000000
16316,2023-04-24 09:29:51.556000000
01019,2023-04-24 09:52:13.955000064
47235,2023-04-24 13:02:00.584999936
55553,2023-04-24 13:17:36.444999936
08301,2023-04-24 19:05:08.764999936
31117,2023-04-25 08:18:05.859000064
65073,2023-04-25 09:15:19.348999936
06001,2023-04-25 09:21:21.771000064
19001,2023-04-25 12:18:27.145999872
52042,2023-04-25 13:01:17.955000064
11063,2023-04-25 13:03:51.291000064
41158,2023-04-25 13:15:38.896999936
08453,2023-04-25 13:18:59.625999872
72120,2023-04-25 13:25:39.656999936
14457,2023-04-25 13:54:44.750000128
65422,2023-04-25 14:16:13.844000000
65380,2023-04-25 14:17:36.135000064
50647,2023-04-25 14:52:56.692000000
07053,2023-04-25 14:59:54.201999872
10255,2023-04-25 15:28:22.768999936
32121,2023-04-25 16:05:01.655000064
82074,2023-04-25 16:40:02.296999936
39281,2023-04-25 18:09:57.228999936
31373,2023-04-25 18:51:07.184000000
24006,2023-04-25 19:14:57.664000000
80202,2023-04-26 08:02:36.806000128
56249,2023-04-26 11:34:54.668999936
58296,2023-04-26 12:40:55.051000064
27190,2023-04-26 14:14:00.479000064
57071,2023-04-26 15:11:40.788999936
95308,2023-04-26 15:19:58.635000064
80822,2023-04-26 15:46:04.139000064
21609,2023-04-27 05:41:31.680000000
65178,2023-04-27 07:11:05.550000128
54074,2023-04-27 08:36:04.360000000
47063,2023-04-27 09:34:56.512000000
16056,2023-04-27 10:00:28.264999936
27442,2023-04-27 10:03:39.920999936
19231,2023-04-27 10:25:00.303000064
76502,2023-04-27 11:28:37.420000000
30350,2023-04-27 11:35:01.684999936
40234,2023-04-27 12:43:01.768999936
68010,2023-04-27 13:32:40.566000128
45330,2023-04-27 13:52:16.812000000
64094,2023-04-27 13:54:26.929999872
58185,2023-04-27 13:56:19.756999936
10205,2023-04-27 14:12:29.545999872
64047,2023-04-27 14:26:36.372000000
64015,2023-04-27 14:38:51.624000000
87149,2023-04-27 15:04:58.479000064
78609,2023-04-27 15:15:03.008999936
67490,2023-04-27 16:44:52.771000064
24090,2023-04-27 17:19:55.409999872
53114,2023-04-27 17:59:28.161999872
24276,2023-04-27 21:07:22.371000064
24523,2023-04-27 21:07:22.702000128
71557,2023-04-28 08:12:42.864000000
45047,2023-04-28 08:36:07.328000000
80647,2023-04-28 09:00:10.670000128
09056,2023-04-28 09:23:52.596000000
52274,2023-04-28 09:37:30.694000128
39009,2023-04-28 09:59:40.532999936
39105,2023-04-28 10:17:00.956999936
32024,2023-04-28 10:34:57.184999936
60135,2023-04-28 10:49:36.907000064
01151,2023-04-28 12:10:24.900000000
37044,2023-04-28 13:46:46.476000000
56046,2023-04-28 15:14:57.879000064
80511,2023-04-28 15:35:56.515000064
65170,2023-04-28 15:40:00.220000000
68364,2023-04-28 16:30:00.228000000
88255,2023-04-28 16:30:46.991000064
53002,2023-04-28 18:16:11.443000064
53146,2023-04-28 18:16:12.120000000
24364,2023-04-28 22:09:01.745999872
24189,2023-04-28 22:09:34.719000064
24039,2023-04-28 22:09:35.608000000
24373,2023-04-28 22:09:38.575000064
24317,2023-04-28 22:09:40.003000064
24263,2023-04-28 22:09:43.271000064
39111,2023-04-29 08:46:41.119000064
03209,2023-04-29 11:10:00.008999936
50263,2023-04-29 21:11:47.228000000
11392,2023-04-30 17:24:56.868999936
72247,2023-05-01 18:07:01.390000128
88021,2023-05-02 06:38:00.360000000
81232,2023-05-02 07:06:18.017999872
10207,2023-05-02 08:29:15.932999936
63115,2023-05-02 09:10:14.528999936
61425,2023-05-02 09:12:13.988000000
48002,2023-05-02 10:55:00.422000128
55070,2023-05-02 12:07:58.153999872
18283,2023-05-02 13:29:06.267000064
89041,2023-05-02 13:54:17.024000000
77277,2023-05-02 14:09:15.033999872
31426,2023-05-02 14:14:59.468000000
64026,2023-05-02 14:36:48.928999936
12038,2023-05-02 14:37:56.740999936
64092,2023-05-02 14:49:01.752000000
26266,2023-05-02 14:53:00.329999872
69141,2023-05-02 14:59:09.617999872
40024,2023-05-02 15:00:00.086000128
68163,2023-05-02 15:25:29.528000000
21636,2023-05-02 15:35:33.292000000
27401,2023-05-02 16:07:33.579000064
89338,2023-05-02 16:44:54.316000000
03179,2023-05-02 16:45:00.332999936
44085,2023-05-02 17:55:46.972000000
44112,2023-05-02 17:55:50.380000000
44200,2023-05-02 17:55:53.879000064
49284,2023-05-02 17:55:54.984000000
49333,2023-05-02 17:55:57.400999936
07308,2023-05-03 06:06:40.576000000
26293,2023-05-03 06:06:41.676000000
26333,2023-05-03 06:06:42.160999936
89067,2023-05-03 08:12:01.024000000
32232,2023-05-03 08:27:41.263000064
19206,2023-05-03 08:35:56.694000128
65374,2023-05-03 09:59:54.854000128
64379,2023-05-03 10:11:40.903000064
11146,2023-05-03 10:20:00.259000064
55561,2023-05-03 11:34:58.748000000
80497,2023-05-03 13:22:12.480000000
52513,2023-05-03 14:14:02.078000128
80225,2023-05-03 16:36:46.414000128
44185,2023-05-03 17:56:06.152000000
53120,2023-05-03 17:56:16.238000128
27563,2023-05-03 21:26:12.337999872
14301,2023-05-03 21:32:24.495000064
24395,2023-05-04 03:06:59.544000000
25403,2023-05-04 06:11:09.168000000
89060,2023-05-04 07:04:08.676999936
05026,2023-05-04 07:09:00.624000000
32169,2023-05-04 07:35:25.961999872
38481,2023-05-04 09:14:44.408000000
46096,2023-05-04 11:39:57.784000000
04007,2023-05-04 13:24:38.272000000
02166,2023-05-04 13:30:51.100000000
35330,2023-05-04 14:26:41.616999936
07208,2023-05-04 14:29:58.983000064
39106,2023-05-04 15:36:33.953999872
03172,2023-05-04 15:40:00.263000064
80372,2023-05-04 16:29:58.512000000
44065,2023-05-04 18:19:49.713999872
49064,2023-05-04 18:19:59.003000064
53008,2023-05-04 18:20:03.023000064
53023,2023-05-04 18:20:03.576999936
62766,2023-05-05 06:11:13.436999936
43150,2023-05-05 08:07:01.121999872
19177,2023-05-05 08:07:23.027000064
2A203,2023-05-05 08:22:49.908000000
65477,2023-05-05 08:27:14.468000000
10015,2023-05-05 08:30:46.507000064
47144,2023-05-05 08:37:58.249999872
89306,2023-05-05 08:48:55.736000000
52545,2023-05-05 08:59:18.318000128
11320,2023-05-05 10:05:26.355000064
31514,2023-05-05 10:14:38.254000128
71303,2023-05-05 11:09:59.537999872
17263,2023-05-05 11:25:00.774000128
71446,2023-05-05 11:51:14.102000128
65224,2023-05-05 13:05:01.507000064
25197,2023-05-05 13:20:42.200999936
25266,2023-05-05 13:22:49.808000000
80568,2023-05-05 13:41:08.681999872
08033,2023-05-05 13:41:43.084999936
33105,2023-05-05 14:10:58.919000064
22062,2023-05-05 15:58:03.139000064
65421,2023-05-05 16:35:00.961999872
44014,2023-05-05 17:54:52.760999936
49170,2023-05-05 17:55:01.896999936
14735,2023-05-05 21:32:32.654000128
14656,2023-05-05 21:32:32.740999936
24215,2023-05-06 05:09:11.143000064
51238,2023-05-06 05:22:21.884999936
22234,2023-05-06 08:25:33.942000128
03122,2023-05-06 09:56:56.496000000
38372,2023-05-06 10:44:59.768000000
24428,2023-05-08 07:09:12.273999872
24278,2023-05-08 07:09:14.096000000
46050,2023-05-08 10:48:34.404000000
80173,2023-05-08 18:35:00.897999872
54507,2023-05-09 07:34:33.504999936
61505,2023-05-09 08:09:50.856999936
68208,2023-05-09 09:00:00.502000128
46296,2023-05-09 09:20:21.609999872
38245,2023-05-09 12:29:39.606000128
91679,2023-05-09 14:21:30.617999872
47292,2023-05-09 14:46:52.870000128
65247,2023-05-09 15:40:18.609999872
10226,2023-05-09 17:09:59.212999936
17478,2023-05-09 18:14:57.697999872
14198,2023-05-09 21:32:39.936999936
79295,2023-05-10 06:01:47.968999936
47241,2023-05-10 07:28:37.695000064
52179,2023-05-10 08:15:31.603000064
12051,2023-05-10 09:26:18.521999872
80130,2023-05-10 09:26:49.327000064
36186,2023-05-10 09:29:28.929999872
09249,2023-05-10 09:29:57.667000064
36034,2023-05-10 10:25:01.532000000
91347,2023-05-10 11:00:00.785999872
84002,2023-05-10 11:36:47.888999936
02297,2023-05-10 13:05:57.292999936
37027,2023-05-10 14:48:15.409999872
53067,2023-05-10 17:57:27.955000064
72129,2023-05-10 17:57:28.564999936
72130,2023-05-10 17:57:29.177999872
72257,2023-05-10 17:57:29.844999936
23078,2023-05-10 19:00:11.470000128
52198,2023-05-11 07:45:49.248999936
07031,2023-05-11 08:49:36.174000128
61088,2023-05-11 08:56:08.763000064
07120,2023-05-11 09:03:39.956999936
58241,2023-05-11 09:14:06.463000064
98810,2023-05-11 09:43:41.342000128
08308,2023-05-11 09:54:52.988000000
61424,2023-05-11 10:00:00.116999936
03160,2023-05-11 10:09:58.764999936
53039,2023-05-11 12:00:00.696000000
18014,2023-05-11 12:36:53.956000000
25493,2023-05-11 13:02:02.252999936
89063,2023-05-11 13:12:05.503000064
10310,2023-05-11 13:14:26.024999936
62405,2023-05-11 13:30:41.014000128
89456,2023-05-11 13:38:40.808999936
39399,2023-05-11 14:33:51.251000064
82024,2023-05-11 14:43:41.712999936
64187,2023-05-11 14:57:55.760999936
71434,2023-05-11 14:58:03.142000128
65345,2023-05-11 15:06:54.904000000
84142,2023-05-11 15:15:01.219000064
28393,2023-05-11 16:10:48.132000000
16190,2023-05-11 16:55:00.617999872
72213,2023-05-11 17:55:39.435000064
72260,2023-05-11 17:55:40.796000000
72280,2023-05-11 17:55:42.335000064
72328,2023-05-11 17:55:43.020999936
14542,2023-05-11 21:32:31.035000064
95430,2023-05-12 07:28:29.419000064
58043,2023-05-12 07:35:00.428999936
32280,2023-05-12 07:38:06.887000064
42047,2023-05-12 07:49:00.300999936
51138,2023-05-12 08:22:34.172000000
32275,2023-05-12 08:39:53.672000000
34011,2023-05-12 10:44:15.908999936
32447,2023-05-12 12:29:14.231000064
08031,2023-05-12 12:56:06.993999872
71451,2023-05-12 13:38:01.068999936
84031,2023-05-12 14:09:07.684000000
76688,2023-05-12 15:02:19.820999936
15230,2023-05-12 15:10:00.961999872
07094,2023-05-12 16:18:52.881999872
72096,2023-05-12 17:56:03.182000128
60149,2023-05-12 19:00:47.895000064
89119,2023-05-13 15:38:53.926000128
80542,2023-05-15 08:47:02.912000000
40285,2023-05-15 09:40:03.630000128
38258,2023-05-15 10:25:37.919000064
32357,2023-05-15 10:44:58.704999936
23230,2023-05-15 10:44:58.982000128
11250,2023-05-15 12:18:13.243000064
01109,2023-05-15 13:09:59.611000064
44222,2023-05-15 17:56:50.174000128
30217,2023-05-16 06:57:49.728000000
76144,2023-05-16 08:02:50.353999872
87056,2023-05-16 08:56:58.736000000
64298,2023-05-16 09:36:47.964000000
56198,2023-05-16 10:02:41.560000000
17081,2023-05-16 10:04:58.424999936
78349,2023-05-16 10:31:02.529999872
49121,2023-05-16 11:54:51.387000064
86252,2023-05-16 11:55:01.868000000
47028,2023-05-16 12:43:26.895000064
77115,2023-05-16 12:48:12.657999872
77480,2023-05-16 13:27:55.880999936
37098,2023-05-16 13:44:18.089999872
59190,2023-05-16 14:27:12.054000128
36071,2023-05-16 14:30:01.108000000
24450,2023-05-16 14:43:11.964999936
24514,2023-05-16 14:43:12.804000000
24052,2023-05-16 14:43:13.128999936
46017,2023-05-16 14:44:46.944999936
45258,2023-05-16 14:45:02.987000064
64273,2023-05-16 15:09:43.771000064
10179,2023-05-16 15:30:01.268999936
86227,2023-05-16 16:29:41.968000000
44007,2023-05-16 17:55:08.347000064
44218,2023-05-16 17:55:13.804999936
05006,2023-05-16 18:44:44.622000128
67477,2023-05-17 06:44:28.795000064
42165,2023-05-17 07:28:48.142000128
10116,2023-05-17 07:33:37.460999936
18186,2023-05-17 08:19:56.671000064
26115,2023-05-17 09:54:56.900999936
46210,2023-05-17 10:11:50.831000064
47007,2023-05-17 11:00:00.620999936
80487,2023-05-17 12:46:28.436999936
22240,2023-05-17 13:28:36.571000064
45085,2023-05-17 13:34:07.403000064
19235,2023-05-17 13:44:59.835000064
71316,2023-05-17 14:25:19.564999936
21187,2023-05-17 14:47:54.700000000
24533,2023-05-17 15:43:10.353999872
02100,2023-05-17 16:30:00.895000064
54260,2023-05-17 17:24:58.527000064
35208,2023-05-18 05:48:06.523000064
14085,2023-05-18 21:32:43.972999936
77482,2023-05-19 14:16:11.672000000
80203,2023-05-19 15:24:58.471000064
58143,2023-05-20 15:30:01.657999872
11092,2023-05-22 06:00:49.007000064
11350,2023-05-22 07:09:48.544999936
45044,2023-05-22 08:02:31.912999936
46061,2023-05-22 09:47:26.536000000
33431,2023-05-22 09:59:10.849999872
71244,2023-05-22 11:04:57.255000064
63188,2023-05-22 11:15:01.488000000
36026,2023-05-22 12:34:04.588999936
53238,2023-05-22 13:16:47.615000064
50236,2023-05-22 13:39:59.220000000
62316,2023-05-22 13:53:58.404000000
80011,2023-05-22 13:54:19.430000128
10229,2023-05-22 15:55:13.068000000
11112,2023-05-22 15:57:38.574000128
12254,2023-05-23 00:44:30.614000128
05017,2023-05-23 00:44:32.187000064
06015,2023-05-23 07:06:42.104000000
24495,2023-05-23 08:12:15.992999936
23246,2023-05-23 08:22:18.128000000
33123,2023-05-23 08:22:22.235000064
40141,2023-05-23 08:27:43.419000064
60507,2023-05-23 09:34:38.739000064
56133,2023-05-23 09:36:06.783000064
71458,2023-05-23 09:45:05.472000000
46282,2023-05-23 09:59:59.118000128
47197,2023-05-23 11:05:01.660999936
80442,2023-05-23 11:59:56.804999936
32218,2023-05-23 12:14:12.447000064
46108,2023-05-23 13:16:20.553999872
64391,2023-05-23 14:07:58.345999872
52006,2023-05-23 14:10:00.755000064
07001,2023-05-23 14:34:07.660000000
80730,2023-05-23 15:15:01.547000064
78569,2023-05-23 15:25:06.796999936
88145,2023-05-23 15:27:10.368000000
16052,2023-05-23 15:55:02.048999936
38508,2023-05-23 17:10:02.755000064
34250,2023-05-24 07:06:55.908999936
87179,2023-05-24 08:03:41.484999936
2B170,2023-05-24 09:22:19.302000128
17436,2023-05-24 09:26:30.398000128
39540,2023-05-24 09:43:32.568000000
55552,2023-05-24 09:48:58.916000000
86036,2023-05-24 10:30:00.268000000
2A142,2023-05-24 14:42:31.161999872
52146,2023-05-24 15:21:33.902000128
55510,2023-05-24 17:25:30.556999936
44100,2023-05-24 18:24:00.972000000
49015,2023-05-25 02:42:51.392999936
52337,2023-05-25 07:52:55.704000000
31276,2023-05-25 08:11:24.440000000
70460,2023-05-25 08:47:32.443000064
58210,2023-05-25 09:26:52.404000000
10141,2023-05-25 09:42:50.364999936
40264,2023-05-25 09:42:57.180000000
38355,2023-05-25 09:46:25.937999872
71057,2023-05-25 10:11:57.964999936
64154,2023-05-25 10:25:12.128000000
56220,2023-05-25 10:40:19.768000000
24322,2023-05-25 10:50:21.472000000
30281,2023-05-25 11:35:22.584000000
62266,2023-05-25 11:54:50.156000000
12097,2023-05-25 12:14:07.292000000
25351,2023-05-25 12:37:44.742000128
56012,2023-05-25 12:53:52.220000000
31251,2023-05-25 12:56:50.388999936
52050,2023-05-25 13:20:16.912999936
27690,2023-05-25 13:47:55.867000064
08130,2023-05-25 14:15:16.776999936
57196,2023-05-25 14:35:18.672000000
41119,2023-05-25 15:30:25.942000128
26233,2023-05-25 15:41:23.356000000
89238,2023-05-25 17:00:15.268000000
22257,2023-05-26 06:46:40.118000128
22101,2023-05-26 06:46:40.142000128
19034,2023-05-26 07:00:39.721999872
32338,2023-05-26 08:09:08.931000064
38285,2023-05-26 08:10:29.555000064
58163,2023-05-26 08:16:32.219000064
70225,2023-05-26 08:33:00.585999872
38106,2023-05-26 08:54:56.483000064
71547,2023-05-26 09:07:36.188999936
63190,2023-05-26 09:35:14.081999872
68119,2023-05-26 10:10:17.647000064
51645,2023-05-26 10:11:22.415000064
11249,2023-05-26 10:13:37.726000128
41246,2023-05-26 10:15:17.248000000
63346,2023-05-26 10:20:18.047000064
09266,2023-05-26 10:35:19.167000064
57368,2023-05-26 10:45:19.255000064
32467,2023-05-26 11:33:28.431000064
80690,2023-05-26 11:35:18.268000000
71210,2023-05-26 11:40:19.856000000
71084,2023-05-26 11:45:21.248000000
64073,2023-05-26 11:54:10.776999936
19217,2023-05-26 12:24:26.252999936
03031,2023-05-26 12:25:20.676000000
54472,2023-05-26 12:44:58.427000064
52510,2023-05-26 13:01:37.135000064
88312,2023-05-26 14:06:51.576000000
2B244,2023-05-26 14:09:10.513999872
34218,2023-05-26 14:55:20.587000064
2A181,2023-05-26 15:25:16.001999872
69257,2023-05-26 16:30:19.892999936
07244,2023-05-26 19:17:24.492999936
77513,2023-05-27 09:02:59.900000000
76123,2023-05-27 10:35:19.472999936
89179,2023-05-27 11:00:07.996999936
11066,2023-05-27 14:35:20.409999872
70082,2023-05-27 17:32:49.296000000
31025,2023-05-29 12:24:00.014000128
10126,2023-05-29 13:30:02.844999936
81308,2023-05-29 13:41:46.747000064
39293,2023-05-29 17:05:19.936999936
98825,2023-05-30 03:42:20.504999936
66107,2023-05-30 06:27:25.833999872
32383,2023-05-30 06:43:17.888999936
68184,2023-05-30 06:44:05.047000064
77353,2023-05-30 07:23:23.041999872
64018,2023-05-30 07:55:42.297999872
56253,2023-05-30 07:59:17.151000064
81221,2023-05-30 08:04:15.819000064
60605,2023-05-30 08:30:30.480000000
62044,2023-05-30 08:53:19.928999936
51659,2023-05-30 09:47:43.764000000
22090,2023-05-30 10:12:02.115000064
68285,2023-05-30 10:20:29.531000064
81303,2023-05-30 10:45:21.764000000
31475,2023-05-30 11:00:18.033999872
17087,2023-05-30 11:26:30.059000064
45253,2023-05-30 12:01:30.504999936
69031,2023-05-30 13:23:57.455000064
46062,2023-05-30 13:35:32.577999872
26066,2023-05-30 13:39:46.468000000
11413,2023-05-30 13:59:54.095000064
35262,2023-05-30 14:09:53.449999872
16222,2023-05-30 15:14:58.916999936
32403,2023-05-30 15:19:20.488999936
80605,2023-05-30 15:50:44.999000064
25209,2023-05-30 15:54:56.136999936
37008,2023-05-30 16:09:53.856999936
58025,2023-05-30 16:19:58.896000000
81042,2023-05-30 16:29:52.944000000
71363,2023-05-30 17:14:55.780999936
72230,2023-05-30 18:21:06.886000128
14070,2023-05-30 21:33:00.481999872
14476,2023-05-30 21:33:00.761999872
01057,2023-05-31 05:22:17.312000000
01163,2023-05-31 05:48:45.912999936
08165,2023-05-31 07:16:38.398000128
38009,2023-05-31 07:41:27.244999936
40202,2023-05-31 08:20:42.636000000
68167,2023-05-31 08:26:17.339000064
46230,2023-05-31 08:29:52.175000064
45116,2023-05-31 10:01:16.543000064
2A133,2023-05-31 11:36:17.716999936
86105,2023-05-31 12:06:18.436999936
61421,2023-05-31 12:36:45.204999936
39461,2023-05-31 12:51:17.668999936
26106,2023-05-31 12:52:37.992999936
18153,2023-05-31 12:58:54.204999936
16252,2023-05-31 13:29:36.156000000
2B072,2023-05-31 14:10:50.929999872
64198,2023-05-31 14:30:53.057999872
10230,2023-05-31 15:52:51.779000064
47249,2023-05-31 15:58:38.377999872
10220,2023-05-31 16:00:54.833999872
14576,2023-05-31 21:32:30.976000000
24028,2023-06-01 04:58:55.171000064
24303,2023-06-01 04:58:57.407000064
27389,2023-06-01 06:55:49.352000000
41107,2023-06-01 07:42:54.396999936
43198,2023-06-01 07:50:10.799000064
21614,2023-06-01 08:41:03.883000064
26155,2023-06-01 08:57:46.030000128
02283,2023-06-01 09:25:41.124000000
64532,2023-06-01 10:40:19.987000064
80601,2023-06-01 11:25:54.217999872
29196,2023-06-01 11:40:55.316000000
86276,2023-06-01 12:16:06.568999936
46120,2023-06-01 12:49:29.240000000
87032,2023-06-01 13:19:11.806000128
88319,2023-06-01 13:21:14.404999936
47307,2023-06-01 13:40:26.464000000
90052,2023-06-01 14:21:36.020000000
39167,2023-06-01 14:42:29.344000000
78688,2023-06-01 14:58:34.907000064
78490,2023-06-01 15:10:30.675000064
78383,2023-06-01 15:11:45.988999936
45278,2023-06-01 15:20:52.511000064
08325,2023-06-01 15:36:38.188000000
37097,2023-06-01 17:55:53.249999872
33451,2023-06-01 19:10:53.903000064
53228,2023-06-01 20:14:28.796999936
03270,2023-06-01 22:15:51.436000000
24586,2023-06-02 05:59:22.796000000
24238,2023-06-02 05:59:22.977999872
58135,2023-06-02 06:54:58.580000000
78297,2023-06-02 08:16:34.668000000
78208,2023-06-02 08:18:36.569999872
57434,2023-06-02 08:42:32.744000000
71481,2023-06-02 08:54:19.736000000
11200,2023-06-02 08:57:42.111000064
45160,2023-06-02 09:12:03.256000000
95539,2023-06-02 09:50:59.855000064
78644,2023-06-02 09:54:44.056000000
78356,2023-06-02 09:55:55.496999936
78168,2023-06-02 10:06:44.846000128
78165,2023-06-02 10:07:32.542000128
78674,2023-06-02 10:13:04.118000128
77249,2023-06-02 12:19:03.828000000
16203,2023-06-02 12:44:18.689999872
64217,2023-06-02 13:55:02.582000128
92032,2023-06-02 14:20:51.820000000
21281,2023-06-02 14:36:03.908999936
80251,2023-06-02 15:17:47.632000000
89433,2023-06-02 15:45:36.462000128
77187,2023-06-02 16:11:16.847000064
80499,2023-06-02 17:40:51.236000000
49026,2023-06-02 19:00:06.015000064
49127,2023-06-02 19:00:10.707000064
60537,2023-06-02 19:00:33.760000000
14260,2023-06-02 21:32:40.238000128
02192,2023-06-03 08:49:28.737999872
68109,2023-06-03 11:15:55.001999872
80798,2023-06-03 12:55:52.616999936
73079,2023-06-04 14:56:08.168000000
69219,2023-06-05 09:06:11.387000064
67300,2023-06-05 09:09:46.940000000
61404,2023-06-05 09:31:13.756000000
65274,2023-06-05 09:59:47.863000064
61281,2023-06-05 10:12:24.584000000
57303,2023-06-05 12:08:45.070000128
19188,2023-06-05 12:17:04.811000064
52463,2023-06-05 12:17:47.432999936
70528,2023-06-05 12:19:09.624999936
76082,2023-06-05 12:23:18.539000064
11158,2023-06-05 12:42:09.139000064
12257,2023-06-05 13:16:33.128000000
26163,2023-06-05 15:04:30.832999936
80635,2023-06-05 15:19:26.388000000
70152,2023-06-05 16:19:27.734000128
59150,2023-06-05 16:49:32.196999936
24269,2023-06-06 08:17:10.659000064
24465,2023-06-06 08:17:11.646000128
71285,2023-06-06 09:26:28.460000000
21363,2023-06-06 09:54:47.500000000
46318,2023-06-06 10:34:29.688000000
21646,2023-06-06 11:04:24.056000000
82109,2023-06-06 11:29:30.232999936
65078,2023-06-06 12:04:29.864000000
06117,2023-06-06 13:19:27.964000000
06149,2023-06-06 13:19:29.156000000
06006,2023-06-06 13:19:30.191000064
06122,2023-06-06 13:19:30.852999936
06110,2023-06-06 13:19:37.590000128
06072,2023-06-06 13:19:37.627000064
06144,2023-06-06 13:19:37.931000064
06054,2023-06-06 13:19:38.064000000
23077,2023-06-06 13:25:00.489999872
46051,2023-06-06 13:57:17.712999936
34289,2023-06-06 14:22:14.351000064
11286,2023-06-06 14:31:53.036000000
03170,2023-06-06 14:56:19.072999936
43158,2023-06-06 14:57:00.660000000
54234,2023-06-06 15:40:54.014000128
03070,2023-06-06 16:08:32.622000128
11166,2023-06-06 16:22:15.979000064
80667,2023-06-06 16:40:00.583000064
07336,2023-06-06 18:02:13.640000000
22129,2023-06-06 18:02:13.926000128
49266,2023-06-06 18:22:25.588000000
53043,2023-06-06 18:22:29.343000064
71370,2023-06-06 21:27:13.184000000
11195,2023-06-07 08:12:50.584000000
64050,2023-06-07 09:02:12.142000128
24162,2023-06-07 09:17:12.588000000
24485,2023-06-07 09:17:15.113999872
16362,2023-06-07 09:17:21.764999936
16049,2023-06-07 09:17:22.559000064
48182,2023-06-07 09:57:13.408000000
56035,2023-06-07 11:12:17.084000000
01451,2023-06-07 11:58:41.631000064
63196,2023-06-07 12:02:17.571000064
03067,2023-06-07 14:05:43.584999936
61436,2023-06-07 15:21:04.884000000
29191,2023-06-07 17:12:15.174000128
52004,2023-06-08 07:20:03.195000064
88348,2023-06-08 09:23:28.288999936
69066,2023-06-08 09:38:57.726000128
06053,2023-06-08 10:12:13.160000000
34247,2023-06-08 10:32:15.868000000
22275,2023-06-08 13:02:21.521999872
39501,2023-06-08 13:31:14.174000128
28164,2023-06-08 13:40:04.699000064
31107,2023-06-08 14:04:32.788999936
34098,2023-06-08 14:05:29.315000064
63074,2023-06-08 14:09:06.910000128
07216,2023-06-08 14:32:15.780999936
2B166,2023-06-08 14:32:33.665999872
71408,2023-06-08 14:53:42.081999872
71539,2023-06-08 15:05:13.012999936
80724,2023-06-08 15:07:13.500000000
52376,2023-06-08 15:07:44.700999936
35183,2023-06-08 15:28:54.767000064
51206,2023-06-08 15:40:48.862000128
61099,2023-06-08 15:54:48.425999872
35126,2023-06-08 17:17:14.452999936
60195,2023-06-08 19:12:15.900999936
14318,2023-06-08 21:32:24.788000000
14145,2023-06-08 21:32:24.956999936
14209,2023-06-08 21:32:24.961999872
32127,2023-06-09 06:38:56.991000064
08255,2023-06-09 06:57:52.216000000
76697,2023-06-09 08:36:21.971000064
25171,2023-06-09 09:37:14.670000128
46271,2023-06-09 09:38:12.785999872
76240,2023-06-09 09:47:15.076999936
55447,2023-06-09 09:47:15.387000064
32281,2023-06-09 10:32:14.873999872
33405,2023-06-09 10:42:14.080999936
76173,2023-06-09 10:42:18.156999936
12277,2023-06-09 11:16:35.463000064
15012,2023-06-09 11:57:17.748000000
64513,2023-06-09 12:44:43.144999936
09169,2023-06-09 12:48:52.575000064
17443,2023-06-09 12:59:26.827000064
64490,2023-06-09 13:18:27.455000064
64424,2023-06-09 13:52:23.188000000
68063,2023-06-09 14:27:11.465999872
52181,2023-06-09 14:27:14.027000064
01280,2023-06-09 15:27:24.179000064
66145,2023-06-09 15:32:15.855000064
01272,2023-06-09 15:44:22.793999872
80107,2023-06-09 17:02:15.144999936
61448,2023-06-09 17:02:16.300999936
78621,2023-06-09 20:02:13.761999872
14712,2023-06-09 21:32:31.080999936
49283,2023-06-10 07:02:40.160000000
49371,2023-06-10 07:02:42.611000064
53021,2023-06-10 07:02:43.177999872
56230,2023-06-10 11:02:13.256999936
08370,2023-06-10 11:17:14.912999936
58280,2023-06-10 15:37:13.417999872
14587,2023-06-10 21:32:27.785999872
30065,2023-06-11 13:12:10.510000128
89469,2023-06-12 06:40:33.748000000
52079,2023-06-12 07:30:04.724000000
71471,2023-06-12 07:49:23.302000128
43031,2023-06-12 09:39:46.596000000
46080,2023-06-12 09:46:10.016999936
76013,2023-06-12 10:52:17.401999872
11078,2023-06-12 11:32:13.675000064
84013,2023-06-12 12:51:08.304000000
57388,2023-06-12 13:00:16.892999936
24412,2023-06-12 13:29:22.859000064
24575,2023-06-12 13:29:23.103000064
24287,2023-06-12 13:29:23.201999872
07257,2023-06-12 14:12:13.988999936
16027,2023-06-12 14:29:05.915000064
68162,2023-06-12 14:47:16.851000064
21517,2023-06-12 15:10:47.632000000
32278,2023-06-12 15:12:15.096000000
58026,2023-06-12 15:32:21.204000000
03310,2023-06-12 15:37:18.412000000
46088,2023-06-12 15:42:15.648999936
11024,2023-06-12 15:52:18.956999936
42255,2023-06-12 15:57:18.513999872
14325,2023-06-12 21:32:49.379000064
63399,2023-06-13 08:47:00.336999936
80073,2023-06-13 09:02:16.919000064
07328,2023-06-13 09:24:39.148000000
69161,2023-06-13 09:44:40.592000000
17391,2023-06-13 10:17:13.956000000
32373,2023-06-13 10:37:15.892999936
12003,2023-06-13 10:47:14.932000000
32119,2023-06-13 10:57:14.384000000
52438,2023-06-13 11:02:17.504000000
71251,2023-06-13 11:07:16.256999936
38522,2023-06-13 11:12:17.104000000
47298,2023-06-13 11:12:17.456000000
38018,2023-06-13 11:32:18.191000064
64175,2023-06-13 11:42:04.078000128
22288,2023-06-13 11:47:15.321999872
66014,2023-06-13 11:56:51.161999872
04152,2023-06-13 12:27:12.968000000
81120,2023-06-13 12:47:13.649999872
88391,2023-06-13 14:07:14.076000000
09050,2023-06-13 14:25:09.303000064
39214,2023-06-13 14:42:15.244000000
10068,2023-06-13 15:48:03.064999936
51543,2023-06-13 16:01:12.740999936
43115,2023-06-13 17:07:17.865999872
17021,2023-06-13 17:27:14.923000064
44044,2023-06-13 17:59:49.627000064
49361,2023-06-13 18:00:11.164999936
62706,2023-06-14 08:40:08.495000064
82118,2023-06-14 08:44:41.768999936
77061,2023-06-14 08:51:04.308000000
82186,2023-06-14 09:12:14.806000128
61181,2023-06-14 09:16:06.329999872
59387,2023-06-14 09:42:14.052999936
88386,2023-06-14 09:56:42.153999872
60435,2023-06-14 10:17:14.611000064
2A200,2023-06-14 11:37:26.036000000
62013,2023-06-14 12:27:19.275000064
38361,2023-06-14 13:02:16.504000000
31071,2023-06-14 15:23:33.168999936
09228,2023-06-14 15:26:54.060999936
31536,2023-06-14 15:30:34.372999936
64268,2023-06-14 17:02:16.161999872
44121,2023-06-14 17:50:18.140000000
2B053,2023-06-14 18:07:14.880999936
11248,2023-06-15 06:10:25.560000000
22309,2023-06-15 08:15:50.655000064
77162,2023-06-15 08:16:16.324999936
31585,2023-06-15 09:09:29.843000064
78147,2023-06-15 09:58:17.224000000
89403,2023-06-15 10:12:14.547000064
22237,2023-06-15 11:32:12.196999936
19058,2023-06-15 12:09:16.743000064
17308,2023-06-15 12:58:09.032999936
77432,2023-06-15 14:57:18.654000128
05122,2023-06-15 15:34:41.091000064
40029,2023-06-15 15:42:16.728000000
41106,2023-06-15 17:22:14.583000064
39477,2023-06-15 19:20:33.448999936
14570,2023-06-15 21:33:12.763000064
31586,2023-06-16 05:53:08.323000064
31584,2023-06-16 06:18:49.326000128
10094,2023-06-16 06:53:32.799000064
38149,2023-06-16 07:11:34.724999936
73252,2023-06-16 07:33:27.760000000
09105,2023-06-16 07:43:26.366000128
19081,2023-06-16 08:21:41.111000064
71071,2023-06-16 08:21:53.860000000
58273,2023-06-16 08:28:41.091000064
80685,2023-06-16 08:29:57.016999936
30312,2023-06-16 08:57:42.768000000
81219,2023-06-16 09:10:04.400000000
81251,2023-06-16 09:11:28.395000064
18148,2023-06-16 09:12:16.428000000
89012,2023-06-16 09:13:08.518000128
19250,2023-06-16 09:13:33.604000000
77153,2023-06-16 09:37:15.688000000
11080,2023-06-16 09:57:17.391000064
32466,2023-06-16 11:12:19.324999936
32459,2023-06-16 11:57:19.024000000
32109,2023-06-16 12:22:17.312000000
46206,2023-06-16 12:33:52.561999872
06077,2023-06-16 12:40:48.312000000
68361,2023-06-16 12:42:16.684000000
56099,2023-06-16 13:29:20.656000000
65240,2023-06-16 13:47:13.972999936
43238,2023-06-16 14:12:15.035000064
94068,2023-06-16 14:29:19.404999936
04154,2023-06-16 14:34:39.195000064
77343,2023-06-16 15:32:18.443000064
52222,2023-06-16 15:35:45.929999872
41187,2023-06-16 16:07:18.732999936
64410,2023-06-16 16:34:51.153999872
64431,2023-06-16 16:34:51.390000128
64501,2023-06-16 16:34:51.419000064
64471,2023-06-16 16:34:51.616999936
64510,2023-06-16 16:34:51.696000000
64461,2023-06-16 16:34:52.014000128
64087,2023-06-16 16:34:52.121999872
64382,2023-06-16 16:34:52.351000064
64479,2023-06-16 16:34:52.417999872
64288,2023-06-16 16:34:52.644999936
64286,2023-06-16 16:34:52.675000064
64171,2023-06-16 16:34:52.968999936
64179,2023-06-16 16:34:52.968999936
64301,2023-06-16 16:34:52.996999936
64312,2023-06-16 16:34:53.236000000
64505,2023-06-16 16:34:53.236000000
64299,2023-06-16 16:34:53.295000064
64117,2023-06-16 16:34:53.548999936
64306,2023-06-16 16:34:53.564999936
64005,2023-06-16 16:34:53.860999936
64135,2023-06-16 16:34:54.230000128
64535,2023-06-16 16:34:54.468999936
64295,2023-06-16 16:34:54.548000000
64556,2023-06-16 16:34:54.736999936
64088,2023-06-16 16:34:54.768999936
64442,2023-06-16 16:34:54.996999936
64165,2023-06-16 16:34:55.020999936
64197,2023-06-16 16:34:55.033999872
64184,2023-06-16 16:34:55.048000000
64181,2023-06-16 16:34:55.284000000
64048,2023-06-16 16:34:55.288000000
64512,2023-06-16 16:34:57.836999936
64462,2023-06-16 16:34:58.340000000
52365,2023-06-16 18:07:14.233999872
61440,2023-06-16 18:57:16.971000064
31366,2023-06-17 11:27:17.086000128
64327,2023-06-19 06:33:02.340999936
64231,2023-06-19 06:53:12.952000000
12275,2023-06-19 07:06:10.110000128
19002,2023-06-19 07:09:43.000999936
66198,2023-06-19 07:26:19.700000000
17069,2023-06-19 08:35:18.712000000
33419,2023-06-19 09:23:45.624000000
87105,2023-06-19 09:32:14.927000064
11100,2023-06-19 10:32:14.567000064
46238,2023-06-19 10:47:17.424000000
45191,2023-06-19 11:12:17.454000128
83011,2023-06-19 11:12:17.855000064
77236,2023-06-19 11:22:16.830000128
31238,2023-06-19 12:35:42.899000064
78423,2023-06-19 13:15:02.774000128
38085,2023-06-19 13:19:11.756999936
18208,2023-06-19 13:21:19.430000128
50332,2023-06-19 13:28:02.555000064
80752,2023-06-19 13:30:22.100000000
71006,2023-06-19 13:30:27.547000064
03119,2023-06-19 13:55:20.468000000
51539,2023-06-19 13:56:53.640000000
16297,2023-06-19 14:12:15.936999936
08045,2023-06-19 14:31:13.420999936
18105,2023-06-19 14:42:14.424000000
23195,2023-06-19 15:19:37.688999936
33161,2023-06-19 16:08:07.024999936
04058,2023-06-19 16:34:39.331000064
44054,2023-06-19 17:53:21.188000000
53218,2023-06-19 17:53:30.759000064
24145,2023-06-19 19:35:20.564999936
24186,2023-06-19 19:35:23.489999872
24159,2023-06-19 19:35:24.488999936
24001,2023-06-19 19:35:25.055000064
24313,2023-06-19 19:35:25.156000000
24319,2023-06-19 19:35:25.184999936
71321,2023-06-19 23:42:16.471000064
12034,2023-06-20 08:34:39.308000000
65279,2023-06-20 08:42:16.780999936
32103,2023-06-20 10:37:16.400999936
64381,2023-06-20 10:52:13.072999936
37075,2023-06-20 10:57:17.948999936
32305,2023-06-20 11:12:22.667000064
18149,2023-06-20 11:42:15.337999872
11156,2023-06-20 11:45:50.624000000
52443,2023-06-20 13:14:28.188999936
19179,2023-06-20 13:31:24.263000064
35326,2023-06-20 13:57:15.382000128
73229,2023-06-20 13:58:12.716000000
30345,2023-06-20 14:15:32.160000000
40239,2023-06-20 14:18:15.815000064
01183,2023-06-20 14:34:56.512000000
41066,2023-06-20 14:47:12.140999936
27204,2023-06-20 14:52:18.400999936
64507,2023-06-20 14:58:32.806000128
58307,2023-06-20 15:12:16.612999936
43121,2023-06-20 15:15:37.728999936
01284,2023-06-20 15:45:18.215000064
2A254,2023-06-20 16:02:21.878000128
80429,2023-06-20 16:41:00.484999936
70478,2023-06-20 16:47:18.784999936
77169,2023-06-20 19:07:17.640999936
36233,2023-06-20 19:17:15.647000064
21352,2023-06-20 19:47:16.344000000
24384,2023-06-20 20:36:36.942000128
14205,2023-06-20 21:32:22.027000064
68090,2023-06-21 06:44:07.257999872
38042,2023-06-21 08:07:15.384999936
59659,2023-06-21 09:03:38.606000128
62902,2023-06-21 09:07:17.718000128
57508,2023-06-21 09:22:03.660999936
64062,2023-06-21 09:23:46.276000000
86052,2023-06-21 09:27:39.212999936
70483,2023-06-21 09:47:15.411000064
43247,2023-06-21 10:01:11.035000064
07291,2023-06-21 10:12:14.756000000
33208,2023-06-21 10:47:17.732000000
16018,2023-06-21 11:34:36.569999872
11414,2023-06-21 12:22:18.380000000
65453,2023-06-21 12:45:09.804000000
17417,2023-06-21 12:52:21.568000000
12027,2023-06-21 14:34:39.328000000
80139,2023-06-21 14:38:16.908000000
80158,2023-06-21 15:03:48.734000128
31289,2023-06-21 15:12:52.084999936
11174,2023-06-21 15:26:20.003000064
66059,2023-06-21 15:48:03.648000000
56200,2023-06-21 16:17:17.033999872
77219,2023-06-21 16:22:17.640000000
62349,2023-06-21 16:52:17.968000000
60368,2023-06-21 17:05:16.364999936
44053,2023-06-21 17:55:16.195000064
44206,2023-06-21 17:55:20.719000064
78104,2023-06-21 21:17:15.230000128
24572,2023-06-21 21:35:22.668000000
24398,2023-06-21 21:35:23.023000064
24005,2023-06-21 21:35:23.036999936
12286,2023-06-22 02:37:29.944000000
12246,2023-06-22 02:37:38.883000064
11150,2023-06-22 07:25:14.376000000
80206,2023-06-22 08:29:09.006000128
69254,2023-06-22 08:31:19.120999936
65199,2023-06-22 08:35:07.950000128
82031,2023-06-22 08:36:44.806000128
61487,2023-06-22 08:47:23.105999872
52021,2023-06-22 09:11:19.876999936
03071,2023-06-22 09:14:18.040000000
62658,2023-06-22 09:15:42.551000064
70501,2023-06-22 09:34:51.015000064
13027,2023-06-22 09:41:52.446000128
64063,2023-06-22 09:58:01.819000064
31288,2023-06-22 09:59:19.924000000
41180,2023-06-22 10:12:24.631000064
45312,2023-06-22 10:12:53.944999936
80105,2023-06-22 10:43:12.604999936
71172,2023-06-22 10:55:31.425999872
62691,2023-06-22 11:07:15.484000000
95598,2023-06-22 11:24:00.331000064
46007,2023-06-22 11:32:17.516999936
54432,2023-06-22 12:12:16.431000064
63049,2023-06-22 12:47:16.327000064
36078,2023-06-22 13:23:14.039000064
31158,2023-06-22 13:30:19.412000000
37234,2023-06-22 13:35:51.371000064
31334,2023-06-22 15:02:18.404999936
21022,2023-06-22 15:06:05.784000000
65308,2023-06-22 15:12:15.388000000
33409,2023-06-22 16:22:19.391000064
21442,2023-06-22 16:37:18.257999872
70159,2023-06-22 16:47:19.924000000
54516,2023-06-22 16:47:20.345999872
69058,2023-06-22 17:27:16.155000064
44073,2023-06-22 17:57:25.761999872
53028,2023-06-22 17:57:35.699000064
53051,2023-06-22 17:57:36.272999936
53057,2023-06-22 17:57:36.827000064
14512,2023-06-22 21:32:30.632000000
14651,2023-06-22 21:32:31.292999936
14497,2023-06-22 21:32:31.326000128
14380,2023-06-22 21:32:31.343000064
14495,2023-06-22 21:32:31.350000128
14161,2023-06-22 21:32:31.358000128
14204,2023-06-22 21:32:31.372999936
14126,2023-06-22 21:32:31.396000000
14177,2023-06-22 21:32:31.400000000
14758,2023-06-22 21:32:31.400999936
14150,2023-06-22 21:32:31.409999872
14556,2023-06-22 21:32:31.417999872
14714,2023-06-22 21:32:32.572999936
14710,2023-06-22 21:32:33.047000064
14223,2023-06-22 21:32:33.270000128
14054,2023-06-22 21:32:33.273999872
14510,2023-06-22 21:32:33.348000000
14050,2023-06-22 21:32:33.512000000
14425,2023-06-22 21:32:33.524000000
14466,2023-06-22 21:32:33.528999936
14345,2023-06-22 21:32:33.550000128
14531,2023-06-22 21:32:33.576000000
14454,2023-06-22 21:32:33.593999872
14125,2023-06-22 21:32:33.596999936
14119,2023-06-22 21:32:33.604000000
14270,2023-06-22 21:32:33.712999936
14064,2023-06-22 21:32:33.716999936
14586,2023-06-22 21:32:33.716999936
14309,2023-06-22 21:32:33.721999872
14332,2023-06-22 21:32:33.721999872
24167,2023-06-22 22:35:24.923000064
60648,2023-06-23 07:26:37.323000064
40090,2023-06-23 08:23:49.668000000
64317,2023-06-23 08:25:51.536000000
2A104,2023-06-23 08:27:42.299000064
58300,2023-06-23 08:32:15.336999936
62373,2023-06-23 09:16:06.297999872
34295,2023-06-23 09:16:46.296000000
34147,2023-06-23 09:22:15.755000064
41276,2023-06-23 09:52:16.801999872
55008,2023-06-23 10:02:12.336999936
10078,2023-06-23 10:03:58.728999936
77125,2023-06-23 12:37:16.752000000
11153,2023-06-23 14:31:29.324000000
32041,2023-06-23 14:57:16.532000000
22283,2023-06-23 15:22:13.508000000
36065,2023-06-23 15:27:18.129999872
62262,2023-06-23 16:52:20.256000000
53061,2023-06-23 17:51:10.793999872
53072,2023-06-23 17:51:11.455000064
23179,2023-06-23 17:57:15.343000064
80687,2023-06-23 18:18:29.911000064
14724,2023-06-23 21:32:34.120999936
14461,2023-06-23 21:32:34.132999936
14578,2023-06-23 21:32:34.132999936
64003,2023-06-23 23:35:05.449999872
24438,2023-06-23 23:35:31.065999872
24359,2023-06-23 23:35:31.143000064
81294,2023-06-24 13:34:39.478000128
39344,2023-06-24 16:27:14.968000000
25570,2023-06-26 08:35:42.359000064
65478,2023-06-26 08:56:04.463000064
28036,2023-06-26 09:01:48.977999872
38253,2023-06-26 09:37:15.580000000
11180,2023-06-26 10:50:07.280000000
32261,2023-06-26 11:27:17.694000128
70187,2023-06-26 11:36:13.489999872
46038,2023-06-26 12:12:00.604999936
05004,2023-06-26 12:34:39.568999936
68313,2023-06-26 12:37:17.639000064
65169,2023-06-26 12:42:30.025999872
17453,2023-06-26 13:07:56.924999936
30051,2023-06-26 13:27:15.008999936
05080,2023-06-26 13:34:39.344000000
65203,2023-06-26 13:35:22.416000000
64178,2023-06-26 14:06:52.201999872
61237,2023-06-26 14:22:44.248999936
61485,2023-06-26 14:27:26.526000128
61284,2023-06-26 14:30:05.452000000
79087,2023-06-26 14:35:52.603000064
61113,2023-06-26 14:37:43.540999936
02636,2023-06-26 14:42:04.676999936
61363,2023-06-26 15:00:53.868999936
2B192,2023-06-26 15:12:17.324999936
88462,2023-06-26 15:18:20.996999936
59151,2023-06-26 15:31:49.823000064
46100,2023-06-26 15:57:18.969999872
80181,2023-06-26 16:18:42.068999936
19009,2023-06-26 16:47:19.400999936
28190,2023-06-26 17:47:16.172000000
53074,2023-06-26 17:54:04.752000000
14390,2023-06-26 21:32:44.172000000
46252,2023-06-27 07:40:24.420000000
65476,2023-06-27 09:19:45.065999872
10196,2023-06-27 09:20:38.937999872
50512,2023-06-27 09:33:49.486000128
61208,2023-06-27 09:47:16.736999936
71291,2023-06-27 09:47:17.004000000
88423,2023-06-27 11:17:17.280999936
31165,2023-06-27 11:33:42.516000000
66193,2023-06-27 11:37:20.328999936
70500,2023-06-27 11:46:48.172000000
68185,2023-06-27 11:57:19.988999936
71137,2023-06-27 12:12:17.707000064
17227,2023-06-27 12:28:54.003000064
42061,2023-06-27 13:53:53.756999936
64082,2023-06-27 14:05:37.624000000
07225,2023-06-27 14:12:11.558000128
58188,2023-06-27 14:22:20.439000064
25143,2023-06-27 14:22:29.668000000
07215,2023-06-27 14:37:22.248999936
31513,2023-06-27 14:45:09.392999936
08479,2023-06-27 14:49:02.894000128
71113,2023-06-27 14:58:42.980999936
63043,2023-06-27 15:12:15.579000064
89304,2023-06-27 15:27:15.843000064
36215,2023-06-27 15:32:13.895000064
52370,2023-06-27 16:02:17.972000000
64275,2023-06-27 16:08:19.647000064
81233,2023-06-27 17:02:20.116000000
68219,2023-06-27 17:07:17.416999936
42026,2023-06-27 17:27:18.331000064
53109,2023-06-27 17:50:14.136999936
53111,2023-06-27 17:50:14.750000128
72169,2023-06-27 17:50:16.281999872
14362,2023-06-27 21:32:38.843000064
14606,2023-06-27 21:32:39.596999936
14733,2023-06-27 21:32:39.620999936
08229,2023-06-27 22:47:15.156000000
55527,2023-06-27 22:51:32.688999936
64418,2023-06-28 03:34:52.001999872
24307,2023-06-28 03:35:19.231000064
35278,2023-06-28 05:48:12.604999936
65364,2023-06-28 07:22:27.608999936
61329,2023-06-28 07:28:27.705999872
76398,2023-06-28 09:26:38.783000064
2B107,2023-06-28 10:32:17.824000000
34046,2023-06-28 10:34:39.344000000
21340,2023-06-28 10:37:15.660000000
88486,2023-06-28 11:02:12.871000064
80177,2023-06-28 11:02:17.576000000
71346,2023-06-28 11:27:17.775000064
80347,2023-06-28 11:47:40.412999936
87145,2023-06-28 12:37:14.860000000
21390,2023-06-28 12:43:39.089999872
71142,2023-06-28 14:12:35.467000064
46163,2023-06-28 14:15:31.740000000
37084,2023-06-28 15:17:22.603000064
82080,2023-06-28 15:47:15.179000064
34311,2023-06-28 16:22:26.228999936
46030,2023-06-28 17:42:14.556000000
44169,2023-06-28 17:49:01.828000000
49228,2023-06-28 17:49:06.561999872
40145,2023-06-28 18:17:15.497999872
38392,2023-06-28 18:22:18.315000064
63464,2023-06-28 19:52:22.886000128
14027,2023-06-28 21:32:54.660999936
24179,2023-06-29 04:36:02.007000064
81222,2023-06-29 04:36:10.396999936
04229,2023-06-29 04:43:38.636999936
09335,2023-06-29 08:39:01.705999872
32363,2023-06-29 08:44:49.563000064
67122,2023-06-29 09:21:17.504999936
38256,2023-06-29 09:47:40.479000064
32337,2023-06-29 09:57:16.531000064
38550,2023-06-29 09:59:51.192999936
11168,2023-06-29 10:00:57.731000064
2A071,2023-06-29 10:02:21.940999936
56117,2023-06-29 10:14:34.424000000
01337,2023-06-29 10:37:18.233999872
78048,2023-06-29 10:42:17.680000000
77468,2023-06-29 10:47:18.660000000
24348,2023-06-29 11:29:29.311000064
39574,2023-06-29 12:17:18.308999936
67413,2023-06-29 12:54:15.108999936
61499,2023-06-29 13:03:39.128999936
61217,2023-06-29 13:07:47.168000000
82156,2023-06-29 13:15:05.246000128
81326,2023-06-29 13:17:09.827000064
71001,2023-06-29 13:37:52.307000064
09226,2023-06-29 14:02:15.243000064
38523,2023-06-29 14:47:16.168000000
02123,2023-06-29 14:57:01.516999936
80003,2023-06-29 15:02:18.481999872
65403,2023-06-29 15:50:51.640999936
64362,2023-06-29 16:18:41.567000064
76170,2023-06-29 16:32:17.219000064
65416,2023-06-29 16:35:01.880999936
80215,2023-06-29 16:52:16.584000000
30307,2023-06-29 17:17:16.168999936
47180,2023-06-29 17:47:16.740999936
53116,2023-06-29 17:52:48.376999936
47145,2023-06-29 17:57:15.988000000
02054,2023-06-29 18:52:16.216000000
14741,2023-06-29 21:32:38.263000064
64200,2023-06-30 05:34:53.318000128
64396,2023-06-30 05:34:53.559000064
64042,2023-06-30 05:34:53.710000128
64440,2023-06-30 05:34:53.879000064
64131,2023-06-30 05:34:54.073999872
64359,2023-06-30 05:34:54.099000064
64290,2023-06-30 05:34:54.150000128
64500,2023-06-30 05:34:54.360000000
64172,2023-06-30 05:34:54.360999936
64554,2023-06-30 05:34:54.412000000
64177,2023-06-30 05:34:54.544999936
64300,2023-06-30 05:34:54.902000128
64108,2023-06-30 05:34:54.915000064
64254,2023-06-30 05:34:54.929999872
64541,2023-06-30 05:34:55.206000128
64367,2023-06-30 05:34:55.232999936
64144,2023-06-30 05:34:55.236000000
24512,2023-06-30 05:35:22.632000000
54232,2023-06-30 07:03:09.580000000
33325,2023-06-30 07:04:18.896999936
91174,2023-06-30 07:36:49.595000064
43132,2023-06-30 08:15:12.132000000
09247,2023-06-30 08:22:17.032000000
21519,2023-06-30 08:42:17.920000000
32056,2023-06-30 08:47:15.145999872
87148,2023-06-30 08:47:19.569999872
33462,2023-06-30 09:56:00.420000000
38146,2023-06-30 10:15:56.612999936
68269,2023-06-30 11:02:15.515000064
58012,2023-06-30 11:02:15.928999936
35157,2023-06-30 11:37:19.076999936
28251,2023-06-30 12:02:18.079000064
09186,2023-06-30 12:07:17.115000064
56028,2023-06-30 12:20:56.926000128
62381,2023-06-30 12:27:17.700999936
82058,2023-06-30 13:31:26.881999872
23187,2023-06-30 14:16:26.000000000
65329,2023-06-30 14:26:01.807000064
32366,2023-06-30 14:32:34.878000128
67238,2023-06-30 14:34:34.043000064
34225,2023-06-30 15:27:17.287000064
38183,2023-06-30 15:38:52.648000000
57678,2023-06-30 16:37:17.260999936
30185,2023-06-30 16:52:16.416000000
59142,2023-06-30 17:22:15.748000000
72032,2023-06-30 17:56:15.411000064
72035,2023-06-30 17:56:16.033999872
14676,2023-06-30 21:33:00.360000000
14514,2023-06-30 21:33:00.476000000
08226,2023-07-01 08:46:47.488999936
64364,2023-07-02 05:33:52.532999936
18198,2023-07-02 09:49:46.148000000
11239,2023-07-02 14:27:15.529999872
71469,2023-07-03 06:44:21.182000128
25360,2023-07-03 08:52:17.689999872
02292,2023-07-03 09:17:16.846000128
68026,2023-07-03 09:48:49.512000000
27504,2023-07-03 09:57:21.740000000
26318,2023-07-03 09:57:34.792000000
2A119,2023-07-03 10:06:29.411000064
40269,2023-07-03 10:17:17.260000000
58095,2023-07-03 10:37:18.560999936
40060,2023-07-03 10:42:15.756999936
35246,2023-07-03 10:57:37.636999936
57372,2023-07-03 11:18:45.072999936
65402,2023-07-03 11:23:06.497999872
33397,2023-07-03 11:27:15.379000064
64329,2023-07-03 11:47:18.747000064
64460,2023-07-03 11:57:14.832999936
31268,2023-07-03 12:42:51.856000000
39553,2023-07-03 13:14:25.712999936
23075,2023-07-03 13:26:23.185999872
32235,2023-07-03 14:47:19.292000000
64289,2023-07-03 16:16:11.328999936
51093,2023-07-03 16:45:09.016999936
68275,2023-07-03 16:52:10.692000000
70100,2023-07-03 17:22:15.627000064
80825,2023-07-03 17:27:15.875000064
26081,2023-07-03 17:36:55.308000000
02095,2023-07-03 18:37:19.076999936
71082,2023-07-03 18:42:32.892000000
60490,2023-07-03 19:12:17.446000128
58182,2023-07-04 06:41:22.760000000
65311,2023-07-04 08:24:06.518000128
81165,2023-07-04 08:31:59.736000000
80318,2023-07-04 09:03:58.380999936
64349,2023-07-04 09:34:58.160000000
24320,2023-07-04 09:35:22.270000128
24508,2023-07-04 09:35:22.598000128
24290,2023-07-04 09:35:23.697999872
54015,2023-07-04 11:32:16.220999936
17192,2023-07-04 12:02:24.603000064
31462,2023-07-04 12:42:38.008999936
77403,2023-07-04 12:47:13.911000064
34305,2023-07-04 13:25:07.470000128
41287,2023-07-04 14:52:46.624999936
35205,2023-07-04 15:02:24.304000000
70485,2023-07-04 15:17:17.947000064
62540,2023-07-04 15:27:15.974000128
12272,2023-07-04 15:34:39.851000064
32092,2023-07-04 15:42:17.534000128
27558,2023-07-04 15:45:48.751000064
62188,2023-07-04 15:52:18.280000000
37064,2023-07-04 16:47:23.457999872
24340,2023-07-04 17:02:20.724000000
44064,2023-07-04 17:51:22.632999936
53118,2023-07-04 17:51:36.212000000
53122,2023-07-04 17:51:36.767000064
53144,2023-07-04 17:51:37.300999936
72025,2023-07-04 17:51:39.340999936
72350,2023-07-04 17:51:43.651000064
80670,2023-07-04 18:47:16.321999872
14706,2023-07-04 21:32:53.628999936
14748,2023-07-04 21:32:53.638000128
14744,2023-07-04 21:32:53.643000064
14030,2023-07-04 21:32:53.676000000
14221,2023-07-04 21:32:53.729999872
66034,2023-07-05 06:32:17.635000064
51397,2023-07-05 06:47:17.710000128
03180,2023-07-05 07:45:16.343000064
73234,2023-07-05 08:24:47.444000000
07076,2023-07-05 09:57:15.790000128
25413,2023-07-05 10:12:16.387000064
32291,2023-07-05 10:12:16.664999936
51171,2023-07-05 10:17:17.208000000
81211,2023-07-05 10:17:17.452000000
13117,2023-07-05 10:34:57.422000128
24328,2023-07-05 10:36:50.958000128
31297,2023-07-05 11:47:17.430000128
2A040,2023-07-05 11:49:30.116999936
80219,2023-07-05 11:57:17.307000064
45324,2023-07-05 12:17:15.199000064
80340,2023-07-05 13:48:56.728999936
18266,2023-07-05 14:46:20.364999936
26304,2023-07-05 14:53:52.232000000
61232,2023-07-05 15:08:11.579000064
12111,2023-07-05 15:37:43.852999936
46281,2023-07-05 16:23:08.777999872
60326,2023-07-05 17:04:51.568999936
43048,2023-07-05 17:16:20.022000128
88136,2023-07-05 18:36:18.652000000
14202,2023-07-05 21:33:04.575000064
14273,2023-07-05 21:33:04.716000000
14509,2023-07-05 21:33:04.828999936
14403,2023-07-05 21:33:04.863000064
14049,2023-07-05 21:33:04.928999936
14680,2023-07-05 21:33:04.932999936
14406,2023-07-05 21:33:04.980000000
14079,2023-07-05 21:33:04.996000000
14685,2023-07-05 21:33:05.007000064
61108,2023-07-06 08:11:11.086000128
17469,2023-07-06 08:32:18.321999872
24451,2023-07-06 09:24:19.664000000
35029,2023-07-06 09:31:19.006000128
40119,2023-07-06 09:41:19.619000064
32187,2023-07-06 09:41:20.132999936
65007,2023-07-06 10:36:22.464000000
22026,2023-07-06 10:37:08.844999936
32217,2023-07-06 11:06:22.044000000
56027,2023-07-06 11:11:22.632000000
59442,2023-07-06 11:31:23.152000000
84101,2023-07-06 11:36:14.384999936
86274,2023-07-06 11:51:19.320999936
63062,2023-07-06 12:09:45.512000000
64252,2023-07-06 12:30:02.552000000
51051,2023-07-06 12:46:21.408999936
39048,2023-07-06 13:12:44.313999872
25440,2023-07-06 13:13:48.729999872
87012,2023-07-06 13:19:43.452000000
84106,2023-07-06 13:39:34.452999936
55179,2023-07-06 13:46:06.129999872
11095,2023-07-06 14:00:05.617999872
43083,2023-07-06 14:03:30.531000064
19285,2023-07-06 14:16:25.600999936
11127,2023-07-06 14:51:21.651000064
36044,2023-07-06 14:54:28.127000064
65254,2023-07-06 15:00:51.252999936
64060,2023-07-06 15:06:24.504999936
43058,2023-07-06 15:16:23.036000000
60030,2023-07-06 15:21:18.633999872
07174,2023-07-06 15:36:07.152999936
26083,2023-07-06 15:36:07.619000064
26148,2023-07-06 15:36:08.081999872
26330,2023-07-06 15:36:08.452000000
26332,2023-07-06 15:36:08.518000128
40036,2023-07-06 15:46:21.456999936
36087,2023-07-06 15:46:21.792999936
38383,2023-07-06 15:51:20.819000064
71221,2023-07-06 15:56:21.944999936
07280,2023-07-06 15:56:22.320999936
62448,2023-07-06 16:31:21.276000000
40171,2023-07-06 16:56:25.536000000
25198,2023-07-06 17:21:22.052999936
44102,2023-07-06 17:52:15.012000000
44107,2023-07-06 17:52:15.607000064
44223,2023-07-06 17:52:21.096000000
72363,2023-07-06 17:52:28.230000128
17232,2023-07-06 18:01:19.192999936
89442,2023-07-06 18:26:15.284999936
77071,2023-07-06 21:06:21.985999872
41043,2023-07-07 07:35:07.719000064
59375,2023-07-07 08:23:05.848000000
15048,2023-07-07 08:27:12.945999872
63249,2023-07-07 08:36:03.659000064
58075,2023-07-07 09:01:57.121999872
77031,2023-07-07 09:06:14.704000000
29285,2023-07-07 09:09:20.945999872
54088,2023-07-07 09:52:22.823000064
17219,2023-07-07 10:16:20.175000064
25460,2023-07-07 11:01:22.388999936
38184,2023-07-07 11:16:23.332000000
63252,2023-07-07 11:43:58.014000128
08043,2023-07-07 12:50:45.230000128
83074,2023-07-07 13:41:45.159000064
17061,2023-07-07 15:01:22.356999936
37230,2023-07-07 15:26:22.356999936
63472,2023-07-07 15:46:22.257999872
73107,2023-07-07 15:56:20.340000000
77459,2023-07-07 16:01:23.476999936
19153,2023-07-07 16:38:03.867000064
19195,2023-07-07 16:38:04.004000000
19274,2023-07-07 16:38:04.553999872
69268,2023-07-07 16:46:23.614000128
31331,2023-07-07 16:58:53.116000000
21481,2023-07-07 17:06:16.368000000
79298,2023-07-07 17:11:19.224000000
53059,2023-07-07 17:50:31.344999936
53160,2023-07-07 17:50:31.902000128
53162,2023-07-07 17:50:32.435000064
65407,2023-07-07 18:01:19.360999936
71205,2023-07-08 07:43:53.627000064
2A117,2023-07-08 09:42:32.623000064
87197,2023-07-08 10:56:20.503000064
71039,2023-07-09 12:06:16.824000000
54380,2023-07-10 06:38:10.964000000
65056,2023-07-10 08:21:20.792000000
80750,2023-07-10 08:41:31.444000000
26351,2023-07-10 09:51:22.075000064
29131,2023-07-10 09:53:20.750000128
91244,2023-07-10 09:58:15.038000128
62177,2023-07-10 09:59:16.432000000
88354,2023-07-10 10:16:19.236999936
18015,2023-07-10 13:36:19.520000000
71120,2023-07-10 14:01:20.014000128
65330,2023-07-10 14:19:58.704999936
65307,2023-07-10 14:52:04.947000064
30324,2023-07-10 16:01:16.022000128
83100,2023-07-10 16:05:18.622000128
65454,2023-07-10 16:07:17.663000064
10213,2023-07-10 16:11:21.480999936
64101,2023-07-10 16:18:35.007000064
38533,2023-07-10 17:46:21.004000000
44099,2023-07-10 17:49:26.924999936
53174,2023-07-10 17:49:35.703000064
53179,2023-07-10 17:49:36.199000064
04087,2023-07-10 19:36:33.712999936
14043,2023-07-10 21:32:36.972999936
14011,2023-07-10 21:32:37.047000064
35210,2023-07-11 05:48:17.113999872
80436,2023-07-11 08:06:11.649999872
30119,2023-07-11 08:12:41.464000000
84143,2023-07-11 08:56:50.008999936
47106,2023-07-11 08:57:11.702000128
68141,2023-07-11 09:31:48.484999936
09222,2023-07-11 09:32:33.556000000
07111,2023-07-11 09:35:24.356999936
26243,2023-07-11 10:22:11.524000000
2B057,2023-07-11 10:27:08.660000000
70469,2023-07-11 11:01:58.718000128
77428,2023-07-11 11:02:08.780000000
51165,2023-07-11 11:22:11.184999936
89388,2023-07-11 11:50:46.823000064
56168,2023-07-11 12:08:30.067000064
10297,2023-07-11 12:59:33.988999936
62730,2023-07-11 13:07:25.372000000
01212,2023-07-11 13:52:07.812000000
77371,2023-07-11 14:13:23.031000064
80629,2023-07-11 14:23:24.204000000
76634,2023-07-11 14:43:25.108999936
36194,2023-07-11 14:53:24.940999936
81145,2023-07-11 15:36:23.073999872
21251,2023-07-11 15:53:25.248000000
86290,2023-07-11 15:53:25.687000064
27009,2023-07-11 16:03:24.918000128
62355,2023-07-11 16:08:25.174000128
24218,2023-07-11 16:36:29.040999936
44197,2023-07-11 17:55:30.984000000
63289,2023-07-11 18:08:23.913999872
14250,2023-07-11 21:32:54.710000128
14344,2023-07-11 21:32:54.727000064
34329,2023-07-12 03:08:23.895000064
07112,2023-07-12 06:41:35.936000000
54110,2023-07-12 08:10:45.158000128
78562,2023-07-12 08:53:44.161999872
26027,2023-07-12 09:27:43.828999936
24473,2023-07-12 09:53:23.636999936
39078,2023-07-12 10:18:23.056000000
67008,2023-07-12 11:28:23.871000064
17289,2023-07-12 12:12:03.367000064
28221,2023-07-12 13:02:11.944999936
19138,2023-07-12 13:06:50.343000064
82175,2023-07-12 13:48:24.268999936
54339,2023-07-12 14:11:43.704000000
17346,2023-07-12 14:13:21.915000064
09297,2023-07-12 14:45:28.032999936
29275,2023-07-12 14:53:24.531000064
78451,2023-07-12 14:58:23.795000064
31098,2023-07-12 15:13:24.916000000
47179,2023-07-12 15:13:25.593999872
61067,2023-07-12 15:18:34.529999872
61341,2023-07-12 15:35:23.912999936
61370,2023-07-12 15:38:39.900000000
08365,2023-07-12 16:08:23.860999936
82110,2023-07-12 17:23:21.560999936
24371,2023-07-12 17:36:30.123000064
24217,2023-07-12 17:36:30.548999936
78366,2023-07-12 19:18:24.870000128
14016,2023-07-12 21:32:59.222000128
51140,2023-07-13 07:08:53.852999936
88221,2023-07-13 08:03:36.664999936
34121,2023-07-13 08:25:05.732000000
2B005,2023-07-13 09:19:19.550000128
86085,2023-07-13 09:29:27.020999936
36097,2023-07-13 10:23:20.710000128
83003,2023-07-13 10:53:30.692000000
80728,2023-07-13 12:08:18.547000064
81169,2023-07-13 13:12:20.211000064
82032,2023-07-13 13:48:19.220000000
64538,2023-07-13 13:55:40.929999872
62134,2023-07-13 14:05:58.228999936
47046,2023-07-13 14:28:24.479000064
89095,2023-07-13 14:32:58.846000128
66207,2023-07-13 14:58:25.883000064
11291,2023-07-13 15:32:37.620999936
13118,2023-07-13 15:53:24.352999936
56120,2023-07-13 17:03:25.352000000
65189,2023-07-13 17:53:20.030000128
88186,2023-07-13 18:48:22.204000000
63011,2023-07-13 19:55:49.755000064
14303,2023-07-13 21:32:46.868999936
14207,2023-07-13 21:32:46.892999936
14603,2023-07-13 21:32:46.899000064
14039,2023-07-13 21:32:46.903000064
14649,2023-07-13 21:32:46.907000064
14310,2023-07-13 21:32:46.911000064
14143,2023-07-13 21:32:46.956000000
80617,2023-07-14 14:13:24.352999936
24064,2023-07-14 19:36:28.830000128
24376,2023-07-14 19:36:29.396999936
24374,2023-07-14 19:36:31.428000000
24538,2023-07-14 19:36:31.452000000
24060,2023-07-14 19:36:31.519000064
24273,2023-07-14 19:36:31.688000000
24279,2023-07-14 19:36:31.792000000
24042,2023-07-14 19:36:31.792999936
25346,2023-07-15 10:07:04.952000000
39233,2023-07-17 09:18:24.585999872
32351,2023-07-17 10:28:25.971000064
64537,2023-07-17 11:13:44.175000064
04227,2023-07-17 11:33:25.334000128
84139,2023-07-17 11:49:52.224999936
71135,2023-07-17 12:03:16.744999936
40245,2023-07-17 12:03:23.451000064
33352,2023-07-17 12:08:25.792000000
36170,2023-07-17 12:43:04.492000000
52082,2023-07-17 13:04:28.919000064
61206,2023-07-17 13:20:42.108000000
51092,2023-07-17 13:48:24.326000128
30274,2023-07-17 14:28:22.968999936
78518,2023-07-17 14:37:55.904999936
47230,2023-07-17 14:58:55.343000064
36112,2023-07-17 15:03:25.296000000
42173,2023-07-17 15:38:23.672999936
72351,2023-07-17 15:43:22.332000000
55181,2023-07-17 15:43:23.140999936
32058,2023-07-17 16:03:25.480000000
41020,2023-07-17 16:16:07.300999936
35123,2023-07-17 16:53:22.244000000
60636,2023-07-17 17:04:52.886000128
12262,2023-07-17 17:13:22.296000000
12133,2023-07-17 17:28:25.774000128
44076,2023-07-17 17:50:29.694000128
44083,2023-07-17 17:50:30.348000000
72273,2023-07-17 17:50:41.105999872
67554,2023-07-17 18:28:23.400000000
80021,2023-07-17 20:00:43.507000064
81108,2023-07-17 21:36:08.975000064
24405,2023-07-17 22:36:29.521999872
52414,2023-07-18 03:38:31.284999936
71586,2023-07-18 07:35:12.924999936
59140,2023-07-18 08:21:12.697999872
30262,2023-07-18 08:35:33.896000000
33443,2023-07-18 08:36:39.087000064
33553,2023-07-18 09:33:24.496999936
47155,2023-07-18 09:38:07.942000128
33138,2023-07-18 09:48:25.100999936
52037,2023-07-18 09:58:29.620000000
41054,2023-07-18 10:08:42.968999936
81178,2023-07-18 10:35:56.748999936
51193,2023-07-18 10:58:22.532000000
46056,2023-07-18 11:20:02.100999936
32437,2023-07-18 11:23:23.206000128
62416,2023-07-18 11:35:04.584000000
58048,2023-07-18 11:36:43.743000064
16353,2023-07-18 11:43:23.375000064
62436,2023-07-18 11:46:42.862000128
31491,2023-07-18 11:48:21.100999936
2B252,2023-07-18 12:08:23.536000000
76354,2023-07-18 12:19:14.017999872
65196,2023-07-18 12:47:01.398000128
71378,2023-07-18 12:49:29.012999936
67197,2023-07-18 13:18:15.252000000
58279,2023-07-18 13:41:55.582000128
27466,2023-07-18 14:06:21.924999936
33156,2023-07-18 14:18:17.028000000
76180,2023-07-18 14:23:27.783000064
25442,2023-07-18 15:28:31.716999936
55169,2023-07-18 15:28:32.032999936
38485,2023-07-18 16:23:20.366000128
36246,2023-07-18 16:23:28.207000064
84102,2023-07-18 16:28:27.648999936
64363,2023-07-18 16:38:30.563000064
60501,2023-07-18 17:04:58.556000000
80733,2023-07-18 17:18:28.083000064
14552,2023-07-18 21:32:57.691000064
31458,2023-07-18 22:03:26.166000128
81070,2023-07-18 22:36:09.985999872
24553,2023-07-18 23:36:16.550000128
24537,2023-07-18 23:36:18.063000064
24466,2023-07-18 23:36:18.064000000
13064,2023-07-19 09:46:34.097999872
80725,2023-07-19 10:23:24.985999872
66115,2023-07-19 10:43:26.000000000
69076,2023-07-19 11:58:26.152000000
12265,2023-07-19 12:18:37.585999872
33169,2023-07-19 12:41:08.086000128
53084,2023-07-19 13:38:23.294000128
36165,2023-07-19 13:38:36.975000064
80306,2023-07-19 14:28:22.340000000
29178,2023-07-19 15:03:18.675000064
97124,2023-07-19 15:13:26.388999936
25136,2023-07-19 15:48:21.072999936
56178,2023-07-19 15:58:26.559000064
46299,2023-07-19 16:58:24.272000000
16237,2023-07-19 17:13:26.992000000
53189,2023-07-19 17:48:41.193999872
53190,2023-07-19 17:48:41.748000000
14038,2023-07-19 21:33:00.630000128
24550,2023-07-20 00:36:17.169999872
24031,2023-07-20 00:36:18.332000000
24489,2023-07-20 00:36:18.334000128
82055,2023-07-20 07:22:31.763000064
43131,2023-07-20 07:52:45.159000064
47095,2023-07-20 08:14:56.142000128
64075,2023-07-20 09:07:28.036000000
2B214,2023-07-20 09:08:25.190000128
34165,2023-07-20 09:15:12.452000000
80604,2023-07-20 09:29:22.744000000
24351,2023-07-20 09:46:21.384999936
69002,2023-07-20 09:47:17.990000128
80092,2023-07-20 10:08:25.686000128
35300,2023-07-20 10:08:27.672000000
71230,2023-07-20 10:08:29.104999936
34007,2023-07-20 10:18:27.991000064
17431,2023-07-20 10:18:28.790000128
26078,2023-07-20 10:48:25.516999936
33010,2023-07-20 10:58:28.600999936
71191,2023-07-20 11:08:22.353999872
2A031,2023-07-20 11:18:23.611000064
60312,2023-07-20 11:58:49.137999872
64138,2023-07-20 12:19:26.464000000
07253,2023-07-20 12:56:00.827000064
64210,2023-07-20 13:53:01.736000000
35211,2023-07-20 14:25:21.903000064
54474,2023-07-20 14:26:52.707000064
57586,2023-07-20 15:03:26.831000064
80707,2023-07-20 15:35:05.952999936
07214,2023-07-20 15:46:49.544999936
57380,2023-07-20 15:58:28.564000000
22121,2023-07-20 17:28:27.745999872
53195,2023-07-20 17:48:00.631000064
53200,2023-07-20 17:48:01.260999936
24564,2023-07-21 01:36:17.768999936
56040,2023-07-21 05:36:03.747000064
56185,2023-07-21 05:36:03.865999872
56078,2023-07-21 05:36:03.971000064
56162,2023-07-21 05:36:04.135000064
56029,2023-07-21 05:36:04.276000000
56090,2023-07-21 05:36:05.347000064
56083,2023-07-21 05:36:05.360000000
56101,2023-07-21 05:36:05.379000064
56098,2023-07-21 05:36:05.472000000
56104,2023-07-21 05:36:05.705999872
56021,2023-07-21 05:36:05.716999936
56089,2023-07-21 05:36:05.782000128
56026,2023-07-21 05:36:05.839000064
56118,2023-07-21 05:36:06.547000064
56069,2023-07-21 05:36:06.552999936
26327,2023-07-21 07:05:28.839000064
22227,2023-07-21 07:11:46.126000128
19222,2023-07-21 08:31:15.271000064
01124,2023-07-21 09:13:26.172000000
57280,2023-07-21 09:18:25.753999872
05027,2023-07-21 09:43:29.062000128
03236,2023-07-21 09:58:23.558000128
71349,2023-07-21 10:22:35.652999936
17015,2023-07-21 10:43:21.198000128
34024,2023-07-21 11:03:24.696999936
80696,2023-07-21 11:23:26.542000128
2B350,2023-07-21 11:33:23.916000000
42333,2023-07-21 11:53:25.756000000
11347,2023-07-21 11:58:29.167000064
88387,2023-07-21 12:38:00.571000064
31537,2023-07-21 12:43:23.545999872
17265,2023-07-21 12:53:23.392999936
76115,2023-07-21 12:53:40.776000000
11218,2023-07-21 14:06:14.487000064
57461,2023-07-21 14:06:34.879000064
47315,2023-07-21 14:07:53.096000000
66182,2023-07-21 14:14:40.700999936
18108,2023-07-21 14:28:24.340999936
18113,2023-07-21 15:08:22.793999872
36210,2023-07-21 15:17:32.544999936
80735,2023-07-21 15:32:46.396000000
42218,2023-07-21 15:36:22.423000064
33279,2023-07-21 15:43:27.036000000
31191,2023-07-21 15:45:41.335000064
40323,2023-07-21 15:53:07.169999872
03200,2023-07-21 16:03:25.244999936
80626,2023-07-21 16:23:34.208000000
53101,2023-07-21 16:48:28.116999936
11289,2023-07-21 16:58:24.863000064
34145,2023-07-21 17:03:21.695000064
44022,2023-07-21 17:47:58.408000000
44095,2023-07-21 17:48:01.951000064
44117,2023-07-21 17:48:02.633999872
53219,2023-07-21 17:48:08.316999936
53222,2023-07-21 17:48:08.886000128
14658,2023-07-21 21:32:37.852999936
64057,2023-07-22 01:36:07.065999872
24353,2023-07-22 02:36:20.332999936
24302,2023-07-22 02:36:22.759000064
12232,2023-07-22 07:37:58.912999936
42156,2023-07-22 11:18:24.395000064
11049,2023-07-22 16:03:26.896000000
14689,2023-07-23 21:32:24.420000000
89028,2023-07-24 08:00:58.299000064
33356,2023-07-24 08:18:22.696000000
32188,2023-07-24 08:38:25.572999936
52448,2023-07-24 09:37:03.380000000
31567,2023-07-24 09:56:15.135000064
26307,2023-07-24 10:43:27.248999936
31193,2023-07-24 11:23:26.988000000
31291,2023-07-24 11:43:26.964000000
82081,2023-07-24 11:58:27.110000128
68110,2023-07-24 12:00:05.912999936
21699,2023-07-24 12:03:27.248000000
80273,2023-07-24 13:35:49.204000000
01344,2023-07-24 13:43:27.475000064
88358,2023-07-24 13:49:57.832000000
38081,2023-07-24 13:58:26.271000064
09052,2023-07-24 14:22:41.577999872
13026,2023-07-24 14:27:45.072000000
32125,2023-07-24 14:53:27.840999936
89187,2023-07-24 14:53:29.924999936
38479,2023-07-24 15:23:27.008999936
11337,2023-07-24 15:45:09.375000064
74031,2023-07-24 16:04:50.891000064
47316,2023-07-24 16:08:27.948999936
50607,2023-07-24 16:28:30.055000064
33322,2023-07-24 16:28:30.601999872
62670,2023-07-24 16:32:51.788000000
71312,2023-07-24 16:43:28.942000128
71239,2023-07-24 16:48:25.039000064
44155,2023-07-24 17:49:42.012000000
53230,2023-07-24 17:49:49.416999936
53235,2023-07-24 17:49:49.972000000
53263,2023-07-24 17:49:50.524999936
39088,2023-07-24 18:33:27.227000064
01378,2023-07-24 19:23:26.211000064
70267,2023-07-24 19:32:41.982000128
14328,2023-07-24 21:32:42.004999936
51515,2023-07-24 22:28:23.119000064
64443,2023-07-25 04:36:06.916000000
38282,2023-07-25 06:44:52.008000000
11401,2023-07-25 07:27:10.038000128
52479,2023-07-25 07:35:56.806000128
12071,2023-07-25 07:54:27.132999936
79115,2023-07-25 08:15:16.505999872
71011,2023-07-25 08:28:20.235000064
2B171,2023-07-25 08:33:42.524000000
27282,2023-07-25 08:35:52.783000064
09100,2023-07-25 08:57:46.489999872
33094,2023-07-25 08:58:27.262000128
39219,2023-07-25 09:05:49.582000128
80412,2023-07-25 09:48:24.851000064
52422,2023-07-25 09:49:54.313999872
50194,2023-07-25 10:08:41.760999936
80102,2023-07-25 10:12:05.828000000
04151,2023-07-25 10:37:45.620000000
01074,2023-07-25 11:37:58.483000064
10233,2023-07-25 11:38:30.399000064
09341,2023-07-25 12:16:28.016000000
34300,2023-07-25 12:41:52.756999936
79255,2023-07-25 12:44:07.729999872
80376,2023-07-25 12:48:25.704000000
81309,2023-07-25 13:03:54.505999872
93030,2023-07-25 13:43:33.192000000
38538,2023-07-25 13:48:36.499000064
86100,2023-07-25 13:58:26.115000064
64323,2023-07-25 14:14:12.399000064
91095,2023-07-25 14:34:40.390000128
86207,2023-07-25 14:38:23.244000000
60508,2023-07-25 14:43:27.012999936
21181,2023-07-25 15:01:39.420000000
03087,2023-07-25 15:23:23.691000064
2B246,2023-07-25 15:43:27.006000128
61190,2023-07-25 16:35:58.612999936
72229,2023-07-25 16:58:27.035000064
51069,2023-07-25 17:23:26.332999936
65388,2023-07-25 17:33:23.118000128
08049,2023-07-25 17:48:51.775000064
44016,2023-07-25 17:50:57.643000064
44029,2023-07-25 17:50:59.719000064
79174,2023-07-25 19:08:26.454000128
14022,2023-07-25 21:33:01.951000064
35356,2023-07-26 07:46:31.718000128
89378,2023-07-26 07:58:36.622000128
55304,2023-07-26 09:02:07.972999936
34042,2023-07-26 09:08:27.651000064
18039,2023-07-26 09:11:44.036000000
61308,2023-07-26 09:21:51.476999936
71273,2023-07-26 09:40:40.145999872
11293,2023-07-26 10:43:28.536000000
38297,2023-07-26 11:03:33.308999936
41039,2023-07-26 12:38:26.292000000
38078,2023-07-26 12:48:25.758000128
40209,2023-07-26 13:14:33.790000128
88428,2023-07-26 14:28:28.265999872
77083,2023-07-26 14:48:23.728000000
80650,2023-07-26 15:15:19.174000128
40228,2023-07-26 15:18:28.145999872
01388,2023-07-26 16:18:27.216999936
27226,2023-07-26 16:38:27.056000000
44058,2023-07-26 17:48:58.846000128
44068,2023-07-26 17:49:00.487000064
44152,2023-07-26 17:49:02.748000000
44212,2023-07-26 17:49:03.795000064
84123,2023-07-26 18:43:23.320999936
14338,2023-07-26 21:32:52.164999936
71412,2023-07-27 05:56:28.707000064
53187,2023-07-27 06:57:07.420000000
83112,2023-07-27 07:18:26.320000000
11173,2023-07-27 07:55:03.254000128
32293,2023-07-27 07:57:27.705999872
21623,2023-07-27 08:28:30.780000000
28130,2023-07-27 08:35:49.252999936
54540,2023-07-27 08:43:25.739000064
34060,2023-07-27 09:08:26.704000000
84062,2023-07-27 10:18:26.775000064
58160,2023-07-27 10:48:26.318000128
11196,2023-07-27 10:48:26.708000000
50387,2023-07-27 10:52:35.108999936
32452,2023-07-27 11:03:26.308000000
60565,2023-07-27 11:33:27.529999872
51657,2023-07-27 11:33:27.825999872
22179,2023-07-27 11:53:27.332999936
76675,2023-07-27 12:51:41.000999936
23265,2023-07-27 12:57:37.000000000
19184,2023-07-27 13:01:43.360000000
64482,2023-07-27 13:19:06.040000000
64504,2023-07-27 13:50:28.145999872
31294,2023-07-27 14:04:08.627000064
46204,2023-07-27 14:06:53.072999936
43046,2023-07-27 14:28:04.796000000
83063,2023-07-27 14:43:28.632000000
38422,2023-07-27 14:53:26.068999936
60123,2023-07-27 15:09:27.137999872
62836,2023-07-27 15:15:02.723000064
11408,2023-07-27 15:44:48.604999936
64126,2023-07-27 15:54:35.006000128
2B347,2023-07-27 15:58:26.656999936
77437,2023-07-27 16:33:30.567000064
30077,2023-07-27 16:38:27.388999936
01279,2023-07-27 16:48:29.929999872
23130,2023-07-27 17:13:24.888999936
88398,2023-07-27 17:18:29.731000064
44129,2023-07-27 17:48:57.073999872
11280,2023-07-27 18:53:27.636000000
14009,2023-07-27 21:32:57.060000000
38284,2023-07-28 06:17:29.744999936
81175,2023-07-28 07:36:34.300999936
36180,2023-07-28 08:30:18.075000064
86059,2023-07-28 08:53:10.174000128
07012,2023-07-28 09:14:30.632000000
62904,2023-07-28 09:23:26.448000000
31467,2023-07-28 09:28:21.136999936
31022,2023-07-28 09:28:28.176000000
01199,2023-07-28 09:58:28.020999936
40077,2023-07-28 09:58:28.391000064
86189,2023-07-28 10:13:32.844999936
17016,2023-07-28 10:18:27.912999936
44149,2023-07-28 10:43:25.150000128
44025,2023-07-28 11:13:28.335000064
56193,2023-07-28 11:48:56.912999936
80791,2023-07-28 13:15:22.552000000
72045,2023-07-28 13:24:05.184000000
46197,2023-07-28 13:43:22.489999872
11278,2023-07-28 13:47:35.785999872
34321,2023-07-28 13:53:26.766000128
31324,2023-07-28 16:02:15.366000128
35128,2023-07-28 16:02:18.024999936
37096,2023-07-28 16:02:19.640000000
38176,2023-07-28 16:02:23.041999872
34269,2023-07-28 16:02:24.182000128
64438,2023-07-28 16:02:26.624999936
34310,2023-07-28 16:02:27.076000000
46247,2023-07-28 16:02:27.324999936
03278,2023-07-28 16:02:28.793999872
80826,2023-07-28 16:07:06.720999936
29192,2023-07-28 16:07:07.756000000
50391,2023-07-28 16:12:09.817999872
45338,2023-07-28 16:12:10.374000128
25558,2023-07-28 16:17:15.627000064
48091,2023-07-28 18:37:12.158000128
76507,2023-07-28 18:52:04.196000000
48038,2023-07-28 19:47:06.728000000
14098,2023-07-28 21:32:52.256000000
14355,2023-07-28 21:32:52.270000128
68065,2023-07-29 00:07:08.344000000
64491,2023-07-29 07:57:26.632999936
64296,2023-07-29 07:57:26.822000128
64393,2023-07-29 07:57:26.903000064
69121,2023-07-29 09:17:08.431000064
31183,2023-07-30 10:13:34.875000064
26194,2023-07-31 06:07:10.785999872
2B283,2023-07-31 08:00:01.736000000
97606,2023-07-31 08:02:16.288000000
32161,2023-07-31 08:19:57.024999936
63134,2023-07-31 08:23:17.688000000
65297,2023-07-31 09:56:53.638000128
64130,2023-07-31 10:06:22.884999936
61133,2023-07-31 10:14:24.295000064
40080,2023-07-31 10:52:08.592999936
11006,2023-07-31 11:27:08.340999936
64314,2023-07-31 11:35:57.432000000
31480,2023-07-31 12:13:11.299000064
64058,2023-07-31 12:36:01.918000128
17306,2023-07-31 12:43:10.367000064
87033,2023-07-31 13:33:07.904000000
51178,2023-07-31 13:47:02.616000000
41209,2023-07-31 14:35:50.364999936
42138,2023-07-31 14:48:10.622000128
27256,2023-07-31 15:03:11.648000000
30153,2023-07-31 15:23:04.655000064
65179,2023-07-31 15:48:13.032999936
60344,2023-07-31 16:18:10.540999936
80467,2023-07-31 16:38:07.420999936
67005,2023-07-31 17:08:10.995000064
38139,2023-07-31 17:23:10.732999936
61126,2023-07-31 17:38:10.060000000
80078,2023-07-31 17:43:12.191000064
44002,2023-07-31 17:47:13.156000000
53097,2023-07-31 17:47:18.737999872
70239,2023-07-31 17:48:11.057999872
22266,2023-07-31 21:18:07.091000064
14755,2023-07-31 21:32:52.343000064
69089,2023-08-01 01:57:22.688999936
80080,2023-08-01 06:33:01.263000064
62906,2023-08-01 08:22:59.943000064
64423,2023-08-01 08:40:21.564999936
56153,2023-08-01 09:38:10.342000128
89151,2023-08-01 09:38:10.780000000
86073,2023-08-01 09:53:46.227000064
02249,2023-08-01 10:04:24.327000064
64521,2023-08-01 10:08:10.988000000
76095,2023-08-01 10:53:03.916999936
61269,2023-08-01 11:18:06.859000064
82073,2023-08-01 11:38:05.676000000
78320,2023-08-01 11:45:58.012000000
22221,2023-08-01 12:11:18.017999872
35162,2023-08-01 12:28:08.982000128
56199,2023-08-01 12:45:00.636000000
2A017,2023-08-01 13:29:49.524999936
58226,2023-08-01 15:12:55.779000064
31379,2023-08-01 15:21:35.839000064
80373,2023-08-01 15:44:50.041999872
43221,2023-08-01 15:57:37.395000064
43201,2023-08-01 15:57:37.420999936
13094,2023-08-01 16:09:49.150000128
84125,2023-08-01 16:24:54.340000000
36064,2023-08-01 16:24:54.663000064
29233,2023-08-01 16:29:47.359000064
07118,2023-08-01 16:44:52.948999936
11072,2023-08-01 16:54:53.787000064
12086,2023-08-01 16:59:00.166000128
72269,2023-08-01 17:52:34.919000064
38264,2023-08-01 19:44:52.745999872
14066,2023-08-01 21:32:23.724999936
22199,2023-08-02 07:54:43.697999872
67080,2023-08-02 08:50:35.032000000
08297,2023-08-02 08:54:28.044999936
52063,2023-08-02 09:02:26.764999936
59383,2023-08-02 09:09:51.364999936
57411,2023-08-02 09:44:08.003000064
82085,2023-08-02 10:10:33.236999936
65418,2023-08-02 10:41:27.203000064
47101,2023-08-02 10:50:33.820000000
34118,2023-08-02 11:14:28.947000064
38261,2023-08-02 11:30:35.644000000
67480,2023-08-02 12:20:10.760999936
86102,2023-08-02 12:21:05.836999936
71398,2023-08-02 12:49:08.212000000
11103,2023-08-02 12:58:03.935000064
19132,2023-08-02 13:14:23.223000064
17155,2023-08-02 13:48:37.332000000
08481,2023-08-02 14:18:38.503000064
54552,2023-08-02 14:20:31.607000064
01196,2023-08-02 14:23:33.238000128
01450,2023-08-02 14:23:33.961999872
65061,2023-08-02 14:49:36.031000064
58214,2023-08-02 14:58:36.128999936
33510,2023-08-02 14:59:11.096999936
17328,2023-08-02 15:08:37.851000064
80421,2023-08-02 15:48:31.648999936
83037,2023-08-02 16:03:37.721999872
19011,2023-08-02 16:43:40.287000064
33238,2023-08-02 17:08:37.019000064
44023,2023-08-02 17:48:49.516000000
44079,2023-08-02 17:48:51.961999872
44098,2023-08-02 17:48:52.726000128
44153,2023-08-02 17:48:53.372999936
49180,2023-08-02 17:48:55.923000064
14384,2023-08-02 21:32:50.291000064
36240,2023-08-03 07:01:54.224999936
34166,2023-08-03 07:25:34.007000064
31038,2023-08-03 07:33:34.612000000
65314,2023-08-03 07:46:50.940999936
71089,2023-08-03 07:48:55.054000128
64091,2023-08-03 08:25:58.510000128
80239,2023-08-03 08:32:45.345999872
04049,2023-08-03 08:42:33.664999936
07294,2023-08-03 09:17:27.780000000
32189,2023-08-03 09:51:49.078000128
48108,2023-08-03 10:00:56.615000064
71527,2023-08-03 10:08:35.252000000
45214,2023-08-03 10:48:38.464999936
35163,2023-08-03 11:33:36.664000000
40254,2023-08-03 11:43:39.003000064
36031,2023-08-03 11:43:39.644999936
71255,2023-08-03 11:53:38.161999872
68228,2023-08-03 12:05:19.872000000
22201,2023-08-03 12:23:38.920999936
61084,2023-08-03 12:32:22.328000000
05136,2023-08-03 12:57:30.912999936
31060,2023-08-03 13:34:01.142000128
17300,2023-08-03 13:57:25.400000000
13098,2023-08-03 14:13:33.929999872
67520,2023-08-03 14:21:09.366000128
29031,2023-08-03 14:23:37.472000000
17373,2023-08-03 14:48:38.396000000
50612,2023-08-03 15:23:38.312000000
46079,2023-08-03 15:28:35.492000000
63205,2023-08-03 15:36:57.424999936
13100,2023-08-03 16:13:35.599000064
41095,2023-08-03 16:23:39.718000128
54536,2023-08-03 16:33:38.276999936
72241,2023-08-03 17:11:54.412000000
47328,2023-08-03 17:13:36.892000000
66016,2023-08-03 17:38:37.777999872
14681,2023-08-03 21:32:33.451000064
14168,2023-08-03 21:32:33.454000128
14595,2023-08-03 21:32:33.468999936
14625,2023-08-03 21:32:33.470000128
14659,2023-08-03 21:32:33.496999936
32099,2023-08-04 07:56:31.636999936
61052,2023-08-04 07:58:37.972999936
61222,2023-08-04 08:03:34.608000000
83062,2023-08-04 08:40:36.489999872
84147,2023-08-04 09:13:37.619000064
64036,2023-08-04 09:14:37.270000128
23208,2023-08-04 09:16:12.583000064
35091,2023-08-04 09:43:38.294000128
26209,2023-08-04 09:50:37.172000000
48191,2023-08-04 10:33:35.272000000
38015,2023-08-04 10:48:38.105999872
48145,2023-08-04 10:48:38.480999936
38511,2023-08-04 11:18:34.076999936
83131,2023-08-04 11:18:39.763000064
64016,2023-08-04 11:32:31.028000000
04127,2023-08-04 11:38:39.428999936
30288,2023-08-04 12:03:24.355000064
19212,2023-08-04 12:18:55.927000064
80515,2023-08-04 12:30:42.729999872
37225,2023-08-04 12:39:09.240000000
64399,2023-08-04 12:49:50.630000128
80519,2023-08-04 13:24:46.960000000
30256,2023-08-04 13:33:01.609999872
30154,2023-08-04 13:48:37.145999872
32068,2023-08-04 14:07:15.815000064
58127,2023-08-04 14:32:47.924000000
21292,2023-08-04 14:48:42.672999936
64004,2023-08-04 14:51:38.180999936
67188,2023-08-04 15:03:38.467000064
17011,2023-08-04 15:05:13.328000000
41097,2023-08-04 15:13:16.497999872
17394,2023-08-04 15:26:45.417999872
11077,2023-08-04 16:23:38.851000064
17310,2023-08-04 17:03:36.960000000
48056,2023-08-04 17:08:34.905999872
53267,2023-08-04 17:11:18.359000064
11191,2023-08-04 17:13:36.091000064
09299,2023-08-04 17:13:38.115000064
02046,2023-08-04 18:13:37.606000128
81004,2023-08-04 19:58:33.100999936
81063,2023-08-04 19:58:42.644000000
45292,2023-08-05 09:33:38.208000000
64430,2023-08-05 09:57:22.908000000
95253,2023-08-05 19:21:59.512999936
65165,2023-08-06 08:58:37.952000000
31216,2023-08-06 09:53:38.436999936
38231,2023-08-06 22:08:38.544999936
64150,2023-08-07 08:46:02.560999936
64502,2023-08-07 08:51:58.590000128
26104,2023-08-07 09:14:20.660000000
36244,2023-08-07 09:18:37.206000128
58216,2023-08-07 09:28:33.687000064
18207,2023-08-07 09:33:42.065999872
68234,2023-08-07 09:53:54.496000000
33067,2023-08-07 09:58:37.332000000
2B150,2023-08-07 10:03:36.503000064
17434,2023-08-07 10:13:38.091000064
32193,2023-08-07 10:28:36.798000128
80546,2023-08-07 10:33:38.324000000
31269,2023-08-07 10:43:38.092999936
68132,2023-08-07 10:53:39.441999872
73274,2023-08-07 11:13:41.993999872
33484,2023-08-07 11:13:42.420000000
17351,2023-08-07 11:58:44.852000000
60029,2023-08-07 12:20:31.339000064
35193,2023-08-07 12:38:37.508999936
09164,2023-08-07 12:49:58.422000128
34291,2023-08-07 13:13:08.495000064
56169,2023-08-07 13:48:38.332999936
45130,2023-08-07 13:49:05.016999936
01169,2023-08-07 14:04:13.384999936
17174,2023-08-07 14:12:52.859000064
64405,2023-08-07 14:41:54.047000064
09174,2023-08-07 15:08:38.716000000
86263,2023-08-07 15:30:43.175000064
89088,2023-08-07 15:38:40.444999936
54127,2023-08-07 15:38:50.113999872
56045,2023-08-07 15:43:39.812999936
81190,2023-08-07 15:45:39.424000000
50540,2023-08-07 15:53:32.624000000
80016,2023-08-07 16:28:37.569999872
03266,2023-08-07 16:38:37.872000000
56159,2023-08-07 16:58:38.716000000
37089,2023-08-07 17:43:36.283000064
44128,2023-08-07 17:51:37.526000128
72181,2023-08-07 17:51:41.936000000
24352,2023-08-07 17:57:27.639000064
24138,2023-08-07 17:57:27.748999936
24152,2023-08-07 17:57:28.547000064
24311,2023-08-07 17:57:28.644999936
24128,2023-08-07 17:57:30.095000064
24587,2023-08-07 17:57:30.590000128
24543,2023-08-07 17:57:30.601999872
24055,2023-08-07 17:57:30.616999936
24461,2023-08-07 17:57:31.008000000
24327,2023-08-07 17:57:31.351000064
24135,2023-08-07 17:57:31.998000128
24091,2023-08-07 17:57:32.220000000
24338,2023-08-07 17:57:32.995000064
24515,2023-08-07 17:57:33.057999872
24491,2023-08-07 17:57:33.272000000
24114,2023-08-07 17:57:33.467000064
24155,2023-08-07 17:57:33.520999936
24399,2023-08-07 17:57:33.536999936
24367,2023-08-07 17:57:33.728999936
35296,2023-08-07 18:13:38.860999936
14698,2023-08-07 21:32:46.608000000
14226,2023-08-07 21:32:46.636000000
14700,2023-08-07 21:32:46.664000000
36129,2023-08-07 22:58:35.846000128
98805,2023-08-07 22:58:53.420000000
98817,2023-08-07 22:58:57.520000000
97411,2023-08-07 22:59:06.895000064
95210,2023-08-08 07:33:16.936999936
71399,2023-08-08 08:44:48.755000064
76557,2023-08-08 08:58:38.955000064
26062,2023-08-08 09:13:17.536999936
82121,2023-08-08 09:25:54.454000128
80548,2023-08-08 09:38:02.644999936
64061,2023-08-08 09:57:21.372000000
10268,2023-08-08 10:01:17.097999872
29281,2023-08-08 10:28:38.294000128
29004,2023-08-08 10:53:38.164999936
30026,2023-08-08 11:43:38.488999936
82195,2023-08-08 11:48:44.587000064
31253,2023-08-08 11:58:06.585999872
31430,2023-08-08 11:58:31.953999872
32455,2023-08-08 12:17:58.660000000
26145,2023-08-08 12:43:46.648000000
77512,2023-08-08 12:51:29.372000000
26147,2023-08-08 13:30:51.964000000
15263,2023-08-08 13:51:00.212999936
91038,2023-08-08 14:13:26.512000000
61369,2023-08-08 14:22:22.200999936
21618,2023-08-08 14:24:51.248000000
08162,2023-08-08 14:33:23.792000000
01093,2023-08-08 14:53:17.927000064
39203,2023-08-08 15:13:25.190000128
30027,2023-08-08 15:13:28.412000000
13085,2023-08-08 15:28:27.745999872
71519,2023-08-08 15:38:21.476000000
77146,2023-08-08 15:38:24.960000000
84032,2023-08-08 15:43:25.992999936
38451,2023-08-08 15:48:21.836000000
11220,2023-08-08 16:03:24.348999936
67089,2023-08-08 16:08:25.076000000
84148,2023-08-08 17:13:25.209999872
35033,2023-08-08 17:18:31.299000064
44146,2023-08-08 17:52:11.209999872
71020,2023-08-08 18:48:24.515000064
24551,2023-08-08 18:57:28.187000064
24347,2023-08-08 18:57:32.823000064
24585,2023-08-08 18:57:33.663000064
14166,2023-08-08 21:33:04.430000128
22163,2023-08-09 06:36:13.587000064
32029,2023-08-09 08:16:04.529999872
67202,2023-08-09 08:21:54.472999936
56262,2023-08-09 08:53:22.419000064
22264,2023-08-09 09:24:33.406000128
64545,2023-08-09 09:30:02.711000064
13053,2023-08-09 09:33:18.966000128
16101,2023-08-09 09:48:26.043000064
22194,2023-08-09 09:58:26.916999936
64152,2023-08-09 09:58:49.230000128
56257,2023-08-09 11:03:26.872000000
78015,2023-08-09 11:23:28.420000000
42177,2023-08-09 11:23:29.108999936
83028,2023-08-09 12:03:29.431000064
35347,2023-08-09 12:28:23.415000064
11130,2023-08-09 14:28:23.852999936
62454,2023-08-09 14:28:25.072000000
80252,2023-08-09 14:45:13.904000000
29279,2023-08-09 14:48:26.257999872
67127,2023-08-09 15:03:23.372999936
48094,2023-08-09 15:28:21.596999936
77517,2023-08-09 15:28:27.942000128
67302,2023-08-09 15:33:20.331000064
33421,2023-08-09 15:58:25.808999936
09199,2023-08-09 16:08:29.711000064
80488,2023-08-09 16:13:24.628999936
29273,2023-08-09 16:18:24.592999936
26097,2023-08-09 16:28:25.089999872
39285,2023-08-09 17:03:25.127000064
11018,2023-08-09 17:03:25.616000000
60392,2023-08-09 17:05:06.342000128
41194,2023-08-09 17:08:26.380000000
54431,2023-08-09 17:18:26.244999936
32174,2023-08-09 17:23:23.468000000
34234,2023-08-09 17:23:25.107000064
84080,2023-08-09 17:23:26.308999936
34036,2023-08-09 17:23:26.752000000
34039,2023-08-09 17:28:25.592000000
44108,2023-08-09 17:50:20.143000064
44170,2023-08-09 17:50:20.876999936
44196,2023-08-09 17:50:21.963000064
72090,2023-08-09 17:50:24.390000128
72244,2023-08-09 17:50:25.176000000
85006,2023-08-09 17:50:34.537999872
85017,2023-08-09 17:50:43.636000000
85062,2023-08-09 17:51:14.198000128
85083,2023-08-09 17:51:27.915000064
85089,2023-08-09 17:51:33.379000064
85136,2023-08-09 17:52:20.948999936
85141,2023-08-09 17:52:24.920000000
85148,2023-08-09 17:52:28.939000064
85185,2023-08-09 17:52:54.308999936
85248,2023-08-09 17:53:47.392000000
85254,2023-08-09 17:53:50.951000064
85269,2023-08-09 17:54:02.551000064
85273,2023-08-09 17:54:04.195000064
57352,2023-08-09 18:57:19.660999936
57416,2023-08-09 18:57:21.411000064
57701,2023-08-09 18:57:24.025999872
33281,2023-08-09 18:59:30.620000000
33032,2023-08-09 18:59:36.932000000
14319,2023-08-09 21:32:56.688999936
19086,2023-08-10 06:37:14.840000000
31495,2023-08-10 06:40:36.870000128
2A212,2023-08-10 08:09:51.976000000
81317,2023-08-10 08:38:23.441999872
46073,2023-08-10 08:56:43.179000064
71472,2023-08-10 09:00:23.764999936
32246,2023-08-10 09:05:56.972000000
26252,2023-08-10 09:08:23.331000064
40155,2023-08-10 09:08:25.352000000
26227,2023-08-10 09:22:10.847000064
22364,2023-08-10 09:23:21.748999936
33099,2023-08-10 09:33:24.822000128
66053,2023-08-10 09:38:26.719000064
30050,2023-08-10 09:43:24.208000000
65425,2023-08-10 09:48:23.323000064
57606,2023-08-10 09:48:24.884999936
22148,2023-08-10 10:08:23.231000064
50488,2023-08-10 10:13:22.907000064
56084,2023-08-10 10:48:26.108999936
22294,2023-08-10 10:48:26.692999936
38294,2023-08-10 11:03:27.352000000
42216,2023-08-10 11:33:23.712000000
2A345,2023-08-10 11:38:21.720000000
49369,2023-08-10 11:38:23.759000064
30011,2023-08-10 11:43:24.035000064
77388,2023-08-10 11:43:24.582000128
64345,2023-08-10 11:44:52.198000128
01160,2023-08-10 11:48:28.080000000
88487,2023-08-10 11:53:22.936000000
39397,2023-08-10 12:03:26.590000128
26198,2023-08-10 12:08:26.153999872
33498,2023-08-10 12:23:24.048000000
35168,2023-08-10 12:43:23.488999936
56227,2023-08-10 12:46:47.744999936
32222,2023-08-10 13:23:26.371000064
09064,2023-08-10 13:28:00.911000064
68281,2023-08-10 13:45:35.030000128
31078,2023-08-10 13:53:27.019000064
97410,2023-08-10 14:03:24.660000000
46128,2023-08-10 14:04:05.275000064
29101,2023-08-10 14:04:25.716999936
68006,2023-08-10 14:14:24.208000000
62051,2023-08-10 14:20:24.305999872
22174,2023-08-10 14:25:29.721999872
55569,2023-08-10 14:38:45.433999872
86062,2023-08-10 14:41:02.495000064
64519,2023-08-10 14:41:42.703000064
86233,2023-08-10 14:43:23.782000128
83077,2023-08-10 14:43:24.415000064
01303,2023-08-10 14:50:54.087000064
64017,2023-08-10 14:51:18.712999936
31454,2023-08-10 14:53:51.531000064
41248,2023-08-10 14:54:02.609999872
77320,2023-08-10 14:56:37.799000064
63300,2023-08-10 15:00:33.873999872
31424,2023-08-10 15:12:50.755000064
56166,2023-08-10 15:19:27.555000064
63214,2023-08-10 15:20:36.297999872
64129,2023-08-10 15:24:26.910000128
29197,2023-08-10 15:49:23.511000064
54184,2023-08-10 15:49:26.190000128
89024,2023-08-10 15:49:28.028000000
26369,2023-08-10 15:52:46.147000064
55427,2023-08-10 15:58:00.433999872
61139,2023-08-10 16:00:06.846000128
79162,2023-08-10 16:07:02.568999936
